seqname,paper,context,classification,samplingFrame,legacy_year_approx,collection_date,genbank_collection_date_parsed,genbank_collection_year,genbank_collection_date_precision,geo_loc_name,country,genbank_location,isolation_source,id_inferred_year,id_inferred_location,id_inferred_admin1,id_inferred_admin2,id_inferred_sampling_frame,id_rule_type,id_rule_evidence,best_collection_year,best_location
KF537633,"Complete genome sequence of the last representative genotype ofwild indigenous poliovirus type 1, which circulated in Brazil",Last WPV1 in Brazil 1988,wild,AFP,1988-05-01,1988,,1988,year,Brazil,,Brazil,paralytic polio case,1988,Brazil,Pe,,,country_admin_slash_year,BRA-PE/88,1988,Brazil
KX162709,High-Throughput Next Generation Sequencing of Polioviruses,AFRO 2010-2014,wild,AFP,2011-05-01,18-Sep-2011,2011-09-18,2011,day,Nigeria,,Nigeria,stool,2011,Niger,,,,country_year_case,NIE1116623,2011,Nigeria
KX162708,High-Throughput Next Generation Sequencing of Polioviruses,AFRO 2010-2014,wild,AFP,2011-05-01,04-Sep-2011,2011-09-04,2011,day,Nigeria,,Nigeria,stool,2011,Niger,,,,country_year_case,NIE1116622,2011,Nigeria
KX162695,High-Throughput Next Generation Sequencing of Polioviruses,AFRO 2010-2014,wild,AFP,2014-05-01,29-Apr-2014,2014-04-29,2014,day,Equatorial Guinea,,Equatorial Guinea,stool,,,,,,,,2014,Equatorial Guinea
KX162693,High-Throughput Next Generation Sequencing of Polioviruses,AFRO 2010-2014,wild,AFP,2014-05-01,24-Mar-2014,2014-03-24,2014,day,Equatorial Guinea,,Equatorial Guinea,stool,,,,,,,,2014,Equatorial Guinea
KX162692,High-Throughput Next Generation Sequencing of Polioviruses,AFRO 2010-2014,wild,AFP,2014-05-01,09-Feb-2014,2014-02-09,2014,day,Equatorial Guinea,,Equatorial Guinea,stool,,,,,,,,2014,Equatorial Guinea
KX162691,High-Throughput Next Generation Sequencing of Polioviruses,AFRO 2010-2014,wild,AFP,2014-05-01,02-Jun-2014,2014-06-02,2014,day,Equatorial Guinea,,Equatorial Guinea,stool,,,,,,,,2014,Equatorial Guinea
KX162684,High-Throughput Next Generation Sequencing of Polioviruses,AFRO 2010-2014,wild,AFP,2012-05-01,23-Jun-2012,2012-06-23,2012,day,Chad,,Chad,stool,2012,Chad,,,,country_year_case,CHA1218878,2012,Chad
KX162683,High-Throughput Next Generation Sequencing of Polioviruses,AFRO 2010-2014,wild,AFP,2011-05-01,25-Nov-2011,2011-11-25,2011,day,Chad,,Chad,stool,2011,Chad,,,,country_year_case,CHA1119341,2011,Chad
KX162682,High-Throughput Next Generation Sequencing of Polioviruses,AFRO 2010-2014,wild,AFP,2011-05-01,11-Oct-2011,2011-10-11,2011,day,Central African Republic,,Central African Republic,stool,2020,Central African Republic,,,,country_year_case,CAF2019340,2011,Central African Republic
KX162681,High-Throughput Next Generation Sequencing of Polioviruses,AFRO 2010-2014,wild,AFP,2014-05-01,16-Feb-2014,2014-02-16,2014,day,Cameroon,,Cameroon,stool,2014,Cameroon,,,,country_year_case,CAE1419305,2014,Cameroon
KX162680,High-Throughput Next Generation Sequencing of Polioviruses,AFRO 2010-2014,wild,AFP,2014-05-01,02-Feb-2014,2014-02-02,2014,day,Cameroon,,Cameroon,stool,2014,Cameroon,,,,country_year_case,CAE1419304,2014,Cameroon
KX162679,High-Throughput Next Generation Sequencing of Polioviruses,AFRO 2010-2014,wild,AFP,2014-05-01,23-Jan-2014,2014-01-23,2014,day,Cameroon,,Cameroon,stool,2014,Cameroon,,,,country_year_case,CAE1419303,2014,Cameroon
AF111953,Distribution of wild type 1 poliovirus genotypes in China,China 1989-1991,wild,AFP,1991-05-01,,,,unknown,China,,China,,1991,China,Hebei,,,country_admin_slash_year,CHN-HEBEI/91-2,1991,China
KU161399,Environmental surveillance of viruses by tangential flow filtrationand metagenomic reconstruction,Pak 2013,wild,environmental,2013-05-01,09-Jun-2013,2013-06-09,2013,day,Pakistan: Islamabad,,Pakistan: Islamabad,sewage,2011,Pakistan: Islamabad,,,,geo_loc_slash_or_dash_year,PAK-11,2013,Pakistan: Islamabad
KU161398,Environmental surveillance of viruses by tangential flow filtrationand metagenomic reconstruction,Pak 2013,wild,environmental,2013-05-01,09-Jun-2013,2013-06-09,2013,day,Pakistan: Islamabad,,Pakistan: Islamabad,sewage,2012,Pakistan: Islamabad,,,,geo_loc_slash_or_dash_year,PAK-12,2013,Pakistan: Islamabad
KU161397,Environmental surveillance of viruses by tangential flow filtrationand metagenomic reconstruction,Pak 2013,wild,environmental,2013-05-01,09-Jun-2013,2013-06-09,2013,day,Pakistan: Islamabad,,Pakistan: Islamabad,sewage,,,,,,,,2013,Pakistan: Islamabad
KU161396,Environmental surveillance of viruses by tangential flow filtrationand metagenomic reconstruction,Pak 2013,wild,environmental,2013-05-01,09-Jun-2013,2013-06-09,2013,day,Pakistan: Islamabad,,Pakistan: Islamabad,sewage,,,,,,,,2013,Pakistan: Islamabad
KU161395,Environmental surveillance of viruses by tangential flow filtrationand metagenomic reconstruction,Pak 2013,wild,environmental,2013-05-01,09-Jun-2013,2013-06-09,2013,day,Pakistan: Islamabad,,Pakistan: Islamabad,sewage,,,,,,,,2013,Pakistan: Islamabad
KJ019833,"Genetic analysis and characterization of wild poliovirus type 1during sustained transmission in a population with >95% vaccinecoverage, Israel 2013",Israel 2013,wild,environmental,2013-05-01,2013,,2013,year,Israel,,Israel,,2013,Israel,,,,country_year_case,ISR1318574,2013,Israel
KJ019832,"Genetic analysis and characterization of wild poliovirus type 1during sustained transmission in a population with >95% vaccinecoverage, Israel 2013",Israel 2013,wild,environmental,2013-05-01,2013,,2013,year,Israel,,Israel,,2013,Israel,,,,country_year_case,ISR1318573,2013,Israel
KJ019831,"Genetic analysis and characterization of wild poliovirus type 1during sustained transmission in a population with >95% vaccinecoverage, Israel 2013",Israel 2013,wild,environmental,2013-05-01,2013,,2013,year,Israel,,Israel,,2013,Israel,,,,country_year_case,ISR1318572,2013,Israel
JF838278,Robustness against serum neutralization of a poliovirus type 1 froma lethal epidemic of poliomyelitis in the Republic of Congo in 2010,Republic of Congo 2010,wild,AFP,2010-05-01,2010,,2010,year,Republic of the Congo,,Republic of the Congo,,,,,,,,,2010,Republic of the Congo
KJ155500,"Molecular epidemiology of silent introduction and sustainedtransmission of wild poliovirus type 1, Israel, 2013",Israel and Egypt 2012-2013,wild,environmental,2012-05-01,2012,,2012,year,Egypt,,Egypt,,2012,Egypt,,,,country_year_case,EGY1218586,2012,Egypt
KJ155499,"Molecular epidemiology of silent introduction and sustainedtransmission of wild poliovirus type 1, Israel, 2013",Israel and Egypt 2012-2013,wild,environmental,2012-05-01,2012,,2012,year,Egypt,,Egypt,,2012,Egypt,,,,country_year_case,EGY1218585,2012,Egypt
KJ155496,"Molecular epidemiology of silent introduction and sustainedtransmission of wild poliovirus type 1, Israel, 2013",Israel and Egypt 2012-2013,wild,environmental,2012-05-01,2012,,2012,year,Egypt,,Egypt,,2012,Egypt,,,,country_year_case,EGY1218588,2012,Egypt
KJ155495,"Molecular epidemiology of silent introduction and sustainedtransmission of wild poliovirus type 1, Israel, 2013",Israel and Egypt 2012-2013,wild,environmental,2012-05-01,2012,,2012,year,Egypt,,Egypt,,2012,Egypt,,,,country_year_case,EGY1218587,2012,Egypt
KC880382,The 2010 Outbreak of Poliomyelitis in Tajikistan: the Nature andSome Lessons,TJK 2010,wild,AFP,2010-05-01,02-Jun-2010,2010-06-02,2010,day,Russia: Ekaterinburg,,Russia: Ekaterinburg,AFP case,,,,,,,,2010,Russia: Ekaterinburg
KC880381,The 2010 Outbreak of Poliomyelitis in Tajikistan: the Nature andSome Lessons,TJK 2010,wild,AFP,2010-05-01,04-Jul-2010,2010-07-04,2010,day,Tajikistan: Dushanbe,,Tajikistan: Dushanbe,AFP case,,,,,,,,2010,Tajikistan: Dushanbe
KC880380,The 2010 Outbreak of Poliomyelitis in Tajikistan: the Nature andSome Lessons,TJK 2010,wild,AFP,2010-05-01,08-Jun-2010,2010-06-08,2010,day,Russia: Moscow,,Russia: Moscow,AFP case,,,,,,,,2010,Russia: Moscow
KC880379,The 2010 Outbreak of Poliomyelitis in Tajikistan: the Nature andSome Lessons,TJK 2010,wild,AFP,2010-05-01,26-Apr-2010,2010-04-26,2010,day,Tajikistan: Dushanbe,,Tajikistan: Dushanbe,AFP case,,,,,,,,2010,Tajikistan: Dushanbe
KC880378,The 2010 Outbreak of Poliomyelitis in Tajikistan: the Nature andSome Lessons,TJK 2010,wild,AFP,2010-05-01,09-Jun-2010,2010-06-09,2010,day,Russia: Khabarovsk,,Russia: Khabarovsk,healthy people,,,,,,,,2010,Russia: Khabarovsk
KC880377,The 2010 Outbreak of Poliomyelitis in Tajikistan: the Nature andSome Lessons,TJK 2010,wild,AFP,2010-05-01,14-May-2010,2010-05-14,2010,day,Tajikistan: Nosiri Khisrav,,Tajikistan: Nosiri Khisrav,AFP case,,,,,,,,2010,Tajikistan: Nosiri Khisrav
KC880376,The 2010 Outbreak of Poliomyelitis in Tajikistan: the Nature andSome Lessons,TJK 2010,wild,AFP,2010-05-01,01-Feb-2010,2010-02-01,2010,day,Tajikistan: Rudaki,,Tajikistan: Rudaki,AFP case,,,,,,,,2010,Tajikistan: Rudaki
KC880375,The 2010 Outbreak of Poliomyelitis in Tajikistan: the Nature andSome Lessons,TJK 2010,wild,AFP,2010-05-01,01-Feb-2010,2010-02-01,2010,day,Tajikistan: Rudaki,,Tajikistan: Rudaki,AFP case,,,,,,,,2010,Tajikistan: Rudaki
KC880374,The 2010 Outbreak of Poliomyelitis in Tajikistan: the Nature andSome Lessons,TJK 2010,wild,AFP,2010-05-01,19-Jun-2010,2010-06-19,2010,day,Turkmenistan,,Turkmenistan,AFP case,,,,,,,,2010,Turkmenistan
KC880373,The 2010 Outbreak of Poliomyelitis in Tajikistan: the Nature andSome Lessons,TJK 2010,wild,AFP,2010-05-01,02-Jun-2010,2010-06-02,2010,day,Russia: Chelyabinsk,,Russia: Chelyabinsk,AFP case,,,,,,,,2010,Russia: Chelyabinsk
KC880372,The 2010 Outbreak of Poliomyelitis in Tajikistan: the Nature andSome Lessons,TJK 2010,wild,AFP,2010-05-01,28-Mar-2010,2010-03-28,2010,day,Tajikistan: Shartuz,,Tajikistan: Shartuz,AFP case,,,,,,,,2010,Tajikistan: Shartuz
KC880371,The 2010 Outbreak of Poliomyelitis in Tajikistan: the Nature andSome Lessons,TJK 2010,wild,AFP,2010-05-01,12-Aug-2010,2010-08-12,2010,day,Kazakhstan,,Kazakhstan,AFP case,,,,,,,,2010,Kazakhstan
KC880370,The 2010 Outbreak of Poliomyelitis in Tajikistan: the Nature andSome Lessons,TJK 2010,wild,AFP,2010-05-01,22-Nov-2010,2010-11-22,2010,day,Russia: Dagestan,,Russia: Dagestan,AFP case,,,,,,,,2010,Russia: Dagestan
KC880369,The 2010 Outbreak of Poliomyelitis in Tajikistan: the Nature andSome Lessons,TJK 2010,wild,AFP,2010-05-01,10-Apr-2010,2010-04-10,2010,day,Tajikistan: Bokhtar,,Tajikistan: Bokhtar,AFP case,,,,,,,,2010,Tajikistan: Bokhtar
KC880368,The 2010 Outbreak of Poliomyelitis in Tajikistan: the Nature andSome Lessons,TJK 2010,wild,AFP,2010-05-01,10-Apr-2010,2010-04-10,2010,day,Tajikistan: Bokhtar,,Tajikistan: Bokhtar,AFP case,,,,,,,,2010,Tajikistan: Bokhtar
KC880367,The 2010 Outbreak of Poliomyelitis in Tajikistan: the Nature andSome Lessons,TJK 2010,wild,AFP,2010-05-01,10-Apr-2010,2010-04-10,2010,day,Tajikistan: Bokhtar,,Tajikistan: Bokhtar,AFP case,,,,,,,,2010,Tajikistan: Bokhtar
KC880366,The 2010 Outbreak of Poliomyelitis in Tajikistan: the Nature andSome Lessons,TJK 2010,wild,AFP,2010-05-01,10-Apr-2010,2010-04-10,2010,day,Tajikistan: Bokhtar,,Tajikistan: Bokhtar,AFP case,,,,,,,,2010,Tajikistan: Bokhtar
KC880365,The 2010 Outbreak of Poliomyelitis in Tajikistan: the Nature andSome Lessons,TJK 2010,wild,AFP,2010-05-01,22-Nov-2010,2010-11-22,2010,day,Russia: Dagestan,,Russia: Dagestan,AFP case,,,,,,,,2010,Russia: Dagestan
AY278553,Retrospective analysis of a local cessation of vaccination againstpoliomyelitis: a possible scenario for the future,Belarus 1965,wild,AFP,1965-05-01,,,,unknown,,,,paralytic polio case,,Belarus,,,,legacy_context_year_fallback,no source or isolate/strain year parsed; falling back to legacy year_approx year for triage,1965,Belarus
AF111984,Distribution of wild type 1 poliovirus genotypes in China,China 1989-1991,wild,AFP,1989-05-01,,,,unknown,China,,China,,1989,China,Jiangxi,,,country_admin_slash_year,CHN-JIANGXI/89-1,1989,China
JF313104,Poliovirus reference strains,reference strains 2000-2010,wild,AFP,2009-11-06,2009,,2009,year,Pakistan,,Pakistan,,2009,Pakistan,,,,country_year_case,PAK0911678,2009,Pakistan
EF374030,Calibration of multiple poliovirus molecular clocks covering anextended evolutionary range,South America 1988-1991 and references,wild,AFP,1988-08-16,,,,unknown,Peru,,Peru,,1991,Peru,,,,country_year_optional_case,PER91,1991,Peru
EF374029,Calibration of multiple poliovirus molecular clocks covering anextended evolutionary range,South America 1988-1991 and references,wild,AFP,1991-11-19,,,,unknown,Peru,,Peru,,1988,Peru,,,,country_year_optional_case,PER88-4,1988,Peru
EF374028,Calibration of multiple poliovirus molecular clocks covering anextended evolutionary range,South America 1988-1991 and references,wild,AFP,1989-02-16,,,,unknown,Peru,,Peru,,1988,Peru,,,,country_year_optional_case,PER88-3,1988,Peru
EF374027,Calibration of multiple poliovirus molecular clocks covering anextended evolutionary range,South America 1988-1991 and references,wild,AFP,1989-06-13,,,,unknown,Peru,,Peru,,1988,Peru,,,,country_year_optional_case,PER88-1,1988,Peru
EF374026,Calibration of multiple poliovirus molecular clocks covering anextended evolutionary range,South America 1988-1991 and references,wild,AFP,1991-04-08,,,,unknown,Peru,,Peru,,1988,Peru,,,,country_year_optional_case,PER88-2,1988,Peru
EF374025,Calibration of multiple poliovirus molecular clocks covering anextended evolutionary range,South America 1988-1991 and references,wild,AFP,1988-01-12,,,,unknown,Colombia,,Colombia,,1990,Colombia,,,,country_year_optional_case,COL90-1,1990,Colombia
EF374024,Calibration of multiple poliovirus molecular clocks covering anextended evolutionary range,South America 1988-1991 and references,wild,AFP,1990-04-25,,,,unknown,Ecuador,,Ecuador,,1990,Ecuador,,,,country_year_optional_case,ECU90-2,1990,Ecuador
EF374023,Calibration of multiple poliovirus molecular clocks covering anextended evolutionary range,South America 1988-1991 and references,wild,AFP,1988-10-13,,,,unknown,Ecuador,,Ecuador,,1989,Ecuador,,,,country_year_optional_case,ECU89,1989,Ecuador
EF374022,Calibration of multiple poliovirus molecular clocks covering anextended evolutionary range,South America 1988-1991 and references,wild,AFP,1988-09-06,,,,unknown,Ecuador,,Ecuador,,1990,Ecuador,,,,country_year_optional_case,ECU90-1,1990,Ecuador
EF374021,Calibration of multiple poliovirus molecular clocks covering anextended evolutionary range,South America 1988-1991 and references,wild,AFP,1989-12-04,,,,unknown,Peru,,Peru,,1990,Peru,,,,country_year_optional_case,PER90-1,1990,Peru
EF374020,Calibration of multiple poliovirus molecular clocks covering anextended evolutionary range,South America 1988-1991 and references,wild,AFP,1988-01-11,,,,unknown,Peru,,Peru,,1990,Peru,,,,country_year_optional_case,PER90-2,1990,Peru
EF374019,Calibration of multiple poliovirus molecular clocks covering anextended evolutionary range,South America 1988-1991 and references,wild,AFP,1984-05-01,,,,unknown,Venezuela,,Venezuela,,1984,Venezuela,,,,country_year_optional_case,VEN84,1984,Venezuela
EF374018,Calibration of multiple poliovirus molecular clocks covering anextended evolutionary range,South America 1988-1991 and references,wild,AFP,1983-05-01,,,,unknown,Peru,,Peru,,1983,Peru,,,,country_year_optional_case,PER83,1983,Peru
EF374017,Calibration of multiple poliovirus molecular clocks covering anextended evolutionary range,South America 1988-1991 and references,wild,AFP,1982-05-01,,,,unknown,Venezuela,,Venezuela,,1982,Venezuela,,,,country_year_optional_case,VEN82,1982,Venezuela
EF374016,Calibration of multiple poliovirus molecular clocks covering anextended evolutionary range,South America 1988-1991 and references,wild,AFP,1981-05-01,,,,unknown,Venezuela,,Venezuela,,1981,Venezuela,,,,country_year_optional_case,VEN81-1,1981,Venezuela
EF374015,Calibration of multiple poliovirus molecular clocks covering anextended evolutionary range,South America 1988-1991 and references,wild,AFP,1981-05-01,,,,unknown,Venezuela,,Venezuela,,1981,Venezuela,,,,country_year_optional_case,VEN81-2,1981,Venezuela
EF374013,Calibration of multiple poliovirus molecular clocks covering anextended evolutionary range,South America 1988-1991 and references,wild,AFP,1988-11-01,,,,unknown,Colombia,,Colombia,,1986,Colombia,,,,country_year_optional_case,COL86,1986,Colombia
EF374014,Calibration of multiple poliovirus molecular clocks covering anextended evolutionary range,South America 1988-1991 and references,wild,AFP,1991-02-28,,,,unknown,Venezuela,,Venezuela,,1988,Venezuela,,,,country_year_optional_case,VEN88-2,1988,Venezuela
EF374012,Calibration of multiple poliovirus molecular clocks covering anextended evolutionary range,South America 1988-1991 and references,wild,AFP,1989-07-28,,,,unknown,Venezuela,,Venezuela,,1988,Venezuela,,,,country_year_optional_case,VEN88-1,1988,Venezuela
EF374011,Calibration of multiple poliovirus molecular clocks covering anextended evolutionary range,South America 1988-1991 and references,wild,AFP,1991-03-26,,,,unknown,Colombia,,Colombia,,1989,Colombia,,,,country_year_optional_case,COL89,1989,Colombia
EF374010,Calibration of multiple poliovirus molecular clocks covering anextended evolutionary range,South America 1988-1991 and references,wild,AFP,1990-09-02,,,,unknown,Colombia,,Colombia,,1990,Colombia,,,,country_year_optional_case,COL90-4,1990,Colombia
EF374009,Calibration of multiple poliovirus molecular clocks covering anextended evolutionary range,South America 1988-1991 and references,wild,AFP,1989-03-17,,,,unknown,Colombia,,Colombia,,1990,Colombia,,,,country_year_optional_case,COL90-3,1990,Colombia
EF374008,Calibration of multiple poliovirus molecular clocks covering anextended evolutionary range,South America 1988-1991 and references,wild,AFP,1990-01-25,,,,unknown,Colombia,,Colombia,,1991,Colombia,,,,country_year_optional_case,COL91-2,1991,Colombia
EF374007,Calibration of multiple poliovirus molecular clocks covering anextended evolutionary range,South America 1988-1991 and references,wild,AFP,1990-06-18,,,,unknown,Colombia,,Colombia,,1991,Colombia,,,,country_year_optional_case,COL91-3,1991,Colombia
EF374006,Calibration of multiple poliovirus molecular clocks covering anextended evolutionary range,South America 1988-1991 and references,wild,AFP,1988-05-24,,,,unknown,Colombia,,Colombia,,1990,Colombia,,,,country_year_optional_case,COL90-2,1990,Colombia
EF374005,Calibration of multiple poliovirus molecular clocks covering anextended evolutionary range,South America 1988-1991 and references,wild,AFP,1991-04-17,,,,unknown,Colombia,,Colombia,,1991,Colombia,,,,country_year_optional_case,COL91-5,1991,Colombia
EF374004,Calibration of multiple poliovirus molecular clocks covering anextended evolutionary range,South America 1988-1991 and references,wild,AFP,1988-04-20,,,,unknown,Colombia,,Colombia,,1991,Colombia,,,,country_year_optional_case,COL91-8,1991,Colombia
EF374003,Calibration of multiple poliovirus molecular clocks covering anextended evolutionary range,South America 1988-1991 and references,wild,AFP,1990-09-16,,,,unknown,Colombia,,Colombia,,1991,Colombia,,,,country_year_optional_case,COL91-1,1991,Colombia
EF374002,Calibration of multiple poliovirus molecular clocks covering anextended evolutionary range,South America 1988-1991 and references,wild,AFP,1988-07-02,,,,unknown,Colombia,,Colombia,,1991,Colombia,,,,country_year_optional_case,COL91-7,1991,Colombia
EF374001,Calibration of multiple poliovirus molecular clocks covering anextended evolutionary range,South America 1988-1991 and references,wild,AFP,1990-02-18,,,,unknown,Colombia,,Colombia,,1991,Colombia,,,,country_year_optional_case,COL91-4,1991,Colombia
EF374000,Calibration of multiple poliovirus molecular clocks covering anextended evolutionary range,South America 1988-1991 and references,wild,AFP,1991-03-18,,,,unknown,Colombia,,Colombia,,1991,Colombia,,,,country_year_optional_case,COL91-6,1991,Colombia
KF990617,Direct Submission,Pak 2012,wild,AFP,2012-05-01,2012,,2012,year,Pakistan,,Pakistan,,2012,Pakistan,,,,country_year_case,PAK1218310,2012,Pakistan
KF990616,Direct Submission,Pak 2012,wild,AFP,2012-05-01,2012,,2012,year,Pakistan,,Pakistan,,2012,Pakistan,,,,country_year_case,PAK1218309,2012,Pakistan
KF990615,Direct Submission,Pak 2012,wild,AFP,2012-05-01,2012,,2012,year,Pakistan,,Pakistan,,2012,Pakistan,,,,country_year_case,PAK1218308,2012,Pakistan
KJ013424,"Molecular epidemiology of silent introduction and sustainedtransmission of wild poliovirus type 1, Israel, 2013",Israel and Egypt 2012-2013,wild,environmental,2013-05-01,10-Jun-2013,2013-06-10,2013,day,Israel,,Israel,Kiryat Gat Treatment Plant,2013,Israel,,,,pv_lab_country_year,PV1_8150-PL1_ISR13,2013,Israel
KJ013423,"Molecular epidemiology of silent introduction and sustainedtransmission of wild poliovirus type 1, Israel, 2013",Israel and Egypt 2012-2013,wild,environmental,2013-05-01,10-Jun-2013,2013-06-10,2013,day,Israel,,Israel,Be'er Sheva Treatment Plant,2013,Israel,,,,pv_lab_country_year,PV1_8149-PL2_ISR13,2013,Israel
KJ013422,"Molecular epidemiology of silent introduction and sustainedtransmission of wild poliovirus type 1, Israel, 2013",Israel and Egypt 2012-2013,wild,environmental,2013-05-01,05-Jun-2013,2013-06-05,2013,day,Israel,,Israel,Shoket Treatment Plant,2013,Israel,,,,pv_lab_country_year,PV1_8145-PL2_ISR13,2013,Israel
KJ013421,"Molecular epidemiology of silent introduction and sustainedtransmission of wild poliovirus type 1, Israel, 2013",Israel and Egypt 2012-2013,wild,environmental,2013-05-01,03-Jun-2013,2013-06-03,2013,day,Israel,,Israel,Rahat Treatment Plant,2013,Israel,,,,pv_lab_country_year,PV1_8140-PL9_ISR13,2013,Israel
KJ013420,"Molecular epidemiology of silent introduction and sustainedtransmission of wild poliovirus type 1, Israel, 2013",Israel and Egypt 2012-2013,wild,environmental,2013-05-01,09-Apr-2013,2013-04-09,2013,day,Israel,,Israel,Rahat Treatment Plant,2013,Israel,,,,pv_lab_country_year,PV1_8099-PL9_ISR13,2013,Israel
KJ013419,"Molecular epidemiology of silent introduction and sustainedtransmission of wild poliovirus type 1, Israel, 2013",Israel and Egypt 2012-2013,wild,environmental,2013-05-01,13-Feb-2013,2013-02-13,2013,day,Israel,,Israel,Be'er Sheva Treatment Plant,2013,Israel,,,,pv_lab_country_year,PV1_8062-PL1_ISR13,2013,Israel
AY056703,Investigation of the presence of recombinant polioviruses in thehit population in Albania during the 1996 outbreak,Albania 1996,wild,AFP,1996-05-01,,,,unknown,,,,,1996,Albania,,,,case_country_year,4019ALB96,1996,Albania
AY056702,Investigation of the presence of recombinant polioviruses in thehit population in Albania during the 1996 outbreak,Albania 1996,wild,AFP,1996-05-01,,,,unknown,,,,,1996,Albania,,,,case_country_year,3914ALB96,1996,Albania
AY056701,Investigation of the presence of recombinant polioviruses in thehit population in Albania during the 1996 outbreak,Albania 1996,wild,AFP,1996-05-01,,,,unknown,,,,,1996,Albania,,,,case_country_year,3788ALB96,1996,Albania
AY956410,Molecular Characterization of Wild-Type Polioviruses Isolated inGreece during the 1996 Outbreak in Albania,Albania 1996,wild,AFP,1996-05-01,,,,unknown,,,,,1996,Greece,,,,embedded_country_four_digit_year,KARGRE1996,1996,Greece
AY956409,Molecular Characterization of Wild-Type Polioviruses Isolated inGreece during the 1996 Outbreak in Albania,Albania 1996,wild,AFP,1996-05-01,,,,unknown,,,,,1996,Greece,,,,embedded_country_four_digit_year,HALGRE1996,1996,Greece
AY956408,Molecular Characterization of Wild-Type Polioviruses Isolated inGreece during the 1996 Outbreak in Albania,Albania 1996,wild,AFP,1996-05-01,,,,unknown,,,,,1996,Greece,,,,embedded_country_four_digit_year,KATSGRE1996,1996,Greece
JF838289,Robustness against serum neutralization of a poliovirus type 1 froma lethal epidemic of poliomyelitis in the Republic of Congo in 2010,Republic of Congo 2010,wild,AFP,2010-05-01,2010,,2010,year,Republic of the Congo,,Republic of the Congo,,2023,Republic of the Congo,,,,geo_loc_slash_or_dash_year,RC2010-23,2010,Republic of the Congo
JF838288,Robustness against serum neutralization of a poliovirus type 1 froma lethal epidemic of poliomyelitis in the Republic of Congo in 2010,Republic of Congo 2010,wild,AFP,2010-05-01,2010,,2010,year,Republic of the Congo,,Republic of the Congo,,,,,,,,,2010,Republic of the Congo
JF838287,Robustness against serum neutralization of a poliovirus type 1 froma lethal epidemic of poliomyelitis in the Republic of Congo in 2010,Republic of Congo 2010,wild,AFP,2010-05-01,2010,,2010,year,Republic of the Congo,,Republic of the Congo,,,,,,,,,2010,Republic of the Congo
JF838286,Robustness against serum neutralization of a poliovirus type 1 froma lethal epidemic of poliomyelitis in the Republic of Congo in 2010,Republic of Congo 2010,wild,AFP,2010-05-01,2010,,2010,year,Republic of the Congo,,Republic of the Congo,,,,,,,,,2010,Republic of the Congo
JF838285,Robustness against serum neutralization of a poliovirus type 1 froma lethal epidemic of poliomyelitis in the Republic of Congo in 2010,Republic of Congo 2010,wild,AFP,2010-05-01,2010,,2010,year,Republic of the Congo,,Republic of the Congo,,,,,,,,,2010,Republic of the Congo
JF838284,Robustness against serum neutralization of a poliovirus type 1 froma lethal epidemic of poliomyelitis in the Republic of Congo in 2010,Republic of Congo 2010,wild,AFP,2010-05-01,2010,,2010,year,Republic of the Congo,,Republic of the Congo,,,,,,,,,2010,Republic of the Congo
JF838283,Robustness against serum neutralization of a poliovirus type 1 froma lethal epidemic of poliomyelitis in the Republic of Congo in 2010,Republic of Congo 2010,wild,AFP,2010-05-01,2010,,2010,year,Republic of the Congo,,Republic of the Congo,,,,,,,,,2010,Republic of the Congo
JF838282,Robustness against serum neutralization of a poliovirus type 1 froma lethal epidemic of poliomyelitis in the Republic of Congo in 2010,Republic of Congo 2010,wild,AFP,2010-05-01,2010,,2010,year,Republic of the Congo,,Republic of the Congo,,,,,,,,,2010,Republic of the Congo
JF838281,Robustness against serum neutralization of a poliovirus type 1 froma lethal epidemic of poliomyelitis in the Republic of Congo in 2010,Republic of Congo 2010,wild,AFP,2010-05-01,2010,,2010,year,Republic of the Congo,,Republic of the Congo,,,,,,,,,2010,Republic of the Congo
JF838280,Robustness against serum neutralization of a poliovirus type 1 froma lethal epidemic of poliomyelitis in the Republic of Congo in 2010,Republic of Congo 2010,wild,AFP,2010-05-01,2010,,2010,year,Republic of the Congo,,Republic of the Congo,,2020,Republic of the Congo,,,,geo_loc_slash_or_dash_year,RC2010-20,2010,Republic of the Congo
JF838279,Robustness against serum neutralization of a poliovirus type 1 froma lethal epidemic of poliomyelitis in the Republic of Congo in 2010,Republic of Congo 2010,wild,AFP,2010-05-01,2010,,2010,year,Republic of the Congo,,Republic of the Congo,,2021,Republic of the Congo,,,,geo_loc_slash_or_dash_year,RC2010-21,2010,Republic of the Congo
AM056055,Advanced environmental surveillance and molecular analyses indicateseparate importations rather than endemic circulation of wild type 1 poliovirus in Gaza district in 2002,Gaza 2002 imported from Egypt,wild,environmental,2002-05-01,,,,unknown,,,,,2002,Palestine,,,,pv_lab_country_year,PV1_5763-1T_PAL02,2002,Palestine
AM056056,Advanced environmental surveillance and molecular analyses indicateseparate importations rather than endemic circulation of wild type 1 poliovirus in Gaza district in 2002,Gaza 2002 imported from Egypt,wild,environmental,2002-05-01,,,,unknown,,,,,2002,Palestine,,,,pv_lab_country_year,PV1_5816-2T_PAL02,2002,Palestine
KX828560,"Wild and vaccine-derived Poliovirus detection through environmentalsurveillance: Sao Paulo, Brazil, 2014",Brazil 2014 from West Africa,wild,environmental,2014-05-01,2014,,2014,year,"Brazil: Sao Paulo, Viracopos Internacional Airport",,"Brazil: Sao Paulo, Viracopos Internacional Airport",sewage,,,,,,,,2014,"Brazil: Sao Paulo, Viracopos Internacional Airport"
KU925284,Importation and outbreak of wild polioviruses from 2000 to 2014 andinterruption of transmission in Cameroon,Cameroon 2002-2014,wild,AFP,2014-05-01,2014,,2014,year,Cameroon,,Cameroon,,2014,Cameroon,,,,country_year_case,CAE1419307,2014,Cameroon
KU925283,Importation and outbreak of wild polioviruses from 2000 to 2014 andinterruption of transmission in Cameroon,Cameroon 2002-2014,wild,AFP,2014-05-01,2014,,2014,year,Cameroon,,Cameroon,,2014,Cameroon,,,,country_year_case,CAE1419306,2014,Cameroon
KU925282,Importation and outbreak of wild polioviruses from 2000 to 2014 andinterruption of transmission in Cameroon,Cameroon 2002-2014,wild,AFP,2014-05-01,2014,,2014,year,Cameroon,,Cameroon,,2014,Cameroon,,,,country_year_case,CAE1419305,2014,Cameroon
KU925281,Importation and outbreak of wild polioviruses from 2000 to 2014 andinterruption of transmission in Cameroon,Cameroon 2002-2014,wild,AFP,2014-05-01,2014,,2014,year,Cameroon,,Cameroon,,2014,Cameroon,,,,country_year_case,CAE1419304,2014,Cameroon
KU925280,Importation and outbreak of wild polioviruses from 2000 to 2014 andinterruption of transmission in Cameroon,Cameroon 2002-2014,wild,AFP,2014-05-01,2014,,2014,year,Cameroon,,Cameroon,,2014,Cameroon,,,,country_year_case,CAE1419303,2014,Cameroon
KU925279,Importation and outbreak of wild polioviruses from 2000 to 2014 andinterruption of transmission in Cameroon,Cameroon 2002-2014,wild,AFP,2014-05-01,2013,,2013,year,Cameroon,,Cameroon,,2013,Cameroon,,,,country_year_case,CAE1319302,2013,Cameroon
KU925278,Importation and outbreak of wild polioviruses from 2000 to 2014 andinterruption of transmission in Cameroon,Cameroon 2002-2014,wild,AFP,2013-05-01,2013,,2013,year,Cameroon,,Cameroon,,2013,Cameroon,,,,country_year_case,CAE1319301,2013,Cameroon
KU925277,Importation and outbreak of wild polioviruses from 2000 to 2014 andinterruption of transmission in Cameroon,Cameroon 2002-2014,wild,AFP,2013-05-01,2013,,2013,year,Cameroon,,Cameroon,,2013,Cameroon,,,,country_year_case,CAE1319300,2013,Cameroon
KU925276,Importation and outbreak of wild polioviruses from 2000 to 2014 andinterruption of transmission in Cameroon,Cameroon 2002-2014,wild,AFP,2013-05-01,2013,,2013,year,Cameroon,,Cameroon,,2013,Cameroon,,,,country_year_case,CAE1319299,2013,Cameroon
KU925275,Importation and outbreak of wild polioviruses from 2000 to 2014 andinterruption of transmission in Cameroon,Cameroon 2002-2014,wild,AFP,2011-05-01,2011,,2011,year,Chad,,Chad,,2011,Chad,,,,country_year_case,CHA1119298,2011,Chad
KU925274,Importation and outbreak of wild polioviruses from 2000 to 2014 andinterruption of transmission in Cameroon,Cameroon 2002-2014,wild,AFP,2010-05-01,2010,,2010,year,Chad,,Chad,,2010,Chad,,,,country_year_case,CHA1019297,2010,Chad
KU925273,Importation and outbreak of wild polioviruses from 2000 to 2014 andinterruption of transmission in Cameroon,Cameroon 2002-2014,wild,AFP,2010-05-01,2010,,2010,year,Chad,,Chad,,2010,Chad,,,,country_year_case,CHA1019296,2010,Chad
KU925272,Importation and outbreak of wild polioviruses from 2000 to 2014 andinterruption of transmission in Cameroon,Cameroon 2002-2014,wild,AFP,2010-05-01,2010,,2010,year,Nigeria,,Nigeria,,2010,Niger,,,,country_year_case,NIE1019295,2010,Nigeria
KU925271,Importation and outbreak of wild polioviruses from 2000 to 2014 andinterruption of transmission in Cameroon,Cameroon 2002-2014,wild,AFP,2003-05-01,2003,,2003,year,Nigeria,,Nigeria,,2003,Niger,,,,country_year_case,NIE0319294,2003,Nigeria
KU925270,Importation and outbreak of wild polioviruses from 2000 to 2014 andinterruption of transmission in Cameroon,Cameroon 2002-2014,wild,AFP,2002-05-01,2002,,2002,year,Nigeria,,Nigeria,,2002,Niger,,,,country_year_case,NIE0219293,2002,Nigeria
KU925269,Importation and outbreak of wild polioviruses from 2000 to 2014 andinterruption of transmission in Cameroon,Cameroon 2002-2014,wild,AFP,2004-05-01,2003,,2003,year,Chad,,Chad,,2003,Chad,,,,country_year_case,CHA0319292,2003,Chad
KU925268,Importation and outbreak of wild polioviruses from 2000 to 2014 andinterruption of transmission in Cameroon,Cameroon 2002-2014,wild,AFP,2006-05-01,2006,,2006,year,Nigeria,,Nigeria,,2006,Niger,,,,country_year_case,NIE0619291,2006,Nigeria
KU925267,Importation and outbreak of wild polioviruses from 2000 to 2014 andinterruption of transmission in Cameroon,Cameroon 2002-2014,wild,AFP,2006-05-01,2006,,2006,year,Nigeria,,Nigeria,,2006,Niger,,,,country_year_case,NIE0619290,2006,Nigeria
KU925266,Importation and outbreak of wild polioviruses from 2000 to 2014 andinterruption of transmission in Cameroon,Cameroon 2002-2014,wild,AFP,2004-05-01,2004,,2004,year,Nigeria,,Nigeria,,2004,Niger,,,,country_year_case,NIE0419289,2004,Nigeria
KU925265,Importation and outbreak of wild polioviruses from 2000 to 2014 andinterruption of transmission in Cameroon,Cameroon 2002-2014,wild,AFP,2003-05-01,2003,,2003,year,Nigeria,,Nigeria,,2003,Niger,,,,country_year_case,NIE0319288,2003,Nigeria
KU925264,Importation and outbreak of wild polioviruses from 2000 to 2014 andinterruption of transmission in Cameroon,Cameroon 2002-2014,wild,AFP,2002-05-01,2002,,2002,year,Nigeria,,Nigeria,,2002,Niger,,,,country_year_case,NIE0219287,2002,Nigeria
KU925263,Importation and outbreak of wild polioviruses from 2000 to 2014 andinterruption of transmission in Cameroon,Cameroon 2002-2014,wild,AFP,2004-05-01,2004,,2004,year,Central African Republic,,Central African Republic,,2004,Central African Republic,,,,country_year_case,CAF0419286,2004,Central African Republic
KU925262,Importation and outbreak of wild polioviruses from 2000 to 2014 andinterruption of transmission in Cameroon,Cameroon 2002-2014,wild,AFP,2004-05-01,2004,,2004,year,Cameroon,,Cameroon,,2004,Cameroon,,,,country_year_case,CAE0419285,2004,Cameroon
KU925261,Importation and outbreak of wild polioviruses from 2000 to 2014 andinterruption of transmission in Cameroon,Cameroon 2002-2014,wild,AFP,2004-05-01,2004,,2004,year,Cameroon,,Cameroon,,2004,Cameroon,,,,country_year_case,CAE0419284,2004,Cameroon
KU925260,Importation and outbreak of wild polioviruses from 2000 to 2014 andinterruption of transmission in Cameroon,Cameroon 2002-2014,wild,AFP,2004-05-01,2004,,2004,year,Cameroon,,Cameroon,,2004,Cameroon,,,,country_year_case,CAE0419283,2004,Cameroon
KU925259,Importation and outbreak of wild polioviruses from 2000 to 2014 andinterruption of transmission in Cameroon,Cameroon 2002-2014,wild,AFP,2004-05-01,2004,,2004,year,Cameroon,,Cameroon,,2004,Cameroon,,,,country_year_case,CAE0419282,2004,Cameroon
KU925258,Importation and outbreak of wild polioviruses from 2000 to 2014 andinterruption of transmission in Cameroon,Cameroon 2002-2014,wild,AFP,2004-05-01,2004,,2004,year,Cameroon,,Cameroon,,2004,Cameroon,,,,country_year_case,CAE0419281,2004,Cameroon
KU925257,Importation and outbreak of wild polioviruses from 2000 to 2014 andinterruption of transmission in Cameroon,Cameroon 2002-2014,wild,AFP,2004-05-01,2004,,2004,year,Cameroon,,Cameroon,,2004,Cameroon,,,,country_year_case,CAE0419280,2004,Cameroon
KU925256,Importation and outbreak of wild polioviruses from 2000 to 2014 andinterruption of transmission in Cameroon,Cameroon 2002-2014,wild,AFP,2004-05-01,2004,,2004,year,Cameroon,,Cameroon,,2004,Cameroon,,,,country_year_case,CAE0419279,2004,Cameroon
KU925255,Importation and outbreak of wild polioviruses from 2000 to 2014 andinterruption of transmission in Cameroon,Cameroon 2002-2014,wild,AFP,2004-05-01,2004,,2004,year,Cameroon,,Cameroon,,2004,Cameroon,,,,country_year_case,CAE0419278,2004,Cameroon
KU925254,Importation and outbreak of wild polioviruses from 2000 to 2014 andinterruption of transmission in Cameroon,Cameroon 2002-2014,wild,AFP,2003-05-01,2003,,2003,year,Cameroon,,Cameroon,,2003,Cameroon,,,,country_year_case,CAE0319277,2003,Cameroon
KU925253,Importation and outbreak of wild polioviruses from 2000 to 2014 andinterruption of transmission in Cameroon,Cameroon 2002-2014,wild,AFP,2006-05-01,2006,,2006,year,Cameroon,,Cameroon,,2006,Cameroon,,,,country_year_case,CAE0619276,2006,Cameroon
KU925252,Importation and outbreak of wild polioviruses from 2000 to 2014 andinterruption of transmission in Cameroon,Cameroon 2002-2014,wild,AFP,2004-05-01,2004,,2004,year,Cameroon,,Cameroon,,2004,Cameroon,,,,country_year_case,CAE0419275,2004,Cameroon
KU925251,Importation and outbreak of wild polioviruses from 2000 to 2014 andinterruption of transmission in Cameroon,Cameroon 2002-2014,wild,AFP,2003-05-01,2003,,2003,year,Cameroon,,Cameroon,,2003,Cameroon,,,,country_year_case,CAE0319274,2003,Cameroon
KU925250,Importation and outbreak of wild polioviruses from 2000 to 2014 andinterruption of transmission in Cameroon,Cameroon 2002-2014,wild,AFP,2005-05-01,2005,,2005,year,Cameroon,,Cameroon,,2005,Cameroon,,,,country_year_case,CAE0519273,2005,Cameroon
KU925249,Importation and outbreak of wild polioviruses from 2000 to 2014 andinterruption of transmission in Cameroon,Cameroon 2002-2014,wild,AFP,2004-05-01,2004,,2004,year,Cameroon,,Cameroon,,2004,Cameroon,,,,country_year_case,CAE0419272,2004,Cameroon
KU925248,Importation and outbreak of wild polioviruses from 2000 to 2014 andinterruption of transmission in Cameroon,Cameroon 2002-2014,wild,AFP,2002-05-01,2004,,2004,year,Cameroon,,Cameroon,,2004,Cameroon,,,,country_year_case,CAE0419271,2004,Cameroon
KU925247,Importation and outbreak of wild polioviruses from 2000 to 2014 andinterruption of transmission in Cameroon,Cameroon 2002-2014,wild,AFP,2004-05-01,2004,,2004,year,Cameroon,,Cameroon,,2004,Cameroon,,,,country_year_case,CAE0419270,2004,Cameroon
AF405657,Outbreak of poliomyelitis in Hispaniola associated with circulatingtype 1 vaccine-derived poliovirus,cVPDV1 hispaniola context,wild,AFP,2000-07-19,,,,unknown,,,,,1991,Colombia,,,,country_year_optional_case,COL91-0896,1991,Colombia
AF405661,Outbreak of poliomyelitis in Hispaniola associated with circulatingtype 1 vaccine-derived poliovirus,cVPDV1 hispaniola context,wild,AFP,2000-07-19,,,,unknown,,,,,2000,Somalia,,,,country_year_case,SOM0022669,2000,Somalia
AF405660,Outbreak of poliomyelitis in Hispaniola associated with circulatingtype 1 vaccine-derived poliovirus,cVPDV1 hispaniola context,wild,AFP,1999-07-19,,,,unknown,,,,,2000,Egypt,,,,country_year_case,EGY0023372,2000,Egypt
AF405659,Outbreak of poliomyelitis in Hispaniola associated with circulatingtype 1 vaccine-derived poliovirus,cVPDV1 hispaniola context,wild,AFP,2000-07-19,,,,unknown,,,,,2000,Ethiopia,,,,country_year_case,ETH0012926,2000,Ethiopia
AF405658,Outbreak of poliomyelitis in Hispaniola associated with circulatingtype 1 vaccine-derived poliovirus,cVPDV1 hispaniola context,wild,AFP,2000-07-19,,,,unknown,,,,,1999,Iraq,,,,country_year_case,IRQ9916231,1999,Iraq
AF405656,Outbreak of poliomyelitis in Hispaniola associated with circulatingtype 1 vaccine-derived poliovirus,cVPDV1 hispaniola context,wild,AFP,2000-07-19,,,,unknown,,,,,1991,Peru,,,,country_year_optional_case,PER91-5209,1991,Peru
AF405655,Outbreak of poliomyelitis in Hispaniola associated with circulatingtype 1 vaccine-derived poliovirus,cVPDV1 hispaniola context,wild,AFP,1999-07-19,,,,unknown,,,,,1999,Sierra Leone,,,,country_year_case,SIL9923093,1999,Sierra Leone
AF405654,Outbreak of poliomyelitis in Hispaniola associated with circulatingtype 1 vaccine-derived poliovirus,cVPDV1 hispaniola context,wild,AFP,2000-07-19,,,,unknown,,,,,2000,Angola,,,,country_year_case,ANG0018044,2000,Angola
AF405653,Outbreak of poliomyelitis in Hispaniola associated with circulatingtype 1 vaccine-derived poliovirus,cVPDV1 hispaniola context,wild,AFP,2000-07-19,,,,unknown,,,,,1999,Cameroon,,,,country_year_case,CAE9923175,1999,Cameroon
AF405652,Outbreak of poliomyelitis in Hispaniola associated with circulatingtype 1 vaccine-derived poliovirus,cVPDV1 hispaniola context,wild,AFP,2000-07-19,,,,unknown,,,,,1999,Central African Republic,,,,country_year_case,CAF9923151,1999,Central African Republic
AF405650,Outbreak of poliomyelitis in Hispaniola associated with circulatingtype 1 vaccine-derived poliovirus,cVPDV1 hispaniola context,wild,AFP,1999-07-19,,,,unknown,,,,,1999,Niger,,,,country_year_case,NIE9922405,1999,Niger
AF405649,Outbreak of poliomyelitis in Hispaniola associated with circulatingtype 1 vaccine-derived poliovirus,cVPDV1 hispaniola context,wild,AFP,2000-07-19,,,,unknown,,,,,1999,Ghana,,,,country_year_case,GHA9922471,1999,Ghana
AF405648,Outbreak of poliomyelitis in Hispaniola associated with circulatingtype 1 vaccine-derived poliovirus,cVPDV1 hispaniola context,wild,AFP,2000-07-19,,,,unknown,,,,,1999,Niger,,,,country_year_case,NIE9922401,1999,Niger
AF405647,Outbreak of poliomyelitis in Hispaniola associated with circulatingtype 1 vaccine-derived poliovirus,cVPDV1 hispaniola context,wild,AFP,1999-07-19,,,,unknown,,,,,1999,Bangladesh,,,,country_year_case,BAN9923219,1999,Bangladesh
AF405646,Outbreak of poliomyelitis in Hispaniola associated with circulatingtype 1 vaccine-derived poliovirus,cVPDV1 hispaniola context,wild,AFP,1999-07-19,,,,unknown,,,,,1999,India,,,,country_year_case,IND9922693,1999,India
AF405645,Outbreak of poliomyelitis in Hispaniola associated with circulatingtype 1 vaccine-derived poliovirus,cVPDV1 hispaniola context,wild,AFP,1999-07-19,,,,unknown,,,,,1999,Bangladesh,,,,country_year_case,BAN9923217,1999,Bangladesh
AF405644,Outbreak of poliomyelitis in Hispaniola associated with circulatingtype 1 vaccine-derived poliovirus,cVPDV1 hispaniola context,wild,AFP,2000-07-19,,,,unknown,,,,,1999,India,,,,country_year_case,IND9922723,1999,India
AF405643,Outbreak of poliomyelitis in Hispaniola associated with circulatingtype 1 vaccine-derived poliovirus,cVPDV1 hispaniola context,wild,AFP,1999-05-01,,,,unknown,,,,,1999,Chad,,,,country_year_case,CHA9923131,1999,Chad
AF405642,Outbreak of poliomyelitis in Hispaniola associated with circulatingtype 1 vaccine-derived poliovirus,cVPDV1 hispaniola context,wild,AFP,1999-05-01,,,,unknown,,,,,2000,Sudan,,,,country_year_case,SUD0023369,2000,Sudan
AF405641,Outbreak of poliomyelitis in Hispaniola associated with circulatingtype 1 vaccine-derived poliovirus,cVPDV1 hispaniola context,wild,AFP,1999-05-01,,,,unknown,,,,,2000,Pakistan,,,,country_year_case,PAK0023500,2000,Pakistan
AF405640,Outbreak of poliomyelitis in Hispaniola associated with circulatingtype 1 vaccine-derived poliovirus,cVPDV1 hispaniola context,wild,AFP,2000-05-01,,,,unknown,,,,,2000,Afghanistan,,,,country_year_case,AFG0039487,2000,Afghanistan
AF405639,Outbreak of poliomyelitis in Hispaniola associated with circulatingtype 1 vaccine-derived poliovirus,cVPDV1 hispaniola context,wild,AFP,2000-05-01,,,,unknown,,,,,2000,Pakistan,,,,country_year_case,PAK0011145,2000,Pakistan
AF405638,Outbreak of poliomyelitis in Hispaniola associated with circulatingtype 1 vaccine-derived poliovirus,cVPDV1 hispaniola context,wild,AFP,1988-05-01,,,,unknown,,,,,1988,Brazil,,,,country_year_optional_case,BRA88-9188,1988,Brazil
AF405637,Outbreak of poliomyelitis in Hispaniola associated with circulatingtype 1 vaccine-derived poliovirus,cVPDV1 hispaniola context,wild,AFP,1985-05-01,,,,unknown,,,,,1985,Haiti,,,,country_year_optional_case,HAI85-5905,1985,Haiti
AF405636,Outbreak of poliomyelitis in Hispaniola associated with circulatingtype 1 vaccine-derived poliovirus,cVPDV1 hispaniola context,wild,AFP,1985-05-01,,,,unknown,,,,,1985,Dominican Republic,,,,country_year_optional_case,DOR85-6355,1985,Dominican Republic
JF313102,Poliovirus reference strains,reference strains 2000-2010,wild,AFP,2010-06-03,2009,,2009,year,Angola,,Angola,,2009,Angola,,,,country_year_case,ANG0911676,2009,Angola
JF313101,Poliovirus reference strains,reference strains 2000-2010,wild,AFP,2010-03-03,2010,,2010,year,Chad,,Chad,,2010,Chad,,,,country_year_case,CHA1011675,2010,Chad
JF313100,Poliovirus reference strains,reference strains 2000-2010,wild,AFP,2009-03-23,2009,,2009,year,Guinea,,Guinea,,2009,Guinea,,,,country_year_case,GUI0911674,2009,Guinea
JF313099,Poliovirus reference strains,reference strains 2000-2010,wild,AFP,2000-05-01,2010,,2010,year,Democratic Republic of the Congo,,Democratic Republic of the Congo,,2010,Democratic Republic of Congo,,,,country_year_case,RDC1011673,2010,Democratic Republic of the Congo
EU046227,Identification and characterization of poliovirus type 1 (Indiagenotype) during the outbreak of poliomyelitis in Africa,DRC 2006,wild,AFP,2006-05-01,,,,unknown,Democratic Republic of the Congo,,Democratic Republic of the Congo,,2006,Democratic Republic of Congo,BCG,MAT,,gpei_epid_admin_year_case,RDC-BCG-MAT-06-001,2006,Democratic Republic of the Congo
EU046226,Identification and characterization of poliovirus type 1 (Indiagenotype) during the outbreak of poliomyelitis in Africa,DRC 2006,wild,AFP,2006-05-01,,,,unknown,Democratic Republic of the Congo,,Democratic Republic of the Congo,,2006,Democratic Republic of Congo,BCG,SEK,,gpei_epid_admin_year_case,RDC-BCG-SEK-06-004,2006,Democratic Republic of the Congo
EU046225,Identification and characterization of poliovirus type 1 (Indiagenotype) during the outbreak of poliomyelitis in Africa,DRC 2006,wild,AFP,2006-05-01,,,,unknown,Democratic Republic of the Congo,,Democratic Republic of the Congo,,2006,Democratic Republic of Congo,BCG,BOM,,gpei_epid_admin_year_case,RDC-BCG-BOM-06-001,2006,Democratic Republic of the Congo
EU046224,Identification and characterization of poliovirus type 1 (Indiagenotype) during the outbreak of poliomyelitis in Africa,DRC 2006,wild,AFP,2006-05-01,,,,unknown,Democratic Republic of the Congo,,Democratic Republic of the Congo,,2006,Democratic Republic of Congo,BDD,INO,,gpei_epid_admin_year_case,RDC-BDD-INO-06-013,2006,Democratic Republic of the Congo
EU046223,Identification and characterization of poliovirus type 1 (Indiagenotype) during the outbreak of poliomyelitis in Africa,DRC 2006,wild,AFP,2006-05-01,,,,unknown,Democratic Republic of the Congo,,Democratic Republic of the Congo,,2007,Democratic Republic of Congo,BDD,INO,,gpei_epid_admin_year_case,RDC-BDD-INO-07-002,2007,Democratic Republic of the Congo
EU046222,Identification and characterization of poliovirus type 1 (Indiagenotype) during the outbreak of poliomyelitis in Africa,DRC 2006,wild,AFP,2006-05-01,,,,unknown,Democratic Republic of the Congo,,Democratic Republic of the Congo,,2007,Democratic Republic of Congo,BDD,KIR,,gpei_epid_admin_year_case,RDC-BDD-KIR-07-001,2007,Democratic Republic of the Congo
EU046221,Identification and characterization of poliovirus type 1 (Indiagenotype) during the outbreak of poliomyelitis in Africa,DRC 2006,wild,AFP,2006-05-01,,,,unknown,Democratic Republic of the Congo,,Democratic Republic of the Congo,,2007,Democratic Republic of Congo,EQT,BLB,,gpei_epid_admin_year_case,RDC-EQT-BLB-07-001,2007,Democratic Republic of the Congo
EU046220,Identification and characterization of poliovirus type 1 (Indiagenotype) during the outbreak of poliomyelitis in Africa,DRC 2006,wild,AFP,2006-05-01,,,,unknown,Democratic Republic of the Congo,,Democratic Republic of the Congo,,2007,Democratic Republic of Congo,EQT,BOE,,gpei_epid_admin_year_case,RDC-EQT-BOE-07-001,2007,Democratic Republic of the Congo
EU046219,Identification and characterization of poliovirus type 1 (Indiagenotype) during the outbreak of poliomyelitis in Africa,DRC 2006,wild,AFP,2006-05-01,,,,unknown,Democratic Republic of the Congo,,Democratic Republic of the Congo,,2007,Democratic Republic of Congo,EQT,ING,,gpei_epid_admin_year_case,RDC-EQT-ING-07-002,2007,Democratic Republic of the Congo
EU046218,Identification and characterization of poliovirus type 1 (Indiagenotype) during the outbreak of poliomyelitis in Africa,DRC 2006,wild,AFP,2006-05-01,,,,unknown,Democratic Republic of the Congo,,Democratic Republic of the Congo,,2007,Democratic Republic of Congo,EQT,MBD,,gpei_epid_admin_year_case,RDC-EQT-MBD-07-001,2007,Democratic Republic of the Congo
EU046217,Identification and characterization of poliovirus type 1 (Indiagenotype) during the outbreak of poliomyelitis in Africa,DRC 2006,wild,AFP,2006-05-01,,,,unknown,Democratic Republic of the Congo,,Democratic Republic of the Congo,,2007,Democratic Republic of Congo,BDD,KIR,,gpei_epid_admin_year_case,RDC-BDD-KIR-07-004,2007,Democratic Republic of the Congo
EU046216,Identification and characterization of poliovirus type 1 (Indiagenotype) during the outbreak of poliomyelitis in Africa,DRC 2006,wild,AFP,2006-05-01,,,,unknown,Democratic Republic of the Congo,,Democratic Republic of the Congo,,2006,Democratic Republic of Congo,KOC,LUE,,gpei_epid_admin_year_case,RDC-KOC-LUE-06-004,2006,Democratic Republic of the Congo
EU046215,Identification and characterization of poliovirus type 1 (Indiagenotype) during the outbreak of poliomyelitis in Africa,DRC 2006,wild,AFP,2006-05-01,,,,unknown,Democratic Republic of the Congo,,Democratic Republic of the Congo,,2006,Democratic Republic of Congo,KOC,TKP,,gpei_epid_admin_year_case,RDC-KOC-TKP-06-004,2006,Democratic Republic of the Congo
EU046214,Identification and characterization of poliovirus type 1 (Indiagenotype) during the outbreak of poliomyelitis in Africa,DRC 2006,wild,AFP,2006-05-01,,,,unknown,Namibia,,Namibia,,2006,Namibia,KHO,WHK,,gpei_epid_country_admin_year_case,NAM-KHO-WHK-06-022,2006,Namibia
EU046213,Identification and characterization of poliovirus type 1 (Indiagenotype) during the outbreak of poliomyelitis in Africa,DRC 2006,wild,AFP,2006-05-01,,,,unknown,Namibia,,Namibia,,2006,Namibia,OHA,ENG,,gpei_epid_country_admin_year_case,NAM-OHA-ENG-06-054,2006,Namibia
EU046212,Identification and characterization of poliovirus type 1 (Indiagenotype) during the outbreak of poliomyelitis in Africa,DRC 2006,wild,AFP,2006-05-01,,,,unknown,Namibia,,Namibia,,2006,Namibia,HAR,ARA,,gpei_epid_country_admin_year_case,NAM-HAR-ARA-06-015,2006,Namibia
EU046211,Identification and characterization of poliovirus type 1 (Indiagenotype) during the outbreak of poliomyelitis in Africa,DRC 2006,wild,AFP,2006-05-01,,,,unknown,Namibia,,Namibia,,2006,Namibia,OTJ,OKH,,gpei_epid_country_admin_year_case,NAM-OTJ-OKH-06-167,2006,Namibia
EU046210,Identification and characterization of poliovirus type 1 (Indiagenotype) during the outbreak of poliomyelitis in Africa,DRC 2006,wild,AFP,2006-05-01,,,,unknown,Namibia,,Namibia,,2006,Namibia,KHO,WHK,,gpei_epid_country_admin_year_case,NAM-KHO-WHK-06-018,2006,Namibia
EU046209,Identification and characterization of poliovirus type 1 (Indiagenotype) during the outbreak of poliomyelitis in Africa,DRC 2006,wild,AFP,2006-05-01,,,,unknown,Namibia,,Namibia,,2006,Namibia,KHO,WHK,,gpei_epid_country_admin_year_case,NAM-KHO-WHK-06-194,2006,Namibia
EU046208,Identification and characterization of poliovirus type 1 (Indiagenotype) during the outbreak of poliomyelitis in Africa,DRC 2006,wild,AFP,2006-05-01,,,,unknown,Namibia,,Namibia,,2006,Namibia,KHO,WHK,,gpei_epid_country_admin_year_case,NAM-KHO-WHK-06-029,2006,Namibia
EU046207,Identification and characterization of poliovirus type 1 (Indiagenotype) during the outbreak of poliomyelitis in Africa,DRC 2006,wild,AFP,2006-05-01,,,,unknown,Namibia,,Namibia,,2006,Namibia,KHO,WHK,,gpei_epid_country_admin_year_case,NAM-KHO-WHK-06-062,2006,Namibia
EU046206,Identification and characterization of poliovirus type 1 (Indiagenotype) during the outbreak of poliomyelitis in Africa,DRC 2006,wild,AFP,2006-05-01,,,,unknown,Angola,,Angola,,2005,Benin,Lob,,,country_admin_slash_year,BEN-LOB-05-008,2005,Angola
EU046205,Identification and characterization of poliovirus type 1 (Indiagenotype) during the outbreak of poliomyelitis in Africa,DRC 2006,wild,AFP,2006-05-01,,,,unknown,Angola,,Angola,,2005,Bangladesh,Cub,,,country_admin_slash_year,BAN-CUB-05-002,2005,Angola
EU046204,Identification and characterization of poliovirus type 1 (Indiagenotype) during the outbreak of poliomyelitis in Africa,DRC 2006,wild,AFP,2006-05-01,,,,unknown,Angola,,Angola,,2005,Benin,Lob,,,country_admin_slash_year,BEN-LOB-05-003,2005,Angola
EU046203,Identification and characterization of poliovirus type 1 (Indiagenotype) during the outbreak of poliomyelitis in Africa,DRC 2006,wild,AFP,2006-05-01,,,,unknown,Angola,,Angola,,2005,Angola,LUA,CAC,,gpei_epid_country_admin_year_case,ANG-LUA-CAC-05-003,2005,Angola
EU046202,Identification and characterization of poliovirus type 1 (Indiagenotype) during the outbreak of poliomyelitis in Africa,DRC 2006,wild,AFP,2006-05-01,,,,unknown,Angola,,Angola,,2006,Angola,CUN,OMB,,gpei_epid_country_admin_year_case,ANG-CUN-OMB-06-004,2006,Angola
EU046201,Identification and characterization of poliovirus type 1 (Indiagenotype) during the outbreak of poliomyelitis in Africa,DRC 2006,wild,AFP,2006-05-01,,,,unknown,Angola,,Angola,,2006,Angola,HUI,MAT,,gpei_epid_country_admin_year_case,ANG-HUI-MAT-06-003,2006,Angola
EU046200,Identification and characterization of poliovirus type 1 (Indiagenotype) during the outbreak of poliomyelitis in Africa,DRC 2006,wild,AFP,2006-05-01,,,,unknown,Angola,,Angola,,2007,Angola,LUA,MAI,,gpei_epid_country_admin_year_case,ANG-LUA-MAI-07-004,2007,Angola
EU046199,Identification and characterization of poliovirus type 1 (Indiagenotype) during the outbreak of poliomyelitis in Africa,DRC 2006,wild,AFP,2006-05-01,,,,unknown,Angola,,Angola,,2007,Angola,LUA,KIL,,gpei_epid_country_admin_year_case,ANG-LUA-KIL-07-003,2007,Angola
AY923837,Advanced environmental surveillance and molecular analyses indicateseparate importations rather than endemic circulation of wild type 1 poliovirus in Gaza district in 2002,Gaza 2002 imported from Egypt,wild,environmental,2001-05-01,,,,unknown,Egypt,,Egypt,,2001,Egypt,,,environmental,country_year_environment_version,EGY01-E68,2001,Egypt
AY618458,"Molecular epidemiology of wild poliovirus type 1 circulation in West and Central Africa, from 1997 to 1999, using genotyping with arestriction fragment length polymorphism assay",West Africa 1999,wild,AFP,1999-05-01,,,,unknown,Chad,,Chad,,1999,Chad,,,,country_year_case,CHA9910336,1999,Chad
AY618457,"Molecular epidemiology of wild poliovirus type 1 circulation in West and Central Africa, from 1997 to 1999, using genotyping with arestriction fragment length polymorphism assay",West Africa 1999,wild,AFP,1999-05-01,,,,unknown,Chad,,Chad,,1999,Chad,,,,country_year_case,CHA9910335,1999,Chad
AY618456,"Molecular epidemiology of wild poliovirus type 1 circulation in West and Central Africa, from 1997 to 1999, using genotyping with arestriction fragment length polymorphism assay",West Africa 1999,wild,AFP,1999-05-01,,,,unknown,Chad,,Chad,,1999,Chad,,,,country_year_case,CHA9910330,1999,Chad
AY618455,"Molecular epidemiology of wild poliovirus type 1 circulation in West and Central Africa, from 1997 to 1999, using genotyping with arestriction fragment length polymorphism assay",West Africa 1999,wild,AFP,1999-05-01,,,,unknown,Chad,,Chad,,1999,Chad,,,,country_year_case,CHA9910332,1999,Chad
AY618454,"Molecular epidemiology of wild poliovirus type 1 circulation in West and Central Africa, from 1997 to 1999, using genotyping with arestriction fragment length polymorphism assay",West Africa 1999,wild,AFP,1999-05-01,,,,unknown,Cameroon,,Cameroon,,1999,Cameroon,,,,country_year_case,CAE9910331,1999,Cameroon
AY618453,"Molecular epidemiology of wild poliovirus type 1 circulation in West and Central Africa, from 1997 to 1999, using genotyping with arestriction fragment length polymorphism assay",West Africa 1999,wild,AFP,1999-05-01,,,,unknown,Chad,,Chad,,1999,Chad,,,,country_year_case,CHA9910334,1999,Chad
AY618452,"Molecular epidemiology of wild poliovirus type 1 circulation in West and Central Africa, from 1997 to 1999, using genotyping with arestriction fragment length polymorphism assay",West Africa 1999,wild,AFP,1999-05-01,,,,unknown,Chad,,Chad,,1999,Chad,,,,country_year_case,CHA9910333,1999,Chad
AY618451,"Molecular epidemiology of wild poliovirus type 1 circulation in West and Central Africa, from 1997 to 1999, using genotyping with arestriction fragment length polymorphism assay",West Africa 1999,wild,AFP,1999-05-01,,,,unknown,Chad,,Chad,,1999,Chad,,,,country_year_case,CHA9910329,1999,Chad
AY618450,"Molecular epidemiology of wild poliovirus type 1 circulation in West and Central Africa, from 1997 to 1999, using genotyping with arestriction fragment length polymorphism assay",West Africa 1999,wild,AFP,1999-05-01,,,,unknown,Chad,,Chad,,1997,Chad,,,,country_year_case,CHA9710328,1997,Chad
AY618449,"Molecular epidemiology of wild poliovirus type 1 circulation in West and Central Africa, from 1997 to 1999, using genotyping with arestriction fragment length polymorphism assay",West Africa 1999,wild,AFP,1999-05-01,,,,unknown,Chad,,Chad,,1999,Chad,,,,country_year_case,CHA9910339,1999,Chad
AY618448,"Molecular epidemiology of wild poliovirus type 1 circulation in West and Central Africa, from 1997 to 1999, using genotyping with arestriction fragment length polymorphism assay",West Africa 1999,wild,AFP,1999-05-01,,,,unknown,Chad,,Chad,,1999,Chad,,,,country_year_case,CHA9910352,1999,Chad
AY618447,"Molecular epidemiology of wild poliovirus type 1 circulation in West and Central Africa, from 1997 to 1999, using genotyping with arestriction fragment length polymorphism assay",West Africa 1999,wild,AFP,1999-05-01,,,,unknown,Chad,,Chad,,1999,Chad,,,,country_year_case,CHA9910342,1999,Chad
AY618446,"Molecular epidemiology of wild poliovirus type 1 circulation in West and Central Africa, from 1997 to 1999, using genotyping with arestriction fragment length polymorphism assay",West Africa 1999,wild,AFP,1999-05-01,,,,unknown,Chad,,Chad,,1999,Chad,,,,country_year_case,CHA9910344,1999,Chad
AY618445,"Molecular epidemiology of wild poliovirus type 1 circulation in West and Central Africa, from 1997 to 1999, using genotyping with arestriction fragment length polymorphism assay",West Africa 1999,wild,AFP,1999-05-01,,,,unknown,Chad,,Chad,,1999,Chad,,,,country_year_case,CHA9910343,1999,Chad
AY618444,"Molecular epidemiology of wild poliovirus type 1 circulation in West and Central Africa, from 1997 to 1999, using genotyping with arestriction fragment length polymorphism assay",West Africa 1999,wild,AFP,1999-05-01,,,,unknown,Chad,,Chad,,1999,Chad,,,,country_year_case,CHA9910341,1999,Chad
AY618443,"Molecular epidemiology of wild poliovirus type 1 circulation in West and Central Africa, from 1997 to 1999, using genotyping with arestriction fragment length polymorphism assay",West Africa 1999,wild,AFP,1999-05-01,,,,unknown,Chad,,Chad,,1999,Chad,,,,country_year_case,CHA9910340,1999,Chad
AY618442,"Molecular epidemiology of wild poliovirus type 1 circulation in West and Central Africa, from 1997 to 1999, using genotyping with arestriction fragment length polymorphism assay",West Africa 1999,wild,AFP,1999-05-01,,,,unknown,Chad,,Chad,,1999,Chad,,,,country_year_case,CHA9910350,1999,Chad
AY618441,"Molecular epidemiology of wild poliovirus type 1 circulation in West and Central Africa, from 1997 to 1999, using genotyping with arestriction fragment length polymorphism assay",West Africa 1999,wild,AFP,1999-05-01,,,,unknown,Chad,,Chad,,1999,Chad,,,,country_year_case,CHA9910349,1999,Chad
AY618440,"Molecular epidemiology of wild poliovirus type 1 circulation in West and Central Africa, from 1997 to 1999, using genotyping with arestriction fragment length polymorphism assay",West Africa 1999,wild,AFP,1999-05-01,,,,unknown,Central African Republic,,Central African Republic,,1999,Central African Republic,,,,country_year_case,CAF9910348,1999,Central African Republic
AY618439,"Molecular epidemiology of wild poliovirus type 1 circulation in West and Central Africa, from 1997 to 1999, using genotyping with arestriction fragment length polymorphism assay",West Africa 1999,wild,AFP,1999-05-01,,,,unknown,Chad,,Chad,,1999,Chad,,,,country_year_case,CHA9910347,1999,Chad
AY618438,"Molecular epidemiology of wild poliovirus type 1 circulation in West and Central Africa, from 1997 to 1999, using genotyping with arestriction fragment length polymorphism assay",West Africa 1999,wild,AFP,1999-05-01,,,,unknown,Chad,,Chad,,1999,Chad,,,,country_year_case,CHA9910346,1999,Chad
AY618437,"Molecular epidemiology of wild poliovirus type 1 circulation in West and Central Africa, from 1997 to 1999, using genotyping with arestriction fragment length polymorphism assay",West Africa 1999,wild,AFP,1999-05-01,,,,unknown,Chad,,Chad,,1999,Chad,,,,country_year_case,CHA9910345,1999,Chad
AY618436,"Molecular epidemiology of wild poliovirus type 1 circulation in West and Central Africa, from 1997 to 1999, using genotyping with arestriction fragment length polymorphism assay",West Africa 1999,wild,AFP,1999-05-01,,,,unknown,Chad,,Chad,,1999,Chad,,,,country_year_case,CHA9910413,1999,Chad
AY618435,"Molecular epidemiology of wild poliovirus type 1 circulation in West and Central Africa, from 1997 to 1999, using genotyping with arestriction fragment length polymorphism assay",West Africa 1999,wild,AFP,1999-05-01,,,,unknown,Chad,,Chad,,1999,Chad,,,,country_year_case,CHA9910338,1999,Chad
AY618434,"Molecular epidemiology of wild poliovirus type 1 circulation in West and Central Africa, from 1997 to 1999, using genotyping with arestriction fragment length polymorphism assay",West Africa 1999,wild,AFP,1999-05-01,,,,unknown,Chad,,Chad,,1999,Chad,,,,country_year_case,CHA9910337,1999,Chad
AY618433,"Molecular epidemiology of wild poliovirus type 1 circulation in West and Central Africa, from 1997 to 1999, using genotyping with arestriction fragment length polymorphism assay",West Africa 1999,wild,AFP,1999-05-01,,,,unknown,Guinea,,Guinea,,1999,Guinea,,,,country_year_case,GUI9910326,1999,Guinea
AY618432,"Molecular epidemiology of wild poliovirus type 1 circulation in West and Central Africa, from 1997 to 1999, using genotyping with arestriction fragment length polymorphism assay",West Africa 1999,wild,AFP,1999-05-01,,,,unknown,Guinea,,Guinea,,1999,Guinea,,,,country_year_case,GUI9910325,1999,Guinea
AY618431,"Molecular epidemiology of wild poliovirus type 1 circulation in West and Central Africa, from 1997 to 1999, using genotyping with arestriction fragment length polymorphism assay",West Africa 1999,wild,AFP,1999-05-01,,,,unknown,Cote d'Ivoire,,Cote d'Ivoire,,1998,Cote d'Ivoire,,,,country_year_case,CIV9810323,1998,Cote d'Ivoire
AY618430,"Molecular epidemiology of wild poliovirus type 1 circulation in West and Central Africa, from 1997 to 1999, using genotyping with arestriction fragment length polymorphism assay",West Africa 1999,wild,AFP,1999-05-01,,,,unknown,Chad,,Chad,,1999,Chad,,,,country_year_case,CHA9910324,1999,Chad
AY618429,"Molecular epidemiology of wild poliovirus type 1 circulation in West and Central Africa, from 1997 to 1999, using genotyping with arestriction fragment length polymorphism assay",West Africa 1999,wild,AFP,1999-05-01,,,,unknown,Niger,,Niger,,1997,Niger,,,,country_year_case,NIG9710319,1997,Niger
AY618428,"Molecular epidemiology of wild poliovirus type 1 circulation in West and Central Africa, from 1997 to 1999, using genotyping with arestriction fragment length polymorphism assay",West Africa 1999,wild,AFP,1999-05-01,,,,unknown,Cote d'Ivoire,,Cote d'Ivoire,,1999,Cote d'Ivoire,,,,country_year_case,CIV9910316,1999,Cote d'Ivoire
AY618427,"Molecular epidemiology of wild poliovirus type 1 circulation in West and Central Africa, from 1997 to 1999, using genotyping with arestriction fragment length polymorphism assay",West Africa 1999,wild,AFP,1999-05-01,,,,unknown,Guinea,,Guinea,,1999,Guinea,,,,country_year_case,GUI9910315,1999,Guinea
AY618426,"Molecular epidemiology of wild poliovirus type 1 circulation in West and Central Africa, from 1997 to 1999, using genotyping with arestriction fragment length polymorphism assay",West Africa 1999,wild,AFP,1999-05-01,,,,unknown,Cote d'Ivoire,,Cote d'Ivoire,,1999,Cote d'Ivoire,,,,country_year_case,CIV9910317,1999,Cote d'Ivoire
AY618425,"Molecular epidemiology of wild poliovirus type 1 circulation in West and Central Africa, from 1997 to 1999, using genotyping with arestriction fragment length polymorphism assay",West Africa 1999,wild,AFP,1999-05-01,,,,unknown,Burkina Faso,,Burkina Faso,,1998,Burkina Faso,,,,country_year_case,BFA9810313,1998,Burkina Faso
AY618424,"Molecular epidemiology of wild poliovirus type 1 circulation in West and Central Africa, from 1997 to 1999, using genotyping with arestriction fragment length polymorphism assay",West Africa 1999,wild,AFP,1999-05-01,,,,unknown,Burkina Faso,,Burkina Faso,,1998,Burkina Faso,,,,country_year_case,BFA9810314,1998,Burkina Faso
AY618423,"Molecular epidemiology of wild poliovirus type 1 circulation in West and Central Africa, from 1997 to 1999, using genotyping with arestriction fragment length polymorphism assay",West Africa 1999,wild,AFP,1999-05-01,,,,unknown,Benin,,Benin,,1999,Benin,,,,country_year_case,BEN9910312,1999,Benin
AY618422,"Molecular epidemiology of wild poliovirus type 1 circulation in West and Central Africa, from 1997 to 1999, using genotyping with arestriction fragment length polymorphism assay",West Africa 1999,wild,AFP,1999-05-01,,,,unknown,Benin,,Benin,,1999,Benin,,,,country_year_case,BEN9910311,1999,Benin
AY618421,"Molecular epidemiology of wild poliovirus type 1 circulation in West and Central Africa, from 1997 to 1999, using genotyping with arestriction fragment length polymorphism assay",West Africa 1999,wild,AFP,1999-05-01,,,,unknown,Chad,,Chad,,1999,Chad,,,,country_year_case,CHA9910322,1999,Chad
AY618420,"Molecular epidemiology of wild poliovirus type 1 circulation in West and Central Africa, from 1997 to 1999, using genotyping with arestriction fragment length polymorphism assay",West Africa 1999,wild,AFP,1999-05-01,,,,unknown,Chad,,Chad,,1999,Chad,,,,country_year_case,CHA9910321,1999,Chad
AY618419,"Molecular epidemiology of wild poliovirus type 1 circulation in West and Central Africa, from 1997 to 1999, using genotyping with arestriction fragment length polymorphism assay",West Africa 1999,wild,AFP,1999-05-01,,,,unknown,Chad,,Chad,,1999,Chad,,,,country_year_case,CHA9910320,1999,Chad
AY741366,Outbreak of poliomyelitis in Hispaniola associated with circulatingtype 1 vaccine-derived poliovirus,cVPDV1 hispaniola context,wild,AFP,1999-07-19,,,,unknown,Niger,,Niger,,1999,Niger,,,,country_year_case,NIG9910602,1999,Niger
AY531200,Environmental surveillance of wild poliovirus circulation inEgypt--balancing between detection sensitivity and workload,ES in Egypt 2001-2002,wild,environmental,2002-01-01,,,,unknown,Egypt,,Egypt,,2002,Egypt,,,environmental,country_year_environment_version,EGY02-E150-V2,2002,Egypt
AY531199,Environmental surveillance of wild poliovirus circulation inEgypt--balancing between detection sensitivity and workload,ES in Egypt 2001-2002,wild,environmental,2002-01-01,,,,unknown,Egypt,,Egypt,,2002,Egypt,,,environmental,country_year_environment_version,EGY02-E86-V1,2002,Egypt
AY531198,Environmental surveillance of wild poliovirus circulation inEgypt--balancing between detection sensitivity and workload,ES in Egypt 2001-2002,wild,environmental,2002-01-01,,,,unknown,Egypt,,Egypt,,2002,Egypt,,,environmental,country_year_environment_version,EGY02-E54-V2,2002,Egypt
AY531197,Environmental surveillance of wild poliovirus circulation inEgypt--balancing between detection sensitivity and workload,ES in Egypt 2001-2002,wild,environmental,2002-01-01,,,,unknown,Egypt,,Egypt,,2002,Egypt,,,environmental,country_year_environment_version,EGY02-E154,2002,Egypt
AY531196,Environmental surveillance of wild poliovirus circulation inEgypt--balancing between detection sensitivity and workload,ES in Egypt 2001-2002,wild,environmental,2002-01-01,,,,unknown,Egypt,,Egypt,,2002,Egypt,,,environmental,country_year_environment_version,EGY02-E125-V2,2002,Egypt
AY531195,Environmental surveillance of wild poliovirus circulation inEgypt--balancing between detection sensitivity and workload,ES in Egypt 2001-2002,wild,environmental,2002-01-01,,,,unknown,Egypt,,Egypt,,2001,Egypt,,,environmental,country_year_environment_version,EGY01-E81,2001,Egypt
AY531194,Environmental surveillance of wild poliovirus circulation inEgypt--balancing between detection sensitivity and workload,ES in Egypt 2001-2002,wild,environmental,2002-01-01,,,,unknown,Egypt,,Egypt,,2001,Egypt,,,environmental,country_year_environment_version,EGY01-E66-V2,2001,Egypt
AY531193,Environmental surveillance of wild poliovirus circulation inEgypt--balancing between detection sensitivity and workload,ES in Egypt 2001-2002,wild,environmental,2002-01-01,,,,unknown,Egypt,,Egypt,,2001,Egypt,,,environmental,country_year_environment_version,EGY01-E65,2001,Egypt
AY531192,Environmental surveillance of wild poliovirus circulation inEgypt--balancing between detection sensitivity and workload,ES in Egypt 2001-2002,wild,environmental,2002-01-01,,,,unknown,Egypt,,Egypt,,2001,Egypt,,,environmental,country_year_environment_version,EGY01-E64-V1,2001,Egypt
AY531191,Environmental surveillance of wild poliovirus circulation inEgypt--balancing between detection sensitivity and workload,ES in Egypt 2001-2002,wild,environmental,2002-01-01,,,,unknown,Egypt,,Egypt,,2001,Egypt,,,environmental,country_year_environment_version,EGY01-E64,2001,Egypt
AY531190,Environmental surveillance of wild poliovirus circulation inEgypt--balancing between detection sensitivity and workload,ES in Egypt 2001-2002,wild,environmental,2002-01-01,,,,unknown,Egypt,,Egypt,,2001,Egypt,,,environmental,country_year_environment_version,EGY01-E63-V2,2001,Egypt
AY531189,Environmental surveillance of wild poliovirus circulation inEgypt--balancing between detection sensitivity and workload,ES in Egypt 2001-2002,wild,environmental,2002-01-01,,,,unknown,Egypt,,Egypt,,2001,Egypt,,,environmental,country_year_environment_version,EGY01-E49,2001,Egypt
AY531188,Environmental surveillance of wild poliovirus circulation inEgypt--balancing between detection sensitivity and workload,ES in Egypt 2001-2002,wild,environmental,2002-01-01,,,,unknown,Egypt,,Egypt,,2001,Egypt,,,environmental,country_year_environment_version,EGY01-E49,2001,Egypt
AY531187,Environmental surveillance of wild poliovirus circulation inEgypt--balancing between detection sensitivity and workload,ES in Egypt 2001-2002,wild,environmental,2002-01-01,,,,unknown,Egypt,,Egypt,,2001,Egypt,,,environmental,country_year_environment_version,EGY01-E44,2001,Egypt
AY531186,Environmental surveillance of wild poliovirus circulation inEgypt--balancing between detection sensitivity and workload,ES in Egypt 2001-2002,wild,environmental,2002-01-01,,,,unknown,Egypt,,Egypt,,2001,Egypt,,,environmental,country_year_environment_version,EGY01-E40,2001,Egypt
AY531185,Environmental surveillance of wild poliovirus circulation inEgypt--balancing between detection sensitivity and workload,ES in Egypt 2001-2002,wild,environmental,2002-01-01,,,,unknown,Egypt,,Egypt,,2001,Egypt,,,environmental,country_year_environment_version,EGY01-E132-V1,2001,Egypt
AY531184,Environmental surveillance of wild poliovirus circulation inEgypt--balancing between detection sensitivity and workload,ES in Egypt 2001-2002,wild,environmental,2002-01-01,,,,unknown,Egypt,,Egypt,,2001,Egypt,,,environmental,country_year_environment_version,EGY01-E131-V2,2001,Egypt
AY531183,Environmental surveillance of wild poliovirus circulation inEgypt--balancing between detection sensitivity and workload,ES in Egypt 2001-2002,wild,environmental,2002-01-01,,,,unknown,Egypt,,Egypt,,2001,Egypt,,,environmental,country_year_environment_version,EGY01-E102,2001,Egypt
AY531182,Environmental surveillance of wild poliovirus circulation inEgypt--balancing between detection sensitivity and workload,ES in Egypt 2001-2002,wild,environmental,2002-01-01,,,,unknown,Egypt,,Egypt,,2001,Egypt,,,environmental,country_year_environment_version,EGY01-E50-V1,2001,Egypt
AY531181,Environmental surveillance of wild poliovirus circulation inEgypt--balancing between detection sensitivity and workload,ES in Egypt 2001-2002,wild,environmental,2002-01-01,,,,unknown,Egypt,,Egypt,,2002,Egypt,,,environmental,country_year_environment_version,EGY02-E14-V2,2002,Egypt
AY531180,Environmental surveillance of wild poliovirus circulation inEgypt--balancing between detection sensitivity and workload,ES in Egypt 2001-2002,wild,environmental,2002-01-01,,,,unknown,Egypt,,Egypt,,2001,Egypt,,,environmental,country_year_environment_version,EGY01-E69,2001,Egypt
AY531179,Environmental surveillance of wild poliovirus circulation inEgypt--balancing between detection sensitivity and workload,ES in Egypt 2001-2002,wild,environmental,2002-01-01,,,,unknown,Egypt,,Egypt,,2001,Egypt,,,environmental,country_year_environment_version,EGY01-E52,2001,Egypt
AY531178,Environmental surveillance of wild poliovirus circulation inEgypt--balancing between detection sensitivity and workload,ES in Egypt 2001-2002,wild,environmental,2002-01-01,,,,unknown,Egypt,,Egypt,,2001,Egypt,,,environmental,country_year_environment_version,EGY01-E44,2001,Egypt
AY531177,Environmental surveillance of wild poliovirus circulation inEgypt--balancing between detection sensitivity and workload,ES in Egypt 2001-2002,wild,environmental,2002-01-01,,,,unknown,Egypt,,Egypt,,2001,Egypt,,,environmental,country_year_environment_version,EGY01-E121-V2,2001,Egypt
AY531176,Environmental surveillance of wild poliovirus circulation inEgypt--balancing between detection sensitivity and workload,ES in Egypt 2001-2002,wild,environmental,2002-01-01,,,,unknown,Egypt,,Egypt,,2001,Egypt,,,environmental,country_year_environment_version,EGY01-E69-V1,2001,Egypt
AY531175,Environmental surveillance of wild poliovirus circulation inEgypt--balancing between detection sensitivity and workload,ES in Egypt 2001-2002,wild,environmental,2002-01-01,,,,unknown,Egypt,,Egypt,,2002,Egypt,,,environmental,country_year_environment_version,EGY02-E78,2002,Egypt
AY531174,Environmental surveillance of wild poliovirus circulation inEgypt--balancing between detection sensitivity and workload,ES in Egypt 2001-2002,wild,environmental,2002-01-01,,,,unknown,Egypt,,Egypt,,2001,Egypt,,,environmental,country_year_environment_version,EGY01-E64,2001,Egypt
AY531173,Environmental surveillance of wild poliovirus circulation inEgypt--balancing between detection sensitivity and workload,ES in Egypt 2001-2002,wild,environmental,2002-01-01,,,,unknown,Egypt,,Egypt,,2001,Egypt,,,environmental,country_year_environment_version,EGY01-E116,2001,Egypt
AY531172,Environmental surveillance of wild poliovirus circulation inEgypt--balancing between detection sensitivity and workload,ES in Egypt 2001-2002,wild,environmental,2002-01-01,,,,unknown,Egypt,,Egypt,,2001,Egypt,,,environmental,country_year_environment_version,EGY01-E115,2001,Egypt
AY531171,Environmental surveillance of wild poliovirus circulation inEgypt--balancing between detection sensitivity and workload,ES in Egypt 2001-2002,wild,environmental,2002-01-01,,,,unknown,Egypt,,Egypt,,2002,Egypt,,,environmental,country_year_environment_version,EGY02-E01,2002,Egypt
AY531170,Environmental surveillance of wild poliovirus circulation inEgypt--balancing between detection sensitivity and workload,ES in Egypt 2001-2002,wild,environmental,2002-01-01,,,,unknown,Egypt,,Egypt,,2001,Egypt,,,environmental,country_year_environment_version,EGY01-E127,2001,Egypt
AY531169,Environmental surveillance of wild poliovirus circulation inEgypt--balancing between detection sensitivity and workload,ES in Egypt 2001-2002,wild,environmental,2002-01-01,,,,unknown,Egypt,,Egypt,,2002,Egypt,,,environmental,country_year_environment_version,EGY02-E53-V2,2002,Egypt
AY531168,Environmental surveillance of wild poliovirus circulation inEgypt--balancing between detection sensitivity and workload,ES in Egypt 2001-2002,wild,environmental,2002-01-01,,,,unknown,Egypt,,Egypt,,2002,Egypt,,,environmental,country_year_environment_version,EGY02-E20,2002,Egypt
AY531167,Environmental surveillance of wild poliovirus circulation inEgypt--balancing between detection sensitivity and workload,ES in Egypt 2001-2002,wild,environmental,2002-01-01,,,,unknown,Egypt,,Egypt,,2002,Egypt,,,environmental,country_year_environment_version,EGY02-E02,2002,Egypt
AY531166,Environmental surveillance of wild poliovirus circulation inEgypt--balancing between detection sensitivity and workload,ES in Egypt 2001-2002,wild,environmental,2002-01-01,,,,unknown,Egypt,,Egypt,,2001,Egypt,,,environmental,country_year_environment_version,EGY01-E116-V1,2001,Egypt
AY531165,Environmental surveillance of wild poliovirus circulation inEgypt--balancing between detection sensitivity and workload,ES in Egypt 2001-2002,wild,environmental,2002-01-01,,,,unknown,Egypt,,Egypt,,2002,Egypt,,,environmental,country_year_environment_version,EGY02-E20,2002,Egypt
AY531164,Environmental surveillance of wild poliovirus circulation inEgypt--balancing between detection sensitivity and workload,ES in Egypt 2001-2002,wild,environmental,2002-01-01,,,,unknown,Egypt,,Egypt,,2001,Egypt,,,environmental,country_year_environment_version,EGY01-E66,2001,Egypt
AY531163,Environmental surveillance of wild poliovirus circulation inEgypt--balancing between detection sensitivity and workload,ES in Egypt 2001-2002,wild,environmental,2002-01-01,,,,unknown,Egypt,,Egypt,,2001,Egypt,,,environmental,country_year_environment_version,EGY01-E76,2001,Egypt
AY531162,Environmental surveillance of wild poliovirus circulation inEgypt--balancing between detection sensitivity and workload,ES in Egypt 2001-2002,wild,environmental,2002-01-01,,,,unknown,Egypt,,Egypt,,2001,Egypt,,,environmental,country_year_environment_version,EGY01-E107,2001,Egypt
AY531161,Environmental surveillance of wild poliovirus circulation inEgypt--balancing between detection sensitivity and workload,ES in Egypt 2001-2002,wild,environmental,2002-01-01,,,,unknown,Egypt,,Egypt,,2001,Egypt,,,environmental,country_year_environment_version,EGY01-E53,2001,Egypt
AY531160,Environmental surveillance of wild poliovirus circulation inEgypt--balancing between detection sensitivity and workload,ES in Egypt 2001-2002,wild,environmental,2002-01-01,,,,unknown,Egypt,,Egypt,,2002,Egypt,,,environmental,country_year_environment_version,EGY02-E85,2002,Egypt
AY531159,Environmental surveillance of wild poliovirus circulation inEgypt--balancing between detection sensitivity and workload,ES in Egypt 2001-2002,wild,environmental,2002-01-01,,,,unknown,Egypt,,Egypt,,2002,Egypt,,,environmental,country_year_environment_version,EGY02-E152,2002,Egypt
AY531158,Environmental surveillance of wild poliovirus circulation inEgypt--balancing between detection sensitivity and workload,ES in Egypt 2001-2002,wild,environmental,2002-01-01,,,,unknown,Egypt,,Egypt,,2002,Egypt,,,environmental,country_year_environment_version,EGY02-E97,2002,Egypt
AY531157,Environmental surveillance of wild poliovirus circulation inEgypt--balancing between detection sensitivity and workload,ES in Egypt 2001-2002,wild,environmental,2002-01-01,,,,unknown,Egypt,,Egypt,,2002,Egypt,,,environmental,country_year_environment_version,EGY02-E154-V1,2002,Egypt
AY531156,Environmental surveillance of wild poliovirus circulation inEgypt--balancing between detection sensitivity and workload,ES in Egypt 2001-2002,wild,environmental,2002-01-01,,,,unknown,Egypt,,Egypt,,2002,Egypt,,,environmental,country_year_environment_version,EGY02-E108,2002,Egypt
AY531155,Environmental surveillance of wild poliovirus circulation inEgypt--balancing between detection sensitivity and workload,ES in Egypt 2001-2002,wild,environmental,2002-01-01,,,,unknown,Egypt,,Egypt,,2003,Egypt,,,environmental,country_year_environment_version,EGY03-E18,2003,Egypt
AY531154,Environmental surveillance of wild poliovirus circulation inEgypt--balancing between detection sensitivity and workload,ES in Egypt 2001-2002,wild,environmental,2002-01-01,,,,unknown,Egypt,,Egypt,,2001,Egypt,,,environmental,country_year_environment_version,EGY01-E72,2001,Egypt
AY531153,Environmental surveillance of wild poliovirus circulation inEgypt--balancing between detection sensitivity and workload,ES in Egypt 2001-2002,wild,environmental,2002-01-01,,,,unknown,Egypt,,Egypt,,2002,Egypt,,,environmental,country_year_environment_version,EGY02-E54,2002,Egypt
AY531152,Environmental surveillance of wild poliovirus circulation inEgypt--balancing between detection sensitivity and workload,ES in Egypt 2001-2002,wild,environmental,2002-01-01,,,,unknown,Egypt,,Egypt,,2002,Egypt,,,environmental,country_year_environment_version,EGY02-E136-V1,2002,Egypt
AY531151,Environmental surveillance of wild poliovirus circulation inEgypt--balancing between detection sensitivity and workload,ES in Egypt 2001-2002,wild,environmental,2002-01-01,,,,unknown,Egypt,,Egypt,,2002,Egypt,,,environmental,country_year_environment_version,EGY02-E150,2002,Egypt
AY531150,Environmental surveillance of wild poliovirus circulation inEgypt--balancing between detection sensitivity and workload,ES in Egypt 2001-2002,wild,environmental,2002-01-01,,,,unknown,Egypt,,Egypt,,2002,Egypt,,,environmental,country_year_environment_version,EGY02-E114,2002,Egypt
AY531149,Environmental surveillance of wild poliovirus circulation inEgypt--balancing between detection sensitivity and workload,ES in Egypt 2001-2002,wild,environmental,2002-01-01,,,,unknown,Egypt,,Egypt,,2003,Egypt,,,environmental,country_year_environment_version,EGY03-E224-V1,2003,Egypt
AY531148,Environmental surveillance of wild poliovirus circulation inEgypt--balancing between detection sensitivity and workload,ES in Egypt 2001-2002,wild,environmental,2002-01-01,,,,unknown,Egypt,,Egypt,,2003,Egypt,,,environmental,country_year_environment_version,EGY03-E147-V1,2003,Egypt
AY531147,Environmental surveillance of wild poliovirus circulation inEgypt--balancing between detection sensitivity and workload,ES in Egypt 2001-2002,wild,environmental,2002-01-01,,,,unknown,Egypt,,Egypt,,2003,Egypt,,,environmental,country_year_environment_version,EGY03-E191,2003,Egypt
AY531146,Environmental surveillance of wild poliovirus circulation inEgypt--balancing between detection sensitivity and workload,ES in Egypt 2001-2002,wild,environmental,2002-01-01,,,,unknown,Egypt,,Egypt,,2003,Egypt,,,environmental,country_year_environment_version,EGY03-E134,2003,Egypt
AY531145,Environmental surveillance of wild poliovirus circulation inEgypt--balancing between detection sensitivity and workload,ES in Egypt 2001-2002,wild,environmental,2002-01-01,,,,unknown,Egypt,,Egypt,,2003,Egypt,,,environmental,country_year_environment_version,EGY03-E160,2003,Egypt
AY531144,Environmental surveillance of wild poliovirus circulation inEgypt--balancing between detection sensitivity and workload,ES in Egypt 2001-2002,wild,environmental,2002-01-01,,,,unknown,Egypt,,Egypt,,2003,Egypt,,,environmental,country_year_environment_version,EGY03-E108,2003,Egypt
AY531143,Environmental surveillance of wild poliovirus circulation inEgypt--balancing between detection sensitivity and workload,ES in Egypt 2001-2002,wild,environmental,2002-01-01,,,,unknown,Egypt,,Egypt,,2003,Egypt,,,environmental,country_year_environment_version,EGY03-E204,2003,Egypt
AY531142,Environmental surveillance of wild poliovirus circulation inEgypt--balancing between detection sensitivity and workload,ES in Egypt 2001-2002,wild,environmental,2002-01-01,,,,unknown,Egypt,,Egypt,,2003,Egypt,,,environmental,country_year_environment_version,EGY03-E10-V1,2003,Egypt
AY531141,Environmental surveillance of wild poliovirus circulation inEgypt--balancing between detection sensitivity and workload,ES in Egypt 2001-2002,wild,environmental,2002-01-01,,,,unknown,Egypt,,Egypt,,2003,Egypt,,,environmental,country_year_environment_version,EGY03-E65,2003,Egypt
AY531140,Environmental surveillance of wild poliovirus circulation inEgypt--balancing between detection sensitivity and workload,ES in Egypt 2001-2002,wild,environmental,2002-01-01,,,,unknown,Egypt,,Egypt,,2002,Egypt,,,environmental,country_year_environment_version,EGY02-E125,2002,Egypt
AY531139,Environmental surveillance of wild poliovirus circulation inEgypt--balancing between detection sensitivity and workload,ES in Egypt 2001-2002,wild,environmental,2002-01-01,,,,unknown,Egypt,,Egypt,,2002,Egypt,,,environmental,country_year_environment_version,EGY02-E86,2002,Egypt
AY531138,Environmental surveillance of wild poliovirus circulation inEgypt--balancing between detection sensitivity and workload,ES in Egypt 2001-2002,wild,environmental,2002-01-01,,,,unknown,Egypt,,Egypt,,2002,Egypt,,,environmental,country_year_environment_version,EGY02-E139,2002,Egypt
AY531137,Environmental surveillance of wild poliovirus circulation inEgypt--balancing between detection sensitivity and workload,ES in Egypt 2001-2002,wild,environmental,2002-01-01,,,,unknown,Egypt,,Egypt,,2002,Egypt,,,environmental,country_year_environment_version,EGY02-E108-V1,2002,Egypt
AY531136,Environmental surveillance of wild poliovirus circulation inEgypt--balancing between detection sensitivity and workload,ES in Egypt 2001-2002,wild,environmental,2002-01-01,,,,unknown,Egypt,,Egypt,,2002,Egypt,,,environmental,country_year_environment_version,EGY02-E31,2002,Egypt
AY531135,Environmental surveillance of wild poliovirus circulation inEgypt--balancing between detection sensitivity and workload,ES in Egypt 2001-2002,wild,environmental,2002-01-01,,,,unknown,Egypt,,Egypt,,2001,Egypt,,,environmental,country_year_environment_version,EGY01-E112-V1,2001,Egypt
AY531134,Environmental surveillance of wild poliovirus circulation inEgypt--balancing between detection sensitivity and workload,ES in Egypt 2001-2002,wild,environmental,2002-01-01,,,,unknown,Egypt,,Egypt,,2002,Egypt,,,environmental,country_year_environment_version,EGY02-E63-V2,2002,Egypt
AY531133,Environmental surveillance of wild poliovirus circulation inEgypt--balancing between detection sensitivity and workload,ES in Egypt 2001-2002,wild,environmental,2002-01-01,,,,unknown,Egypt,,Egypt,,2001,Egypt,,,environmental,country_year_environment_version,EGY01-E89,2001,Egypt
AY531132,Environmental surveillance of wild poliovirus circulation inEgypt--balancing between detection sensitivity and workload,ES in Egypt 2001-2002,wild,environmental,2002-01-01,,,,unknown,Egypt,,Egypt,,2001,Egypt,,,environmental,country_year_environment_version,EGY01-E109,2001,Egypt
AY531131,Environmental surveillance of wild poliovirus circulation inEgypt--balancing between detection sensitivity and workload,ES in Egypt 2001-2002,wild,environmental,2002-01-01,,,,unknown,Egypt,,Egypt,,2001,Egypt,,,environmental,country_year_environment_version,EGY01-E127-V1,2001,Egypt
AY531130,Environmental surveillance of wild poliovirus circulation inEgypt--balancing between detection sensitivity and workload,ES in Egypt 2001-2002,wild,environmental,2002-01-01,,,,unknown,Egypt,,Egypt,,2001,Egypt,,,environmental,country_year_environment_version,EGY01-E108-V1,2001,Egypt
AY531129,Environmental surveillance of wild poliovirus circulation inEgypt--balancing between detection sensitivity and workload,ES in Egypt 2001-2002,wild,environmental,2002-01-01,,,,unknown,Egypt,,Egypt,,2001,Egypt,,,environmental,country_year_environment_version,EGY01-E54,2001,Egypt
AY528663,Environmental surveillance of wild poliovirus circulation inEgypt--balancing between detection sensitivity and workload,ES in Egypt 2001-2002,wild,environmental,2002-01-01,,,,unknown,,,,,2003,Egypt,,,environmental,country_year_environment_version,EGY03-E133-V1,2003,Egypt
AY528662,Environmental surveillance of wild poliovirus circulation inEgypt--balancing between detection sensitivity and workload,ES in Egypt 2001-2002,wild,environmental,2002-01-01,,,,unknown,,,,,2002,Egypt,,,,country_year_optional_case,EGY02-442,2002,Egypt
AY528661,Environmental surveillance of wild poliovirus circulation inEgypt--balancing between detection sensitivity and workload,ES in Egypt 2001-2002,wild,environmental,2002-01-01,,,,unknown,,,,,2001,Egypt,,,,country_year_optional_case,EGY01-219,2001,Egypt
AY528660,Environmental surveillance of wild poliovirus circulation inEgypt--balancing between detection sensitivity and workload,ES in Egypt 2001-2002,wild,environmental,2002-01-01,,,,unknown,,,,,2002,Egypt,,,,country_year_optional_case,EGY02-566,2002,Egypt
AY528659,Environmental surveillance of wild poliovirus circulation inEgypt--balancing between detection sensitivity and workload,ES in Egypt 2001-2002,wild,environmental,2002-01-01,,,,unknown,,,,,2002,Egypt,,,,country_year_optional_case,EGY02-455,2002,Egypt
AY528658,Environmental surveillance of wild poliovirus circulation inEgypt--balancing between detection sensitivity and workload,ES in Egypt 2001-2002,wild,environmental,2002-01-01,,,,unknown,,,,,2002,Egypt,,,,country_year_optional_case,EGY02-467,2002,Egypt
AY528657,Environmental surveillance of wild poliovirus circulation inEgypt--balancing between detection sensitivity and workload,ES in Egypt 2001-2002,wild,environmental,2002-01-01,,,,unknown,,,,,2002,Egypt,,,,country_year_optional_case,EGY02-528,2002,Egypt
AY528656,Environmental surveillance of wild poliovirus circulation inEgypt--balancing between detection sensitivity and workload,ES in Egypt 2001-2002,wild,environmental,2002-01-01,,,,unknown,,,,,2002,Egypt,,,,country_year_optional_case,EGY02-574,2002,Egypt
AY528655,Environmental surveillance of wild poliovirus circulation inEgypt--balancing between detection sensitivity and workload,ES in Egypt 2001-2002,wild,environmental,2002-01-01,,,,unknown,,,,,2003,Egypt,,,,country_year_optional_case,EGY03-283,2003,Egypt
AY528654,Environmental surveillance of wild poliovirus circulation inEgypt--balancing between detection sensitivity and workload,ES in Egypt 2001-2002,wild,environmental,2002-01-01,,,,unknown,,,,,2002,Egypt,,,environmental,country_year_environment_version,EGY02-E144-V2,2002,Egypt
AY528653,Environmental surveillance of wild poliovirus circulation inEgypt--balancing between detection sensitivity and workload,ES in Egypt 2001-2002,wild,environmental,2002-01-01,,,,unknown,,,,,2002,Egypt,,,,country_year_optional_case,EGY02-444,2002,Egypt
AY211513,Evolution of wild type 1 poliovirus in two healthy siblingsexcreting the virus over a period of six months,Somali kids with long WPV1 excretion 1993,wild,healthy,1993-05-01,,,,unknown,,,,,1993,Somalia,,,,six_digit_date_or_lab_year,051093A,1993,Somalia
AY211512,Evolution of wild type 1 poliovirus in two healthy siblingsexcreting the virus over a period of six months,Somali kids with long WPV1 excretion 1993,wild,healthy,1993-05-01,,,,unknown,,,,,1993,Somalia,,,,six_digit_date_or_lab_year,190793A,1993,Somalia
AY211511,Evolution of wild type 1 poliovirus in two healthy siblingsexcreting the virus over a period of six months,Somali kids with long WPV1 excretion 1993,wild,healthy,1993-05-01,,,,unknown,,,,,1993,Somalia,,,,six_digit_date_or_lab_year,010493A,1993,Somalia
AY211510,Evolution of wild type 1 poliovirus in two healthy siblingsexcreting the virus over a period of six months,Somali kids with long WPV1 excretion 1993,wild,healthy,1993-05-01,,,,unknown,,,,,1993,Somalia,,,,six_digit_date_or_lab_year,100693A,1993,Somalia
AY211509,Evolution of wild type 1 poliovirus in two healthy siblingsexcreting the virus over a period of six months,Somali kids with long WPV1 excretion 1993,wild,healthy,1993-05-01,,,,unknown,,,,,1993,Somalia,,,,six_digit_date_or_lab_year,150793A,1993,Somalia
AY211508,Evolution of wild type 1 poliovirus in two healthy siblingsexcreting the virus over a period of six months,Somali kids with long WPV1 excretion 1993,wild,healthy,1993-05-01,,,,unknown,,,,,1993,Somalia,,,,six_digit_date_or_lab_year,090793A,1993,Somalia
AY211507,Evolution of wild type 1 poliovirus in two healthy siblingsexcreting the virus over a period of six months,Somali kids with long WPV1 excretion 1993,wild,healthy,1993-05-01,,,,unknown,,,,,1993,Somalia,,,,six_digit_date_or_lab_year,150793B,1993,Somalia
AY211506,Evolution of wild type 1 poliovirus in two healthy siblingsexcreting the virus over a period of six months,Somali kids with long WPV1 excretion 1993,wild,healthy,1993-05-01,,,,unknown,,,,,1993,Somalia,,,,six_digit_date_or_lab_year,110393B,1993,Somalia
AY211505,Evolution of wild type 1 poliovirus in two healthy siblingsexcreting the virus over a period of six months,Somali kids with long WPV1 excretion 1993,wild,healthy,1993-05-01,,,,unknown,,,,,1993,Somalia,,,,six_digit_date_or_lab_year,010493B,1993,Somalia
AY211504,Evolution of wild type 1 poliovirus in two healthy siblingsexcreting the virus over a period of six months,Somali kids with long WPV1 excretion 1993,wild,healthy,1993-05-01,,,,unknown,,,,,1993,Somalia,,,,six_digit_date_or_lab_year,290993A,1993,Somalia
AY211503,Evolution of wild type 1 poliovirus in two healthy siblingsexcreting the virus over a period of six months,Somali kids with long WPV1 excretion 1993,wild,healthy,1993-05-01,,,,unknown,,,,,1993,Somalia,,,,six_digit_date_or_lab_year,051093A,1993,Somalia
AY241265,"Importation and circulation of poliovirus in Bulgaria, 2001",Bulgaria 2001,wild,AFP,2001-05-01,,,,unknown,,,,,2001,Bulgaria,,,,country_year_case,BUL01478,2001,Bulgaria
AY241264,"Importation and circulation of poliovirus in Bulgaria, 2001",Bulgaria 2001,wild,AFP,2001-05-01,,,,unknown,,,,,2001,Bulgaria,,,,country_year_case,BUL01378,2001,Bulgaria
AY241263,"Importation and circulation of poliovirus in Bulgaria, 2001",Bulgaria 2001,wild,AFP,2001-05-01,,,,unknown,,,,,2001,Bulgaria,,,,country_year_case,BUL01306,2001,Bulgaria
AY241262,"Importation and circulation of poliovirus in Bulgaria, 2001",Bulgaria 2001,wild,AFP,2001-05-01,,,,unknown,,,,,2001,Bulgaria,,,,country_year_case,BUL01239,2001,Bulgaria
AY241261,"Importation and circulation of poliovirus in Bulgaria, 2001",Bulgaria 2001,wild,AFP,1999-05-01,,,,unknown,,,,,1999,Syria,,,,country_year_case,SYR99342,1999,Syria
AF545181,Prolonged detection of indigenous wild polioviruses in sewage fromcommunities in Egypt,WPV1 in Egypt 2001,wild,AFP,2001-11-21,,,,unknown,,,,,2001,Egypt,,,environmental,country_year_environment_version,EGY01-E37,2001,Egypt
AF545180,Prolonged detection of indigenous wild polioviruses in sewage fromcommunities in Egypt,WPV1 in Egypt 2001,wild,AFP,2001-06-27,,,,unknown,,,,,2001,Egypt,,,environmental,country_year_environment_version,EGY01-E47,2001,Egypt
AF545179,Prolonged detection of indigenous wild polioviruses in sewage fromcommunities in Egypt,WPV1 in Egypt 2001,wild,AFP,2001-03-26,,,,unknown,,,,,2001,Egypt,,,environmental,country_year_environment_version,EGY01-E56,2001,Egypt
AF545178,Prolonged detection of indigenous wild polioviruses in sewage fromcommunities in Egypt,WPV1 in Egypt 2001,wild,AFP,2001-01-07,,,,unknown,,,,,2001,Egypt,,,environmental,country_year_environment_version,EGY01-E50,2001,Egypt
AF545177,Prolonged detection of indigenous wild polioviruses in sewage fromcommunities in Egypt,WPV1 in Egypt 2001,wild,AFP,2001-09-10,,,,unknown,,,,,1998,Egypt,Minya,,,country_lab_slash_year_with_exact_text_date,EGY 384/98 MINYA 02.11.1998,1998,Egypt
AF545176,Prolonged detection of indigenous wild polioviruses in sewage fromcommunities in Egypt,WPV1 in Egypt 2001,wild,AFP,2001-04-03,,,,unknown,,,,,1998,Egypt,Minya,,,country_lab_slash_year_with_exact_text_date,EGY 346/98 MINYA 31.10.1998,1998,Egypt
AF545175,Prolonged detection of indigenous wild polioviruses in sewage fromcommunities in Egypt,WPV1 in Egypt 2001,wild,AFP,2001-07-04,,,,unknown,,,,,2001,Egypt,,,environmental,country_year_environment_version,EGY01-E39,2001,Egypt
AF545174,Prolonged detection of indigenous wild polioviruses in sewage fromcommunities in Egypt,WPV1 in Egypt 2001,wild,AFP,2001-09-30,,,,unknown,,,,,2001,Egypt,,,environmental,country_year_environment_version,EGY01-E57,2001,Egypt
AF545173,Prolonged detection of indigenous wild polioviruses in sewage fromcommunities in Egypt,WPV1 in Egypt 2001,wild,AFP,2001-10-18,,,,unknown,,,,,2001,Egypt,,,environmental,country_year_environment_version,EGY01-E7,2001,Egypt
AF545172,Prolonged detection of indigenous wild polioviruses in sewage fromcommunities in Egypt,WPV1 in Egypt 2001,wild,AFP,2001-11-02,,,,unknown,,,,,2001,Egypt,,,environmental,country_year_environment_version,EGY01-E16,2001,Egypt
AF545171,Prolonged detection of indigenous wild polioviruses in sewage fromcommunities in Egypt,WPV1 in Egypt 2001,wild,AFP,2001-06-06,,,,unknown,,,,,2001,Egypt,,,environmental,country_year_environment_version,EGY01-E99-V1,2001,Egypt
AF545170,Prolonged detection of indigenous wild polioviruses in sewage fromcommunities in Egypt,WPV1 in Egypt 2001,wild,AFP,2001-01-15,,,,unknown,,,,,2001,Egypt,,,environmental,country_year_environment_version,EGY01-E48,2001,Egypt
AF545169,Prolonged detection of indigenous wild polioviruses in sewage fromcommunities in Egypt,WPV1 in Egypt 2001,wild,AFP,2001-08-06,,,,unknown,,,,,2001,Egypt,,,environmental,country_year_environment_version,EGY01-E81,2001,Egypt
AF545168,Prolonged detection of indigenous wild polioviruses in sewage fromcommunities in Egypt,WPV1 in Egypt 2001,wild,AFP,2001-05-06,,,,unknown,,,,,2001,Egypt,,,environmental,country_year_environment_version,EGY01-E68-V2,2001,Egypt
AF545167,Prolonged detection of indigenous wild polioviruses in sewage fromcommunities in Egypt,WPV1 in Egypt 2001,wild,AFP,2001-02-12,,,,unknown,,,,,2001,Egypt,,,environmental,country_year_environment_version,EGY01-E32,2001,Egypt
AF545166,Prolonged detection of indigenous wild polioviruses in sewage fromcommunities in Egypt,WPV1 in Egypt 2001,wild,AFP,2001-07-13,,,,unknown,,,,,2001,Egypt,,,environmental,country_year_environment_version,EGY01-E38,2001,Egypt
AF545165,Prolonged detection of indigenous wild polioviruses in sewage fromcommunities in Egypt,WPV1 in Egypt 2001,wild,AFP,2001-12-17,,,,unknown,,,,,2001,Egypt,,,environmental,country_year_environment_version,EGY01-E65,2001,Egypt
AF545164,Prolonged detection of indigenous wild polioviruses in sewage fromcommunities in Egypt,WPV1 in Egypt 2001,wild,AFP,2001-09-24,,,,unknown,,,,,2001,Egypt,,,environmental,country_year_environment_version,EGY01-E24-V1,2001,Egypt
AF545163,Prolonged detection of indigenous wild polioviruses in sewage fromcommunities in Egypt,WPV1 in Egypt 2001,wild,AFP,2001-05-08,,,,unknown,,,,,2001,Egypt,,,environmental,country_year_environment_version,EGY01-E76,2001,Egypt
AF545162,Prolonged detection of indigenous wild polioviruses in sewage fromcommunities in Egypt,WPV1 in Egypt 2001,wild,AFP,2001-03-18,,,,unknown,,,,,2001,Egypt,,,environmental,country_year_environment_version,EGY01-E64,2001,Egypt
AF545161,Prolonged detection of indigenous wild polioviruses in sewage fromcommunities in Egypt,WPV1 in Egypt 2001,wild,AFP,2001-11-01,,,,unknown,,,,,2001,Egypt,,,environmental,country_year_environment_version,EGY01-E23,2001,Egypt
AF545160,Prolonged detection of indigenous wild polioviruses in sewage fromcommunities in Egypt,WPV1 in Egypt 2001,wild,AFP,2001-09-25,,,,unknown,,,,,2001,Egypt,,,environmental,country_year_environment_version,EGY01-E53-V2,2001,Egypt
AF545159,Prolonged detection of indigenous wild polioviruses in sewage fromcommunities in Egypt,WPV1 in Egypt 2001,wild,AFP,2001-08-22,,,,unknown,,,,,2001,Egypt,Aboqurqas,,,country_lab_slash_year_with_exact_text_date,EGY 026/01 ABOQURQAS 21.01.2001,2001,Egypt
AF545158,Prolonged detection of indigenous wild polioviruses in sewage fromcommunities in Egypt,WPV1 in Egypt 2001,wild,AFP,2001-10-13,,,,unknown,,,,,2001,Egypt,,,environmental,country_year_environment_version,EGY01-E87,2001,Egypt
AF545157,Prolonged detection of indigenous wild polioviruses in sewage fromcommunities in Egypt,WPV1 in Egypt 2001,wild,AFP,2001-10-05,,,,unknown,,,,,2001,Egypt,,,environmental,country_year_environment_version,EGY01-E96-V2,2001,Egypt
AF545156,Prolonged detection of indigenous wild polioviruses in sewage fromcommunities in Egypt,WPV1 in Egypt 2001,wild,AFP,2001-03-09,,,,unknown,,,,,2001,Egypt,,,environmental,country_year_environment_version,EGY01-E88-V1,2001,Egypt
AF545155,Prolonged detection of indigenous wild polioviruses in sewage fromcommunities in Egypt,WPV1 in Egypt 2001,wild,AFP,2001-05-24,,,,unknown,,,,,2001,Egypt,,,environmental,country_year_environment_version,EGY01-E63,2001,Egypt
AF545154,Prolonged detection of indigenous wild polioviruses in sewage fromcommunities in Egypt,WPV1 in Egypt 2001,wild,AFP,2001-05-28,,,,unknown,,,,,2001,Egypt,Mallawi,,,country_lab_slash_year_with_exact_text_date,EGY 017/01 MALLAWI 15.01.2001,2001,Egypt
AF545153,Prolonged detection of indigenous wild polioviruses in sewage fromcommunities in Egypt,WPV1 in Egypt 2001,wild,AFP,2001-01-03,,,,unknown,,,,,2001,Egypt,Mallawi,,,country_lab_slash_year_with_exact_text_date,EGY 017/01 MALLAWI 16.01.2001,2001,Egypt
AF545152,Prolonged detection of indigenous wild polioviruses in sewage fromcommunities in Egypt,WPV1 in Egypt 2001,wild,AFP,2001-11-04,,,,unknown,,,,,2001,Egypt,Aboqurqas,,,country_lab_slash_year_with_exact_text_date,EGY 085/01 ABOQURQAS 13.02.2001,2001,Egypt
AF545151,Prolonged detection of indigenous wild polioviruses in sewage fromcommunities in Egypt,WPV1 in Egypt 2001,wild,AFP,2001-03-16,,,,unknown,,,,,2001,Egypt,Aboqurqas,,,country_lab_slash_year_with_exact_text_date,EGY 085/01 ABOQURQAS 12.02.2001,2001,Egypt
AF545150,Prolonged detection of indigenous wild polioviruses in sewage fromcommunities in Egypt,WPV1 in Egypt 2001,wild,AFP,2001-01-19,,,,unknown,,,,,2001,Egypt,,,environmental,country_year_environment_version,EGY01-E67-V1,2001,Egypt
AF545149,Prolonged detection of indigenous wild polioviruses in sewage fromcommunities in Egypt,WPV1 in Egypt 2001,wild,AFP,2001-05-26,,,,unknown,,,,,2001,Egypt,,,environmental,country_year_environment_version,EGY01-E58,2001,Egypt
AF545148,Prolonged detection of indigenous wild polioviruses in sewage fromcommunities in Egypt,WPV1 in Egypt 2001,wild,AFP,2001-11-03,,,,unknown,,,,,2001,Egypt,,,environmental,country_year_environment_version,EGY01-E44-V1,2001,Egypt
AF545147,Prolonged detection of indigenous wild polioviruses in sewage fromcommunities in Egypt,WPV1 in Egypt 2001,wild,AFP,2001-01-22,,,,unknown,,,,,2001,Egypt,,,environmental,country_year_environment_version,EGY01-E83,2001,Egypt
AF545146,Prolonged detection of indigenous wild polioviruses in sewage fromcommunities in Egypt,WPV1 in Egypt 2001,wild,AFP,2001-07-17,,,,unknown,,,,,2001,Egypt,,,environmental,country_year_environment_version,EGY01-E79,2001,Egypt
AF545145,Prolonged detection of indigenous wild polioviruses in sewage fromcommunities in Egypt,WPV1 in Egypt 2001,wild,AFP,2001-05-03,,,,unknown,,,,,2001,Egypt,,,environmental,country_year_environment_version,EGY01-E61,2001,Egypt
AF545144,Prolonged detection of indigenous wild polioviruses in sewage fromcommunities in Egypt,WPV1 in Egypt 2001,wild,AFP,2001-05-10,,,,unknown,,,,,2001,Egypt,,,environmental,country_year_environment_version,EGY01-E69,2001,Egypt
AF545143,Prolonged detection of indigenous wild polioviruses in sewage fromcommunities in Egypt,WPV1 in Egypt 2001,wild,AFP,2001-09-08,,,,unknown,,,,,2001,Egypt,,,environmental,country_year_environment_version,EGY01-E72-V2,2001,Egypt
AF545142,Prolonged detection of indigenous wild polioviruses in sewage fromcommunities in Egypt,WPV1 in Egypt 2001,wild,AFP,2001-08-28,,,,unknown,,,,,2001,Egypt,,,environmental,country_year_environment_version,EGY01-E75,2001,Egypt
AF545141,Prolonged detection of indigenous wild polioviruses in sewage fromcommunities in Egypt,WPV1 in Egypt 2001,wild,AFP,2001-07-03,,,,unknown,,,,,2001,Egypt,,,environmental,country_year_environment_version,EGY01-E49-V1,2001,Egypt
AF545140,Prolonged detection of indigenous wild polioviruses in sewage fromcommunities in Egypt,WPV1 in Egypt 2001,wild,AFP,2001-12-10,,,,unknown,,,,,2001,Egypt,,,environmental,country_year_environment_version,EGY01-E10,2001,Egypt
AF545139,Prolonged detection of indigenous wild polioviruses in sewage fromcommunities in Egypt,WPV1 in Egypt 2001,wild,AFP,2001-01-30,,,,unknown,,,,,2001,Egypt,,,environmental,country_year_environment_version,EGY01-E131,2001,Egypt
AF545138,Prolonged detection of indigenous wild polioviruses in sewage fromcommunities in Egypt,WPV1 in Egypt 2001,wild,AFP,2001-09-27,,,,unknown,,,,,2001,Egypt,,,environmental,country_year_environment_version,EGY01-E115-V1,2001,Egypt
AF545137,Prolonged detection of indigenous wild polioviruses in sewage fromcommunities in Egypt,WPV1 in Egypt 2001,wild,AFP,2001-03-01,,,,unknown,,,,,2001,Egypt,Qenacity,,,country_lab_slash_year_with_exact_text_date,EGY 343/01 QENACITY 14.10.2001,2001,Egypt
AF545136,Prolonged detection of indigenous wild polioviruses in sewage fromcommunities in Egypt,WPV1 in Egypt 2001,wild,AFP,2001-08-26,,,,unknown,,,,,2001,Egypt,,,environmental,country_year_environment_version,EGY01-E121,2001,Egypt
AF545135,Prolonged detection of indigenous wild polioviruses in sewage fromcommunities in Egypt,WPV1 in Egypt 2001,wild,AFP,2001-12-22,,,,unknown,,,,,2001,Egypt,,,environmental,country_year_environment_version,EGY01-E118,2001,Egypt
AF545134,Prolonged detection of indigenous wild polioviruses in sewage fromcommunities in Egypt,WPV1 in Egypt 2001,wild,AFP,2001-05-29,,,,unknown,,,,,2001,Egypt,,,environmental,country_year_environment_version,EGY01-E108,2001,Egypt
AF545133,Prolonged detection of indigenous wild polioviruses in sewage fromcommunities in Egypt,WPV1 in Egypt 2001,wild,AFP,2001-10-16,,,,unknown,,,,,2001,Egypt,,,environmental,country_year_environment_version,EGY01-E91,2001,Egypt
AF545132,Prolonged detection of indigenous wild polioviruses in sewage fromcommunities in Egypt,WPV1 in Egypt 2001,wild,AFP,2001-02-13,,,,unknown,,,,,2001,Egypt,,,environmental,country_year_environment_version,EGY01-E78,2001,Egypt
AF545131,Prolonged detection of indigenous wild polioviruses in sewage fromcommunities in Egypt,WPV1 in Egypt 2001,wild,AFP,2001-03-24,,,,unknown,,,,,2001,Egypt,,,environmental,country_year_environment_version,EGY01-E66-V1,2001,Egypt
AF545130,Prolonged detection of indigenous wild polioviruses in sewage fromcommunities in Egypt,WPV1 in Egypt 2001,wild,AFP,2001-05-01,,,,unknown,,,,,1999,Egypt,Minya,,,country_lab_slash_year_with_exact_text_date,EGY 023/99 MINYA 25.01.1999,1999,Egypt
AF545129,Prolonged detection of indigenous wild polioviruses in sewage fromcommunities in Egypt,WPV1 in Egypt 2001,wild,AFP,2001-02-11,,,,unknown,,,,,1999,Egypt,Asyut,,,country_lab_slash_year_with_exact_text_date,EGY 421/99 ASYUT 18.11.1999,1999,Egypt
AF545128,Prolonged detection of indigenous wild polioviruses in sewage fromcommunities in Egypt,WPV1 in Egypt 2001,wild,AFP,2001-10-03,,,,unknown,,,,,2000,Egypt,Asyut,,,country_lab_slash_year_with_exact_text_date,EGY 013/00 ASYUT 16.01.2000,2000,Egypt
AF545127,Prolonged detection of indigenous wild polioviruses in sewage fromcommunities in Egypt,WPV1 in Egypt 2001,wild,AFP,2001-08-01,,,,unknown,,,,,2001,Egypt,,,environmental,country_year_environment_version,EGY01-E35,2001,Egypt
AF545126,Prolonged detection of indigenous wild polioviruses in sewage fromcommunities in Egypt,WPV1 in Egypt 2001,wild,AFP,2001-12-14,,,,unknown,,,,,2001,Egypt,,,environmental,country_year_environment_version,EGY01-E72,2001,Egypt
AF545125,Prolonged detection of indigenous wild polioviruses in sewage fromcommunities in Egypt,WPV1 in Egypt 2001,wild,AFP,2001-03-27,,,,unknown,,,,,2001,Egypt,,,environmental,country_year_environment_version,EGY01-E52-V1,2001,Egypt
AF545124,Prolonged detection of indigenous wild polioviruses in sewage fromcommunities in Egypt,WPV1 in Egypt 2001,wild,AFP,2001-12-13,,,,unknown,,,,,2001,Egypt,,,environmental,country_year_environment_version,EGY01-E111,2001,Egypt
AF545123,Prolonged detection of indigenous wild polioviruses in sewage fromcommunities in Egypt,WPV1 in Egypt 2001,wild,AFP,2001-11-12,,,,unknown,,,,,2001,Egypt,,,environmental,country_year_environment_version,EGY01-E40,2001,Egypt
AF545122,Prolonged detection of indigenous wild polioviruses in sewage fromcommunities in Egypt,WPV1 in Egypt 2001,wild,AFP,2001-11-27,,,,unknown,,,,,2001,Egypt,,,environmental,country_year_environment_version,EGY01-E49-V2,2001,Egypt
AF545121,Prolonged detection of indigenous wild polioviruses in sewage fromcommunities in Egypt,WPV1 in Egypt 2001,wild,AFP,2001-04-20,,,,unknown,,,,,2001,Egypt,,,environmental,country_year_environment_version,EGY01-E14,2001,Egypt
AF545120,Prolonged detection of indigenous wild polioviruses in sewage fromcommunities in Egypt,WPV1 in Egypt 2001,wild,AFP,2001-06-19,,,,unknown,,,,,2001,Egypt,,,environmental,country_year_environment_version,EGY01-E65,2001,Egypt
AF545119,Prolonged detection of indigenous wild polioviruses in sewage fromcommunities in Egypt,WPV1 in Egypt 2001,wild,AFP,2001-08-11,,,,unknown,,,,,2001,Egypt,,,environmental,country_year_environment_version,EGY01-E70,2001,Egypt
AF545118,Prolonged detection of indigenous wild polioviruses in sewage fromcommunities in Egypt,WPV1 in Egypt 2001,wild,AFP,2001-02-25,,,,unknown,,,,,2001,Egypt,,,environmental,country_year_environment_version,EGY01-E76,2001,Egypt
AF545117,Prolonged detection of indigenous wild polioviruses in sewage fromcommunities in Egypt,WPV1 in Egypt 2001,wild,AFP,2001-09-03,,,,unknown,,,,,2001,Egypt,,,environmental,country_year_environment_version,EGY01-E71,2001,Egypt
AF545116,Prolonged detection of indigenous wild polioviruses in sewage fromcommunities in Egypt,WPV1 in Egypt 2001,wild,AFP,2001-02-26,,,,unknown,,,,,2001,Egypt,,,environmental,country_year_environment_version,EGY01-E86,2001,Egypt
AF545115,Prolonged detection of indigenous wild polioviruses in sewage fromcommunities in Egypt,WPV1 in Egypt 2001,wild,AFP,2001-03-07,,,,unknown,,,,,2001,Egypt,,,environmental,country_year_environment_version,EGY01-E77,2001,Egypt
AF545114,Prolonged detection of indigenous wild polioviruses in sewage fromcommunities in Egypt,WPV1 in Egypt 2001,wild,AFP,2001-07-19,,,,unknown,,,,,2001,Egypt,,,environmental,country_year_environment_version,EGY01-E132,2001,Egypt
AF545113,Prolonged detection of indigenous wild polioviruses in sewage fromcommunities in Egypt,WPV1 in Egypt 2001,wild,AFP,2001-08-20,,,,unknown,,,,,2001,Egypt,,,environmental,country_year_environment_version,EGY01-E88-V2,2001,Egypt
AF545112,Prolonged detection of indigenous wild polioviruses in sewage fromcommunities in Egypt,WPV1 in Egypt 2001,wild,AFP,2001-12-05,,,,unknown,,,,,2001,Egypt,,,environmental,country_year_environment_version,EGY01-E96-V1,2001,Egypt
AF545111,Prolonged detection of indigenous wild polioviruses in sewage fromcommunities in Egypt,WPV1 in Egypt 2001,wild,AFP,2001-06-03,,,,unknown,,,,,2001,Egypt,,,environmental,country_year_environment_version,EGY01-E46,2001,Egypt
AF545110,Prolonged detection of indigenous wild polioviruses in sewage fromcommunities in Egypt,WPV1 in Egypt 2001,wild,AFP,2001-07-01,,,,unknown,,,,,2001,Egypt,,,environmental,country_year_environment_version,EGY01-E102-V1,2001,Egypt
AF545109,Prolonged detection of indigenous wild polioviruses in sewage fromcommunities in Egypt,WPV1 in Egypt 2001,wild,AFP,2001-03-11,,,,unknown,,,,,2001,Egypt,,,environmental,country_year_environment_version,EGY01-E109-V2,2001,Egypt
AF545108,Prolonged detection of indigenous wild polioviruses in sewage fromcommunities in Egypt,WPV1 in Egypt 2001,wild,AFP,2001-05-23,,,,unknown,,,,,2001,Egypt,,,environmental,country_year_environment_version,EGY01-E81,2001,Egypt
AF545107,Prolonged detection of indigenous wild polioviruses in sewage fromcommunities in Egypt,WPV1 in Egypt 2001,wild,AFP,2001-03-08,,,,unknown,,,,,2001,Egypt,,,environmental,country_year_environment_version,EGY01-E103,2001,Egypt
AF528821,Calibration of a Clock for VP1 Nucleotide Evolution in PoliovirusType 1,Global reference 1963-1996,wild,AFP,1996-05-01,,,,unknown,,,,,1996,Uganda,,,,country_year_optional_case,UGA96-6791,1996,Uganda
AF528820,Calibration of a Clock for VP1 Nucleotide Evolution in PoliovirusType 1,Global reference 1963-1996,wild,AFP,1991-05-01,,,,unknown,,,,,1991,Turkmenistan,,,,country_year_optional_case,TKM91-4026,1991,Turkmenistan
AF528819,Calibration of a Clock for VP1 Nucleotide Evolution in PoliovirusType 1,Global reference 1963-1996,wild,AFP,1991-05-01,,,,unknown,,,,,1991,Egypt,,,,country_year_optional_case,EGY91-3901,1991,Egypt
AF528818,Calibration of a Clock for VP1 Nucleotide Evolution in PoliovirusType 1,Global reference 1963-1996,wild,AFP,1991-05-01,,,,unknown,,,,,1991,Colombia,,,,country_year_optional_case,COL91-2695,1991,Colombia
AF528817,Calibration of a Clock for VP1 Nucleotide Evolution in PoliovirusType 1,Global reference 1963-1996,wild,AFP,1991-05-01,,,,unknown,,,,,1991,Colombia,,,,country_year_optional_case,COL91-2650,1991,Colombia
AF528816,Calibration of a Clock for VP1 Nucleotide Evolution in PoliovirusType 1,Global reference 1963-1996,wild,AFP,1991-05-01,,,,unknown,,,,,1991,Colombia,,,,country_year_optional_case,COL91-0899,1991,Colombia
AF528815,Calibration of a Clock for VP1 Nucleotide Evolution in PoliovirusType 1,Global reference 1963-1996,wild,AFP,1991-05-01,,,,unknown,,,,,1991,Colombia,,,,country_year_optional_case,COL91-0897,1991,Colombia
AF528814,Calibration of a Clock for VP1 Nucleotide Evolution in PoliovirusType 1,Global reference 1963-1996,wild,AFP,1991-05-01,,,,unknown,,,,,1991,Colombia,,,,country_year_optional_case,COL91-0714,1991,Colombia
AF528813,Calibration of a Clock for VP1 Nucleotide Evolution in PoliovirusType 1,Global reference 1963-1996,wild,AFP,1991-05-01,,,,unknown,,,,,1991,Colombia,,,,country_year_optional_case,COL91-0592,1991,Colombia
AF528812,Calibration of a Clock for VP1 Nucleotide Evolution in PoliovirusType 1,Global reference 1963-1996,wild,AFP,1991-05-01,,,,unknown,,,,,1991,Colombia,,,,country_year_optional_case,COL91-0467,1991,Colombia
AF528811,Calibration of a Clock for VP1 Nucleotide Evolution in PoliovirusType 1,Global reference 1963-1996,wild,AFP,1990-05-01,,,,unknown,,,,,1990,Turkey,,,,country_year_optional_case,TUR90-2724,1990,Turkey
AF528810,Calibration of a Clock for VP1 Nucleotide Evolution in PoliovirusType 1,Global reference 1963-1996,wild,AFP,1990-05-01,,,,unknown,,,,,1990,Georgia,,,,country_year_optional_case,GEO90-0919,1990,Georgia
AF528809,Calibration of a Clock for VP1 Nucleotide Evolution in PoliovirusType 1,Global reference 1963-1996,wild,AFP,1990-05-01,,,,unknown,,,,,1990,Colombia,,,,country_year_optional_case,COL90-0559,1990,Colombia
AF528808,Calibration of a Clock for VP1 Nucleotide Evolution in PoliovirusType 1,Global reference 1963-1996,wild,AFP,1990-05-01,,,,unknown,,,,,1990,Colombia,,,,country_year_optional_case,COL90-0464,1990,Colombia
AF528807,Calibration of a Clock for VP1 Nucleotide Evolution in PoliovirusType 1,Global reference 1963-1996,wild,AFP,1990-05-01,,,,unknown,,,,,1990,Peru,,,,country_year_optional_case,PER90-0579,1990,Peru
AF528806,Calibration of a Clock for VP1 Nucleotide Evolution in PoliovirusType 1,Global reference 1963-1996,wild,AFP,1990-05-01,,,,unknown,,,,,1990,Colombia,,,,country_year_optional_case,COL90-0368,1990,Colombia
AF528805,Calibration of a Clock for VP1 Nucleotide Evolution in PoliovirusType 1,Global reference 1963-1996,wild,AFP,1990-05-01,,,,unknown,,,,,1990,Colombia,,,,country_year_optional_case,COL90-0194,1990,Colombia
AF528804,Calibration of a Clock for VP1 Nucleotide Evolution in PoliovirusType 1,Global reference 1963-1996,wild,AFP,1990-05-01,,,,unknown,,,,,1990,Peru,,,,country_year_optional_case,PER90-0177,1990,Peru
AF528803,Calibration of a Clock for VP1 Nucleotide Evolution in PoliovirusType 1,Global reference 1963-1996,wild,AFP,1990-05-01,,,,unknown,,,,,1990,Ecuador,,,,country_year_optional_case,ECU90-0116,1990,Ecuador
AF528802,Calibration of a Clock for VP1 Nucleotide Evolution in PoliovirusType 1,Global reference 1963-1996,wild,AFP,1989-05-01,,,,unknown,,,,,1989,Ecuador,,,,country_year_optional_case,ECU89-0009,1989,Ecuador
AF528801,Calibration of a Clock for VP1 Nucleotide Evolution in PoliovirusType 1,Global reference 1963-1996,wild,AFP,1989-05-01,,,,unknown,,,,,1989,Colombia,,,,country_year_optional_case,COL89-0005,1989,Colombia
AF528800,Calibration of a Clock for VP1 Nucleotide Evolution in PoliovirusType 1,Global reference 1963-1996,wild,AFP,1989-05-01,,,,unknown,,,,,1989,Ecuador,,,,country_year_optional_case,ECU89-0006,1989,Ecuador
AF528799,Calibration of a Clock for VP1 Nucleotide Evolution in PoliovirusType 1,Global reference 1963-1996,wild,AFP,1989-05-01,,,,unknown,,,,,1989,South Africa,,,,country_year_optional_case,SAA89-9340,1989,South Africa
AF528798,Calibration of a Clock for VP1 Nucleotide Evolution in PoliovirusType 1,Global reference 1963-1996,wild,AFP,1989-05-01,,,,unknown,,,,,1989,Colombia,,,,country_year_optional_case,COL89-9830,1989,Colombia
AF528797,Calibration of a Clock for VP1 Nucleotide Evolution in PoliovirusType 1,Global reference 1963-1996,wild,AFP,1988-05-01,,,,unknown,,,,,1988,Peru,,,,country_year_optional_case,PER88-8840,1988,Peru
AF528796,Calibration of a Clock for VP1 Nucleotide Evolution in PoliovirusType 1,Global reference 1963-1996,wild,AFP,1988-05-01,,,,unknown,,,,,1988,Venezuela,,,,country_year_optional_case,VEN88-8182,1988,Venezuela
AF528795,Calibration of a Clock for VP1 Nucleotide Evolution in PoliovirusType 1,Global reference 1963-1996,wild,AFP,1988-05-01,,,,unknown,,,,,1988,Peru,,,,country_year_optional_case,PER88-8826,1988,Peru
AF528794,Calibration of a Clock for VP1 Nucleotide Evolution in PoliovirusType 1,Global reference 1963-1996,wild,AFP,1988-05-01,,,,unknown,,,,,1988,Venezuela,,,,country_year_optional_case,VEN88-8185,1988,Venezuela
AF528793,Calibration of a Clock for VP1 Nucleotide Evolution in PoliovirusType 1,Global reference 1963-1996,wild,AFP,1988-05-01,,,,unknown,,,,,1988,Peru,,,,country_year_optional_case,PER88-8825,1988,Peru
AF528792,Calibration of a Clock for VP1 Nucleotide Evolution in PoliovirusType 1,Global reference 1963-1996,wild,AFP,1988-05-01,,,,unknown,,,,,1988,Peru,,,,country_year_optional_case,PER88-8824,1988,Peru
AF528791,Calibration of a Clock for VP1 Nucleotide Evolution in PoliovirusType 1,Global reference 1963-1996,wild,AFP,1987-05-01,,,,unknown,,,,,1987,Guatemala,,,,country_year_optional_case,GUT87-8223,1987,Guatemala
AF528790,Calibration of a Clock for VP1 Nucleotide Evolution in PoliovirusType 1,Global reference 1963-1996,wild,AFP,1987-05-01,,,,unknown,,,,,1987,Israel,,,,country_year_optional_case,ISR87-5483,1987,Israel
AF528789,Calibration of a Clock for VP1 Nucleotide Evolution in PoliovirusType 1,Global reference 1963-1996,wild,AFP,1986-05-01,,,,unknown,,,,,1986,Mexico,,,,country_year_optional_case,MEX86-7166,1986,Mexico
AF528788,Calibration of a Clock for VP1 Nucleotide Evolution in PoliovirusType 1,Global reference 1963-1996,wild,AFP,1986-05-01,,,,unknown,,,,,1986,Colombia,,,,country_year_optional_case,COL86-6875,1986,Colombia
AF528787,Calibration of a Clock for VP1 Nucleotide Evolution in PoliovirusType 1,Global reference 1963-1996,wild,AFP,1984-05-01,,,,unknown,,,,,1984,Venezuela,,,,country_year_optional_case,VEN84-6429,1984,Venezuela
AF528786,Calibration of a Clock for VP1 Nucleotide Evolution in PoliovirusType 1,Global reference 1963-1996,wild,AFP,1983-05-01,,,,unknown,,,,,1983,Peru,,,,country_year_optional_case,PER83-7835,1983,Peru
AF528785,Calibration of a Clock for VP1 Nucleotide Evolution in PoliovirusType 1,Global reference 1963-1996,wild,AFP,1982-05-01,,,,unknown,,,,,1982,Venezuela,,,,country_year_optional_case,VEN82-6425,1982,Venezuela
AF528784,Calibration of a Clock for VP1 Nucleotide Evolution in PoliovirusType 1,Global reference 1963-1996,wild,AFP,1982-05-01,,,,unknown,,,,,1982,Dominican Republic,,,,country_year_optional_case,DOR82-3585,1982,Dominican Republic
AF528783,Calibration of a Clock for VP1 Nucleotide Evolution in PoliovirusType 1,Global reference 1963-1996,wild,AFP,1982-05-01,,,,unknown,,,,,1982,Argentina,,,,country_year_optional_case,ARG82-4667,1982,Argentina
AF528782,Calibration of a Clock for VP1 Nucleotide Evolution in PoliovirusType 1,Global reference 1963-1996,wild,AFP,1981-05-01,,,,unknown,,,,,1982,Venezuela,,,,country_year_optional_case,VEN82-3218,1982,Venezuela
AF528781,Calibration of a Clock for VP1 Nucleotide Evolution in PoliovirusType 1,Global reference 1963-1996,wild,AFP,1981-05-01,,,,unknown,,,,,1981,Venezuela,,,,country_year_optional_case,VEN81-3216,1981,Venezuela
AF528780,Calibration of a Clock for VP1 Nucleotide Evolution in PoliovirusType 1,Global reference 1963-1996,wild,AFP,1981-05-01,,,,unknown,,,,,1981,Jordan,,,,country_year_optional_case,JOR81-0881,1981,Jordan
AF528779,Calibration of a Clock for VP1 Nucleotide Evolution in PoliovirusType 1,Global reference 1963-1996,wild,AFP,1980-05-01,,,,unknown,,,,,1980,South Africa,,,,country_year_optional_case,SAA80-2364,1980,South Africa
AF528778,Calibration of a Clock for VP1 Nucleotide Evolution in PoliovirusType 1,Global reference 1963-1996,wild,AFP,1980-05-01,,,,unknown,,,,,1980,Israel,,,,country_year_optional_case,ISR80-5582,1980,Israel
AF528777,Calibration of a Clock for VP1 Nucleotide Evolution in PoliovirusType 1,Global reference 1963-1996,wild,AFP,1979-05-01,,,,unknown,,,,,1979,United States,,,,country_year_optional_case,USA79-1266,1979,United States
AF528776,Calibration of a Clock for VP1 Nucleotide Evolution in PoliovirusType 1,Global reference 1963-1996,wild,AFP,1978-05-01,,,,unknown,,,,,1978,Jordan,,,,country_year_optional_case,JOR78-1197,1978,Jordan
AF528775,Calibration of a Clock for VP1 Nucleotide Evolution in PoliovirusType 1,Global reference 1963-1996,wild,AFP,1977-05-01,,,,unknown,,,,,1977,Venezuela,,,,country_year_optional_case,VEN77-7431,1977,Venezuela
AF528774,Calibration of a Clock for VP1 Nucleotide Evolution in PoliovirusType 1,Global reference 1963-1996,wild,AFP,1977-05-01,,,,unknown,,,,,1977,Turkey,,,,country_year_optional_case,TUR77-2178,1977,Turkey
AF528773,Calibration of a Clock for VP1 Nucleotide Evolution in PoliovirusType 1,Global reference 1963-1996,wild,AFP,1977-05-01,,,,unknown,,,,,1977,Peru,,,,country_year_optional_case,PER77-9421,1977,Peru
AF528772,Calibration of a Clock for VP1 Nucleotide Evolution in PoliovirusType 1,Global reference 1963-1996,wild,AFP,1977-05-01,,,,unknown,,,,,1977,Nicaragua,,,,country_year_optional_case,NIC77-8869,1977,Nicaragua
AF528771,Calibration of a Clock for VP1 Nucleotide Evolution in PoliovirusType 1,Global reference 1963-1996,wild,AFP,1977-05-01,,,,unknown,,,,,1977,Kuwait,,,,country_year_optional_case,KUW77-1117,1977,Kuwait
AF528770,Calibration of a Clock for VP1 Nucleotide Evolution in PoliovirusType 1,Global reference 1963-1996,wild,AFP,1971-05-01,,,,unknown,,,,,1971,Ecuador,,,,country_year_optional_case,ECU71-6178,1971,Ecuador
AF528769,Calibration of a Clock for VP1 Nucleotide Evolution in PoliovirusType 1,Global reference 1963-1996,wild,AFP,1967-05-01,,,,unknown,,,,,1967,Colombia,,,,country_year_optional_case,COL67-1313,1967,Colombia
AF528768,Calibration of a Clock for VP1 Nucleotide Evolution in PoliovirusType 1,Global reference 1963-1996,wild,AFP,1963-05-01,,,,unknown,,,,,1963,Guyana,,,,country_year_optional_case,GUY63-1624,1963,Guyana
AY056700,Investigation of the presence of recombinant polioviruses in thehit population in Albania during the 1996 outbreak,Albania 1996,wild,AFP,1996-05-01,,,,unknown,,,,,1996,Albania,,,,case_country_year,3974ALB96,1996,Albania
AY056699,Investigation of the presence of recombinant polioviruses in thehit population in Albania during the 1996 outbreak,Albania 1996,wild,AFP,1996-05-01,,,,unknown,,,,,1996,Albania,,,,case_country_year,4062ALB96,1996,Albania
AY056697,Investigation of the presence of recombinant polioviruses in thehit population in Albania during the 1996 outbreak,Albania 1996,wild,AFP,1996-05-01,,,,unknown,,,,,1996,Albania,,,,case_country_year,3952ALB96,1996,Albania
AY056693,Investigation of the presence of recombinant polioviruses in thehit population in Albania during the 1996 outbreak,Albania 1996,wild,AFP,1996-05-01,,,,unknown,,,,,1996,Albania,,,,case_country_year,4063ALB96,1996,Albania
AY056692,Investigation of the presence of recombinant polioviruses in thehit population in Albania during the 1996 outbreak,Albania 1996,wild,AFP,1996-05-01,,,,unknown,,,,,1996,Albania,,,,case_country_year,3767ALB96,1996,Albania
AY056691,Investigation of the presence of recombinant polioviruses in thehit population in Albania during the 1996 outbreak,Albania 1996,wild,AFP,1996-05-01,,,,unknown,,,,,1996,Albania,,,,case_country_year,3783ALB96,1996,Albania
AF233121,Evolution of circulating wild poliovirus and of vaccine-derivedpoliovirus in an immunodeficient patient: a unifying model,Former Soviet block 1959-1994 mostly 1990s,wild,AFP,1994-05-01,,,,unknown,,,,,1994,Russia,,,,case_country_year,717RUS94,1994,Russia
AF233120,Evolution of circulating wild poliovirus and of vaccine-derivedpoliovirus in an immunodeficient patient: a unifying model,Former Soviet block 1959-1994 mostly 1990s,wild,AFP,1994-05-01,,,,unknown,,,,,1994,Russia,,,,case_country_year,5937RUS94,1994,Russia
AF233119,Evolution of circulating wild poliovirus and of vaccine-derivedpoliovirus in an immunodeficient patient: a unifying model,Former Soviet block 1959-1994 mostly 1990s,wild,AFP,1990-05-01,,,,unknown,,,,,1990,Georgia,,,,case_country_year,919GEO90,1990,Georgia
AF233118,Evolution of circulating wild poliovirus and of vaccine-derivedpoliovirus in an immunodeficient patient: a unifying model,Former Soviet block 1959-1994 mostly 1990s,wild,AFP,1991-05-01,,,,unknown,,,,,1991,Russia,,,,case_country_year,422RUS91,1991,Russia
AF233117,Evolution of circulating wild poliovirus and of vaccine-derivedpoliovirus in an immunodeficient patient: a unifying model,Former Soviet block 1959-1994 mostly 1990s,wild,AFP,1995-05-01,,,,unknown,,,,,1995,Pakistan,,,,case_country_year,6433PAK95,1995,Pakistan
AF233116,Evolution of circulating wild poliovirus and of vaccine-derivedpoliovirus in an immunodeficient patient: a unifying model,Former Soviet block 1959-1994 mostly 1990s,wild,AFP,1995-05-01,,,,unknown,,,,,1995,Pakistan,,,,case_country_year,6430PAK95,1995,Pakistan
AF233115,Evolution of circulating wild poliovirus and of vaccine-derivedpoliovirus in an immunodeficient patient: a unifying model,Former Soviet block 1959-1994 mostly 1990s,wild,AFP,1994-05-01,,,,unknown,,,,,1994,Tajikistan,,,,case_country_year,6013TAJ94,1994,Tajikistan
AF233114,Evolution of circulating wild poliovirus and of vaccine-derivedpoliovirus in an immunodeficient patient: a unifying model,Former Soviet block 1959-1994 mostly 1990s,wild,AFP,1994-05-01,,,,unknown,,,,,1994,Tajikistan,,,,case_country_year,5990TAJ94,1994,Tajikistan
AF233113,Evolution of circulating wild poliovirus and of vaccine-derivedpoliovirus in an immunodeficient patient: a unifying model,Former Soviet block 1959-1994 mostly 1990s,wild,AFP,1994-05-01,,,,unknown,,,,,1994,China,,,,case_country_year,6070CHN94,1994,China
AF233112,Evolution of circulating wild poliovirus and of vaccine-derivedpoliovirus in an immunodeficient patient: a unifying model,Former Soviet block 1959-1994 mostly 1990s,wild,AFP,1991-05-01,,,,unknown,,,,,1991,Moldova,,,,case_country_year,434MOL91,1991,Moldova
AF233111,Evolution of circulating wild poliovirus and of vaccine-derivedpoliovirus in an immunodeficient patient: a unifying model,Former Soviet block 1959-1994 mostly 1990s,wild,AFP,1985-05-01,,,,unknown,,,,,1985,Georgia,,,,case_country_year,832GEO85,1985,Georgia
AF233110,Evolution of circulating wild poliovirus and of vaccine-derivedpoliovirus in an immunodeficient patient: a unifying model,Former Soviet block 1959-1994 mostly 1990s,wild,AFP,1985-05-01,,,,unknown,,,,,1985,Georgia,,,,case_country_year,827GEO85,1985,Georgia
AF233109,Evolution of circulating wild poliovirus and of vaccine-derivedpoliovirus in an immunodeficient patient: a unifying model,Former Soviet block 1959-1994 mostly 1990s,wild,AFP,1995-05-01,,,,unknown,,,,,1995,Ingushetia,,,,case_country_year,6427ING95,1995,Ingushetia
AF233108,Evolution of circulating wild poliovirus and of vaccine-derivedpoliovirus in an immunodeficient patient: a unifying model,Former Soviet block 1959-1994 mostly 1990s,wild,AFP,1995-05-01,,,,unknown,,,,,1995,Ingushetia,,,,case_country_year,6405ING95,1995,Ingushetia
AF233107,Evolution of circulating wild poliovirus and of vaccine-derivedpoliovirus in an immunodeficient patient: a unifying model,Former Soviet block 1959-1994 mostly 1990s,wild,AFP,1995-05-01,,,,unknown,,,,,1995,Chechnya,,,,case_country_year,6490CHE95,1995,Chechnya
AF233106,Evolution of circulating wild poliovirus and of vaccine-derivedpoliovirus in an immunodeficient patient: a unifying model,Former Soviet block 1959-1994 mostly 1990s,wild,AFP,1995-05-01,,,,unknown,,,,,1995,Chechnya,,,,case_country_year,6486CHE95,1995,Chechnya
AF233105,Evolution of circulating wild poliovirus and of vaccine-derivedpoliovirus in an immunodeficient patient: a unifying model,Former Soviet block 1959-1994 mostly 1990s,wild,AFP,1995-05-01,,,,unknown,,,,,1995,Chechnya,,,,case_country_year,6484CHE95,1995,Chechnya
AF233104,Evolution of circulating wild poliovirus and of vaccine-derivedpoliovirus in an immunodeficient patient: a unifying model,Former Soviet block 1959-1994 mostly 1990s,wild,AFP,1995-05-01,,,,unknown,,,,,1995,Chechnya,,,,case_country_year,6064CHE95,1995,Chechnya
AF233103,Evolution of circulating wild poliovirus and of vaccine-derivedpoliovirus in an immunodeficient patient: a unifying model,Former Soviet block 1959-1994 mostly 1990s,wild,AFP,1994-05-01,,,,unknown,,,,,1994,Tajikistan,,,,case_country_year,6011TAJ94,1994,Tajikistan
AF233102,Evolution of circulating wild poliovirus and of vaccine-derivedpoliovirus in an immunodeficient patient: a unifying model,Former Soviet block 1959-1994 mostly 1990s,wild,AFP,1994-05-01,,,,unknown,,,,,1994,Uzbekistan,,,,case_country_year,5794UZB94,1994,Uzbekistan
AF233101,Evolution of circulating wild poliovirus and of vaccine-derivedpoliovirus in an immunodeficient patient: a unifying model,Former Soviet block 1959-1994 mostly 1990s,wild,AFP,1992-05-01,,,,unknown,,,,,1992,Ukraine,,,,case_country_year,5341UKR92,1992,Ukraine
AF233100,Evolution of circulating wild poliovirus and of vaccine-derivedpoliovirus in an immunodeficient patient: a unifying model,Former Soviet block 1959-1994 mostly 1990s,wild,AFP,1991-05-01,,,,unknown,,,,,1991,Tajikistan,,,,case_country_year,4TAJ91,1991,Tajikistan
AF233099,Evolution of circulating wild poliovirus and of vaccine-derivedpoliovirus in an immunodeficient patient: a unifying model,Former Soviet block 1959-1994 mostly 1990s,wild,AFP,1991-05-01,,,,unknown,,,,,1991,Tajikistan,,,,case_country_year,7TAJ91,1991,Tajikistan
AF233098,Evolution of circulating wild poliovirus and of vaccine-derivedpoliovirus in an immunodeficient patient: a unifying model,Former Soviet block 1959-1994 mostly 1990s,wild,AFP,1959-05-01,,,,unknown,,,,,1959,Azerbaijan,,,,case_country_year,169AZB59,1959,Azerbaijan
GU951803,Identification and molecular characterisation of an Indian genotypeof poliovirus type 1 isolated during outbreaks of poliomyelitis in the Democratic Republic of Congo (DRC) from 2006 - 2008,DRC 2006-2008,wild,AFP,2006-03-20,,,,unknown,Democratic Republic of the Congo,,Democratic Republic of the Congo,,2008,Democratic Republic of Congo,,,,pmol_year_sample,PMOL080975,2008,Democratic Republic of the Congo
GU951802,Identification and molecular characterisation of an Indian genotypeof poliovirus type 1 isolated during outbreaks of poliomyelitis in the Democratic Republic of Congo (DRC) from 2006 - 2008,DRC 2006-2008,wild,AFP,2006-07-25,,,,unknown,Democratic Republic of the Congo,,Democratic Republic of the Congo,,2008,Democratic Republic of Congo,,,,pmol_year_sample,PMOL080766,2008,Democratic Republic of the Congo
GU951801,Identification and molecular characterisation of an Indian genotypeof poliovirus type 1 isolated during outbreaks of poliomyelitis in the Democratic Republic of Congo (DRC) from 2006 - 2008,DRC 2006-2008,wild,AFP,2006-08-15,,,,unknown,Democratic Republic of the Congo,,Democratic Republic of the Congo,,2008,Democratic Republic of Congo,,,,pmol_year_sample,PMOL080333,2008,Democratic Republic of the Congo
GU951800,Identification and molecular characterisation of an Indian genotypeof poliovirus type 1 isolated during outbreaks of poliomyelitis in the Democratic Republic of Congo (DRC) from 2006 - 2008,DRC 2006-2008,wild,AFP,2006-08-26,,,,unknown,Democratic Republic of the Congo,,Democratic Republic of the Congo,,2008,Democratic Republic of Congo,,,,pmol_year_sample,PMOL080167,2008,Democratic Republic of the Congo
GU951799,Identification and molecular characterisation of an Indian genotypeof poliovirus type 1 isolated during outbreaks of poliomyelitis in the Democratic Republic of Congo (DRC) from 2006 - 2008,DRC 2006-2008,wild,AFP,2006-11-14,,,,unknown,Democratic Republic of the Congo,,Democratic Republic of the Congo,,2007,Democratic Republic of Congo,,,,pmol_year_sample,PMOL071247,2007,Democratic Republic of the Congo
GU951798,Identification and molecular characterisation of an Indian genotypeof poliovirus type 1 isolated during outbreaks of poliomyelitis in the Democratic Republic of Congo (DRC) from 2006 - 2008,DRC 2006-2008,wild,AFP,2007-02-03,,,,unknown,Democratic Republic of the Congo,,Democratic Republic of the Congo,,2007,Democratic Republic of Congo,,,,pmol_year_sample,PMOL071053,2007,Democratic Republic of the Congo
GU951797,Identification and molecular characterisation of an Indian genotypeof poliovirus type 1 isolated during outbreaks of poliomyelitis in the Democratic Republic of Congo (DRC) from 2006 - 2008,DRC 2006-2008,wild,AFP,2007-02-26,,,,unknown,Democratic Republic of the Congo,,Democratic Republic of the Congo,,2007,Democratic Republic of Congo,,,,pmol_year_sample,PMOL070936,2007,Democratic Republic of the Congo
GU951796,Identification and molecular characterisation of an Indian genotypeof poliovirus type 1 isolated during outbreaks of poliomyelitis in the Democratic Republic of Congo (DRC) from 2006 - 2008,DRC 2006-2008,wild,AFP,2007-03-18,,,,unknown,Democratic Republic of the Congo,,Democratic Republic of the Congo,,2007,Democratic Republic of Congo,,,,pmol_year_sample,PMOL070917,2007,Democratic Republic of the Congo
GU951795,Identification and molecular characterisation of an Indian genotypeof poliovirus type 1 isolated during outbreaks of poliomyelitis in the Democratic Republic of Congo (DRC) from 2006 - 2008,DRC 2006-2008,wild,AFP,2007-04-01,,,,unknown,Democratic Republic of the Congo,,Democratic Republic of the Congo,,2007,Democratic Republic of Congo,,,,pmol_year_sample,PMOL070850,2007,Democratic Republic of the Congo
GU951794,Identification and molecular characterisation of an Indian genotypeof poliovirus type 1 isolated during outbreaks of poliomyelitis in the Democratic Republic of Congo (DRC) from 2006 - 2008,DRC 2006-2008,wild,AFP,2007-05-03,,,,unknown,Democratic Republic of the Congo,,Democratic Republic of the Congo,,2007,Democratic Republic of Congo,,,,pmol_year_sample,PMOL070798,2007,Democratic Republic of the Congo
GU951793,Identification and molecular characterisation of an Indian genotypeof poliovirus type 1 isolated during outbreaks of poliomyelitis in the Democratic Republic of Congo (DRC) from 2006 - 2008,DRC 2006-2008,wild,AFP,2007-05-08,,,,unknown,Democratic Republic of the Congo,,Democratic Republic of the Congo,,2007,Democratic Republic of Congo,,,,pmol_year_sample,PMOL070791,2007,Democratic Republic of the Congo
GU951792,Identification and molecular characterisation of an Indian genotypeof poliovirus type 1 isolated during outbreaks of poliomyelitis in the Democratic Republic of Congo (DRC) from 2006 - 2008,DRC 2006-2008,wild,AFP,2007-06-02,,,,unknown,Democratic Republic of the Congo,,Democratic Republic of the Congo,,2007,Democratic Republic of Congo,,,,pmol_year_sample,PMOL070538,2007,Democratic Republic of the Congo
GU951791,Identification and molecular characterisation of an Indian genotypeof poliovirus type 1 isolated during outbreaks of poliomyelitis in the Democratic Republic of Congo (DRC) from 2006 - 2008,DRC 2006-2008,wild,AFP,2007-06-17,,,,unknown,Democratic Republic of the Congo,,Democratic Republic of the Congo,,2007,Democratic Republic of Congo,,,,pmol_year_sample,PMOL070507,2007,Democratic Republic of the Congo
GU951790,Identification and molecular characterisation of an Indian genotypeof poliovirus type 1 isolated during outbreaks of poliomyelitis in the Democratic Republic of Congo (DRC) from 2006 - 2008,DRC 2006-2008,wild,AFP,2007-08-22,,,,unknown,Democratic Republic of the Congo,,Democratic Republic of the Congo,,2007,Democratic Republic of Congo,,,,pmol_year_sample,PMOL070250,2007,Democratic Republic of the Congo
GU951789,Identification and molecular characterisation of an Indian genotypeof poliovirus type 1 isolated during outbreaks of poliomyelitis in the Democratic Republic of Congo (DRC) from 2006 - 2008,DRC 2006-2008,wild,AFP,2007-10-16,,,,unknown,Democratic Republic of the Congo,,Democratic Republic of the Congo,,2007,Democratic Republic of Congo,,,,pmol_year_sample,PMOL070248,2007,Democratic Republic of the Congo
GU951788,Identification and molecular characterisation of an Indian genotypeof poliovirus type 1 isolated during outbreaks of poliomyelitis in the Democratic Republic of Congo (DRC) from 2006 - 2008,DRC 2006-2008,wild,AFP,2007-11-07,,,,unknown,Democratic Republic of the Congo,,Democratic Republic of the Congo,,2007,Democratic Republic of Congo,,,,pmol_year_sample,PMOL070125,2007,Democratic Republic of the Congo
GU951787,Identification and molecular characterisation of an Indian genotypeof poliovirus type 1 isolated during outbreaks of poliomyelitis in the Democratic Republic of Congo (DRC) from 2006 - 2008,DRC 2006-2008,wild,AFP,2007-12-04,,,,unknown,Democratic Republic of the Congo,,Democratic Republic of the Congo,,2007,Democratic Republic of Congo,,,,pmol_year_sample,PMOL070092,2007,Democratic Republic of the Congo
GU951786,Identification and molecular characterisation of an Indian genotypeof poliovirus type 1 isolated during outbreaks of poliomyelitis in the Democratic Republic of Congo (DRC) from 2006 - 2008,DRC 2006-2008,wild,AFP,2008-01-06,,,,unknown,Democratic Republic of the Congo,,Democratic Republic of the Congo,,2006,Democratic Republic of Congo,,,,pmol_year_sample,PMOL061189,2006,Democratic Republic of the Congo
GU951785,Identification and molecular characterisation of an Indian genotypeof poliovirus type 1 isolated during outbreaks of poliomyelitis in the Democratic Republic of Congo (DRC) from 2006 - 2008,DRC 2006-2008,wild,AFP,2008-04-17,,,,unknown,Democratic Republic of the Congo,,Democratic Republic of the Congo,,2006,Democratic Republic of Congo,,,,pmol_year_sample,PMOL061008,2006,Democratic Republic of the Congo
GU951784,Identification and molecular characterisation of an Indian genotypeof poliovirus type 1 isolated during outbreaks of poliomyelitis in the Democratic Republic of Congo (DRC) from 2006 - 2008,DRC 2006-2008,wild,AFP,2008-05-15,,,,unknown,Democratic Republic of the Congo,,Democratic Republic of the Congo,,2006,Democratic Republic of Congo,,,,pmol_year_sample,PMOL060701,2006,Democratic Republic of the Congo
GU951783,Identification and molecular characterisation of an Indian genotypeof poliovirus type 1 isolated during outbreaks of poliomyelitis in the Democratic Republic of Congo (DRC) from 2006 - 2008,DRC 2006-2008,wild,AFP,2008-06-02,,,,unknown,Democratic Republic of the Congo,,Democratic Republic of the Congo,,2006,Democratic Republic of Congo,,,,pmol_year_sample,PMOL060698,2006,Democratic Republic of the Congo
GU951782,Identification and molecular characterisation of an Indian genotypeof poliovirus type 1 isolated during outbreaks of poliomyelitis in the Democratic Republic of Congo (DRC) from 2006 - 2008,DRC 2006-2008,wild,AFP,2008-06-20,,,,unknown,Democratic Republic of the Congo,,Democratic Republic of the Congo,,2006,Democratic Republic of Congo,,,,pmol_year_sample,PMOL060694,2006,Democratic Republic of the Congo
GU951781,Identification and molecular characterisation of an Indian genotypeof poliovirus type 1 isolated during outbreaks of poliomyelitis in the Democratic Republic of Congo (DRC) from 2006 - 2008,DRC 2006-2008,wild,AFP,2008-06-30,,,,unknown,Democratic Republic of the Congo,,Democratic Republic of the Congo,,2006,Democratic Republic of Congo,,,,pmol_year_sample,PMOL060625,2006,Democratic Republic of the Congo
GU951780,Identification and molecular characterisation of an Indian genotypeof poliovirus type 1 isolated during outbreaks of poliomyelitis in the Democratic Republic of Congo (DRC) from 2006 - 2008,DRC 2006-2008,wild,AFP,2008-08-01,,,,unknown,Democratic Republic of the Congo,,Democratic Republic of the Congo,,2006,Democratic Republic of Congo,,,,pmol_year_sample,PMOL060545,2006,Democratic Republic of the Congo
GU951779,Identification and molecular characterisation of an Indian genotypeof poliovirus type 1 isolated during outbreaks of poliomyelitis in the Democratic Republic of Congo (DRC) from 2006 - 2008,DRC 2006-2008,wild,AFP,2008-08-24,,,,unknown,Democratic Republic of the Congo,,Democratic Republic of the Congo,,2006,Democratic Republic of Congo,,,,pmol_year_sample,PMOL060531,2006,Democratic Republic of the Congo
GU951778,Identification and molecular characterisation of an Indian genotypeof poliovirus type 1 isolated during outbreaks of poliomyelitis in the Democratic Republic of Congo (DRC) from 2006 - 2008,DRC 2006-2008,wild,AFP,2008-09-19,,,,unknown,Democratic Republic of the Congo,,Democratic Republic of the Congo,,2006,Democratic Republic of Congo,,,,pmol_year_sample,PMOL060399,2006,Democratic Republic of the Congo
HQ286319,The Picornaviruses Chapter 26: The poliovirus eradicationinitiative,Polio review,wild,AFP,2002-05-01,2002,,2002,year,Zambia,,Zambia,,,,,,,,,2002,Zambia
HQ286318,The Picornaviruses Chapter 26: The poliovirus eradicationinitiative,Polio review,wild,AFP,1992-05-01,1992,,1992,year,Viet Nam,,Viet Nam,,,,,,,,,1992,Viet Nam
HQ286317,The Picornaviruses Chapter 26: The poliovirus eradicationinitiative,Polio review,wild,AFP,1985-05-01,1985,,1985,year,Tunisia,,Tunisia,,,,,,,,,1985,Tunisia
HQ286316,The Picornaviruses Chapter 26: The poliovirus eradicationinitiative,Polio review,wild,AFP,2009-05-01,2009,,2009,year,Sudan,,Sudan,,2009,Sudan,,,,country_year_case,SUD0911243,2009,Sudan
HQ286315,The Picornaviruses Chapter 26: The poliovirus eradicationinitiative,Polio review,wild,AFP,1989-05-01,1989,,1989,year,South Africa,,South Africa,,,,,,,,,1989,South Africa
HQ286314,The Picornaviruses Chapter 26: The poliovirus eradicationinitiative,Polio review,wild,AFP,2009-05-01,2009,,2009,year,Nigeria,,Nigeria,,2009,Niger,,,,country_year_case,NIE0911241,2009,Nigeria
HQ286313,The Picornaviruses Chapter 26: The poliovirus eradicationinitiative,Polio review,wild,AFP,2007-05-01,2007,,2007,year,Nepal,,Nepal,,2007,Nepal,,,,country_year_case,NEP0711237,2007,Nepal
HQ286312,The Picornaviruses Chapter 26: The poliovirus eradicationinitiative,Polio review,wild,AFP,2000-05-01,2000,,2000,year,Iraq,,Iraq,,2000,Iraq,,,,country_year_case,IRQ0011239,2000,Iraq
HQ286311,The Picornaviruses Chapter 26: The poliovirus eradicationinitiative,Polio review,wild,AFP,2009-05-01,2009,,2009,year,Indonesia,,Indonesia,,,,,,,,,2009,Indonesia
HQ286310,The Picornaviruses Chapter 26: The poliovirus eradicationinitiative,Polio review,wild,AFP,1987-05-01,1987,,1987,year,Guatemala,,Guatemala,,1987,Guatemala,,,,country_year_case,GUT8711240,1987,Guatemala
HQ286309,The Picornaviruses Chapter 26: The poliovirus eradicationinitiative,Polio review,wild,AFP,2004-05-01,2004,,2004,year,Egypt,,Egypt,,2004,Egypt,,,,country_year_case,EGY0411236,2004,Egypt
HQ286308,The Picornaviruses Chapter 26: The poliovirus eradicationinitiative,Polio review,wild,AFP,2001-05-01,2001,,2001,year,Afghanistan,,Afghanistan,,2001,Afghanistan,,,,country_year_case,AFG0111235,2001,Afghanistan
GU562892,Poliovirus reference strains,reference strains 2000-2010,wild,AFP,2004-05-01,2002,,2002,year,Pakistan,,Pakistan,,2002,Pakistan,,,,country_year_case,PAK0211215,2002,Pakistan
GU562891,Poliovirus reference strains,reference strains 2000-2010,wild,AFP,2001-05-01,2001,,2001,year,Nigeria,,Nigeria,,2001,Niger,,,,country_year_case,NIE0111214,2001,Nigeria
GU562890,Poliovirus reference strains,reference strains 2000-2010,wild,AFP,2004-05-01,2004,,2004,year,Nigeria,,Nigeria,,2004,Niger,,,,country_year_case,NIE0411213,2004,Nigeria
GU562889,Poliovirus reference strains,reference strains 2000-2010,wild,AFP,2000-05-01,2000,,2000,year,Ghana,,Ghana,,2000,Ghana,,,,country_year_case,GHA0011212,2000,Ghana
GU562881,Poliovirus reference strains,reference strains 2000-2010,wild,AFP,2001-05-01,2001,,2001,year,Egypt,,Egypt,,2001,Egypt,,,,country_year_case,EGY0111216,2001,Egypt
AY253227,Wild Poliovirus Transmission in India,WPV1 in India 1998-1999,wild,AFP,1999-05-01,,,,unknown,,,,,,India,,,,legacy_context_year_fallback,no source or isolate/strain year parsed; falling back to legacy year_approx year for triage,1999,India
AY253226,Wild Poliovirus Transmission in India,WPV1 in India 1998-1999,wild,AFP,1999-05-01,,,,unknown,,,,,,India,,,,legacy_context_year_fallback,no source or isolate/strain year parsed; falling back to legacy year_approx year for triage,1999,India
AY253225,Wild Poliovirus Transmission in India,WPV1 in India 1998-1999,wild,AFP,1999-05-01,,,,unknown,,,,,,India,,,,legacy_context_year_fallback,no source or isolate/strain year parsed; falling back to legacy year_approx year for triage,1999,India
AY253224,Wild Poliovirus Transmission in India,WPV1 in India 1998-1999,wild,AFP,1999-05-01,,,,unknown,,,,,,India,,,,legacy_context_year_fallback,no source or isolate/strain year parsed; falling back to legacy year_approx year for triage,1999,India
AY253223,Wild Poliovirus Transmission in India,WPV1 in India 1998-1999,wild,AFP,1999-05-01,,,,unknown,,,,,,India,,,,legacy_context_year_fallback,no source or isolate/strain year parsed; falling back to legacy year_approx year for triage,1999,India
AY255678,Wild Poliovirus Transmission in India,WPV1 in India 1998-1999,wild,AFP,1998-05-01,,,,unknown,,,,,,India,,,,legacy_context_year_fallback,no source or isolate/strain year parsed; falling back to legacy year_approx year for triage,1998,India
AY255677,Wild Poliovirus Transmission in India,WPV1 in India 1998-1999,wild,AFP,1998-05-01,,,,unknown,,,,,,India,,,,legacy_context_year_fallback,no source or isolate/strain year parsed; falling back to legacy year_approx year for triage,1998,India
AY189879,Environmental surveillance system to track wild poliovirustransmission,India 2001,wild,AFP,2001-05-01,,,,unknown,,,,,2001,India,Uttar Pradesh,Moradabad,,india_state_admin2_year_case,INDUPMRD01029,2001,India
AY189878,Environmental surveillance system to track wild poliovirustransmission,India 2001,wild,AFP,2001-05-01,,,,unknown,,,,,2001,India,Uttar Pradesh,RMP,,india_state_admin2_year_case,INDUPRMP01011,2001,India
AY189877,Environmental surveillance system to track wild poliovirustransmission,India 2001,wild,AFP,2001-05-01,,,,unknown,,,,,2001,India,Uttar Pradesh,RMP,,india_state_admin2_year_case,INDUPRMP01013,2001,India
AY189876,Environmental surveillance system to track wild poliovirustransmission,India 2001,wild,AFP,2001-05-01,,,,unknown,,,,,2001,India,Uttar Pradesh,BRL,,india_state_admin2_year_case,INDUPBRL01032,2001,India
AY189875,Environmental surveillance system to track wild poliovirustransmission,India 2001,wild,AFP,2001-05-01,,,,unknown,,,,,2001,India,Uttar Pradesh,SUL,,india_state_admin2_year_case,INDUPSUL01012,2001,India
AY189874,Environmental surveillance system to track wild poliovirustransmission,India 2001,wild,AFP,2001-05-01,,,,unknown,,,,,2001,India,Uttar Pradesh,SUL,,india_state_admin2_year_case,INDUPSUL01014,2001,India
AY189873,Environmental surveillance system to track wild poliovirustransmission,India 2001,wild,AFP,2001-05-01,,,,unknown,,,,,2001,India,Uttar Pradesh,SUL,,india_state_admin2_year_case,INDUPSUL01009,2001,India
AY189872,Environmental surveillance system to track wild poliovirustransmission,India 2001,wild,AFP,2001-05-01,,,,unknown,,,,,2001,India,Uttar Pradesh,BLS,,india_state_admin2_year_case,INDUPBLS01001,2001,India
AY189871,Environmental surveillance system to track wild poliovirustransmission,India 2001,wild,AFP,2001-05-01,,,,unknown,,,,,2001,India,Uttar Pradesh,RMP,,india_state_admin2_year_case,INDUPRMP01018,2001,India
AY189870,Environmental surveillance system to track wild poliovirustransmission,India 2001,wild,AFP,2001-05-01,,,,unknown,,,,,2000,India,HA,PNP,,india_state_admin2_year_case,INDHAPNP00002,2000,India
AY189869,Environmental surveillance system to track wild poliovirustransmission,India 2001,wild,AFP,2001-05-01,,,,unknown,,,,,2000,India,Uttar Pradesh,Moradabad,,india_state_admin2_year_case,INDUPMRD00018,2000,India
AY189868,Environmental surveillance system to track wild poliovirustransmission,India 2001,wild,AFP,2001-05-01,,,,unknown,,,,,1999,India,Uttar Pradesh,PIL,,india_state_admin2_year_case,INDUPPIL99026,1999,India
AY189867,Environmental surveillance system to track wild poliovirustransmission,India 2001,wild,AFP,2001-05-01,,,,unknown,,,,,2001,India,MH,BMC,,india_state_admin2_year_case,INDMHBMC01107,2001,India
AY189866,Environmental surveillance system to track wild poliovirustransmission,India 2001,wild,healthy,2001-05-01,,,,unknown,,,,healthy child,,India,,,,legacy_context_year_fallback,no source or isolate/strain year parsed; falling back to legacy year_approx year for triage,2001,India
AY189865,Environmental surveillance system to track wild poliovirustransmission,India 2001,wild,AFP,2001-05-01,,,,unknown,,,,,2000,India,MH,BMC,,india_state_admin2_year_case,INDMHBMC00122,2000,India
AY189864,Environmental surveillance system to track wild poliovirustransmission,India 2001,wild,AFP,2001-05-01,,,,unknown,,,,,2000,India,MH,BMC,,india_state_admin2_year_case,INDMHBMC00080,2000,India
AY189863,Environmental surveillance system to track wild poliovirustransmission,India 2001,wild,environmental,2001-05-01,,,,unknown,,,,sewage,2001,India,,,environmental,india_sewer_paper_context,M-SW138,2001,India
AY189862,Environmental surveillance system to track wild poliovirustransmission,India 2001,wild,environmental,2001-05-01,,,,unknown,,,,sewage,2001,India,,,environmental,india_sewer_paper_context,F-SW136,2001,India
AY189861,Environmental surveillance system to track wild poliovirustransmission,India 2001,wild,environmental,2001-05-01,,,,unknown,,,,sewage,2001,India,,,environmental,india_sewer_paper_context,M-SW135,2001,India
AY189860,Environmental surveillance system to track wild poliovirustransmission,India 2001,wild,environmental,2001-05-01,,,,unknown,,,,sewage,2001,India,,,environmental,india_sewer_paper_context,M-SW132,2001,India
AY189859,Environmental surveillance system to track wild poliovirustransmission,India 2001,wild,environmental,2001-05-01,,,,unknown,,,,sewage,2001,India,,,environmental,india_sewer_paper_context,M-SW129,2001,India
AY189858,Environmental surveillance system to track wild poliovirustransmission,India 2001,wild,environmental,2001-05-01,,,,unknown,,,,sewage,2001,India,,,environmental,india_sewer_paper_context,F-SW124,2001,India
AY189857,Environmental surveillance system to track wild poliovirustransmission,India 2001,wild,environmental,2001-05-01,,,,unknown,,,,sewage,2001,India,,,environmental,india_sewer_paper_context,F-SW121,2001,India
AY189856,Environmental surveillance system to track wild poliovirustransmission,India 2001,wild,environmental,2001-05-01,,,,unknown,,,,sewage,2001,India,,,environmental,india_sewer_paper_context,F-SW118,2001,India
AY189855,Environmental surveillance system to track wild poliovirustransmission,India 2001,wild,environmental,2001-05-01,,,,unknown,,,,sewage,2001,India,,,environmental,india_sewer_paper_context,G-SW116,2001,India
AY189854,Environmental surveillance system to track wild poliovirustransmission,India 2001,wild,environmental,2001-05-01,,,,unknown,,,,sewage,2001,India,,,environmental,india_sewer_paper_context,F-SW115,2001,India
AY189853,Environmental surveillance system to track wild poliovirustransmission,India 2001,wild,environmental,2001-05-01,,,,unknown,,,,sewage,2001,India,,,environmental,india_sewer_paper_context,F-SW112,2001,India
AY189852,Environmental surveillance system to track wild poliovirustransmission,India 2001,wild,environmental,2001-05-01,,,,unknown,,,,sewage,2001,India,,,environmental,india_sewer_paper_context,F-SW109,2001,India
AY189851,Environmental surveillance system to track wild poliovirustransmission,India 2001,wild,environmental,2001-05-01,,,,unknown,,,,sewage,2001,India,,,environmental,india_sewer_paper_context,M-SW105,2001,India
AY189850,Environmental surveillance system to track wild poliovirustransmission,India 2001,wild,environmental,2001-05-01,,,,unknown,,,,sewage,2001,India,,,environmental,india_sewer_paper_context,F-SW103,2001,India
AY189849,Environmental surveillance system to track wild poliovirustransmission,India 2001,wild,environmental,2001-05-01,,,,unknown,,,,sewage,2001,India,,,environmental,india_sewer_paper_context,M-SW102,2001,India
AY189848,Environmental surveillance system to track wild poliovirustransmission,India 2001,wild,environmental,2001-05-01,,,,unknown,,,,sewage,2001,India,,,environmental,india_sewer_paper_context,F-SW100,2001,India
AY189847,Environmental surveillance system to track wild poliovirustransmission,India 2001,wild,environmental,2001-05-01,,,,unknown,,,,sewage,2001,India,,,environmental,india_sewer_paper_context,F-SW97,2001,India
AY189846,Environmental surveillance system to track wild poliovirustransmission,India 2001,wild,environmental,2001-05-01,,,,unknown,,,,sewage,2001,India,,,environmental,india_sewer_paper_context,M-SW96,2001,India
AY189845,Environmental surveillance system to track wild poliovirustransmission,India 2001,wild,environmental,2001-05-01,,,,unknown,,,,sewage,2001,India,,,environmental,india_sewer_paper_context,M-SW93,2001,India
AY189844,Environmental surveillance system to track wild poliovirustransmission,India 2001,wild,environmental,2001-05-01,,,,unknown,,,,sewage,2001,India,,,environmental,india_sewer_paper_context,M-SW90,2001,India
AY189843,Environmental surveillance system to track wild poliovirustransmission,India 2001,wild,environmental,2001-05-01,,,,unknown,,,,sewage,2001,India,,,environmental,india_sewer_paper_context,M-SW75,2001,India
AY189842,Environmental surveillance system to track wild poliovirustransmission,India 2001,wild,environmental,2001-05-01,,,,unknown,,,,sewage,2001,India,,,environmental,india_sewer_paper_context,F-SW73,2001,India
AY189841,Environmental surveillance system to track wild poliovirustransmission,India 2001,wild,environmental,2001-05-01,,,,unknown,,,,sewage,2001,India,,,environmental,india_sewer_paper_context,M-SW69,2001,India
AY189840,Environmental surveillance system to track wild poliovirustransmission,India 2001,wild,environmental,2001-05-01,,,,unknown,,,,sewage,2001,India,,,environmental,india_sewer_paper_context,G-SW47,2001,India
AY189839,Environmental surveillance system to track wild poliovirustransmission,India 2001,wild,environmental,2001-05-01,,,,unknown,,,,sewage,2001,India,,,environmental,india_sewer_paper_context,F-SW37,2001,India
AY189838,Environmental surveillance system to track wild poliovirustransmission,India 2001,wild,environmental,2001-05-01,,,,unknown,,,,sewage,2001,India,,,environmental,india_sewer_paper_context,F-SW28,2001,India
AY189837,Environmental surveillance system to track wild poliovirustransmission,India 2001,wild,environmental,2001-05-01,,,,unknown,,,,sewage,2001,India,,,environmental,india_sewer_paper_context,F-SW12,2001,India
AY189836,Environmental surveillance system to track wild poliovirustransmission,India 2001,wild,environmental,2001-05-01,,,,unknown,,,,sewage,2001,India,,,environmental,india_sewer_paper_context,M-SW7,2001,India
AY189835,Environmental surveillance system to track wild poliovirustransmission,India 2001,wild,environmental,2001-05-01,,,,unknown,,,,sewage,2001,India,,,environmental,india_sewer_paper_context,M-SW5,2001,India
AY189834,Environmental surveillance system to track wild poliovirustransmission,India 2001,wild,environmental,2001-05-01,,,,unknown,,,,sewage,2001,India,,,environmental,india_sewer_paper_context,F-SW4,2001,India
AY221222,The Mechanism of Poliovirus Eradication,Kew eradication review 1999-2001 sequences,wild,AFP,2000-01-09,,,,unknown,,,,,1999,Egypt,,,,country_year_case,EGY9910254,1999,Egypt
AY221221,The Mechanism of Poliovirus Eradication,Kew eradication review 1999-2001 sequences,wild,AFP,1999-11-04,,,,unknown,,,,,2001,Egypt,,,,country_year_case,EGY0137981,2001,Egypt
AY221220,The Mechanism of Poliovirus Eradication,Kew eradication review 1999-2001 sequences,wild,AFP,2000-09-28,,,,unknown,,,,,2001,Ethiopia,,,,country_year_case,ETH0137570,2001,Ethiopia
AY221219,The Mechanism of Poliovirus Eradication,Kew eradication review 1999-2001 sequences,wild,AFP,1999-02-17,,,,unknown,,,,,2000,Somalia,,,,country_year_case,SOM0037557,2000,Somalia
AY221218,The Mechanism of Poliovirus Eradication,Kew eradication review 1999-2001 sequences,wild,AFP,2000-12-26,,,,unknown,,,,,2000,Somalia,,,,country_year_case,SOM0022666,2000,Somalia
AY221217,The Mechanism of Poliovirus Eradication,Kew eradication review 1999-2001 sequences,wild,AFP,1999-07-28,,,,unknown,,,,,1999,China,,,,country_year_case,CHN9917888,1999,China
AY221216,The Mechanism of Poliovirus Eradication,Kew eradication review 1999-2001 sequences,wild,AFP,1999-02-07,,,,unknown,,,,,2001,Pakistan,,,,country_year_case,PAK0111594,2001,Pakistan
AY221215,The Mechanism of Poliovirus Eradication,Kew eradication review 1999-2001 sequences,wild,AFP,2000-04-18,,,,unknown,,,,,1999,Nepal,,,,country_year_case,NEP9923061,1999,Nepal
AY221214,The Mechanism of Poliovirus Eradication,Kew eradication review 1999-2001 sequences,wild,AFP,2000-07-16,,,,unknown,,,,,1999,India,,,,country_year_case,IND9922712,1999,India
AY221213,The Mechanism of Poliovirus Eradication,Kew eradication review 1999-2001 sequences,wild,AFP,1999-03-21,,,,unknown,,,,,1999,India,,,,country_year_case,IND9922725,1999,India
AY221212,The Mechanism of Poliovirus Eradication,Kew eradication review 1999-2001 sequences,wild,AFP,2000-02-07,,,,unknown,,,,,1999,India,,,,country_year_case,IND9922676,1999,India
AY221211,The Mechanism of Poliovirus Eradication,Kew eradication review 1999-2001 sequences,wild,AFP,2000-08-24,,,,unknown,,,,,1999,Myanmar,,,,country_year_case,MMR9931783,1999,Myanmar
AY221210,The Mechanism of Poliovirus Eradication,Kew eradication review 1999-2001 sequences,wild,AFP,2000-12-11,,,,unknown,,,,,2000,Bangladesh,,,,country_year_case,BAN0023389,2000,Bangladesh
AY221209,The Mechanism of Poliovirus Eradication,Kew eradication review 1999-2001 sequences,wild,AFP,2000-08-20,,,,unknown,,,,,2001,Pakistan,,,,country_year_case,PAK0118926,2001,Pakistan
AY221208,The Mechanism of Poliovirus Eradication,Kew eradication review 1999-2001 sequences,wild,AFP,1999-04-08,,,,unknown,,,,,2001,Afghanistan,,,,country_year_case,AFG0122675,2001,Afghanistan
AY221207,The Mechanism of Poliovirus Eradication,Kew eradication review 1999-2001 sequences,wild,AFP,1999-04-15,,,,unknown,,,,,2000,Afghanistan,,,,country_year_case,AFG0039493,2000,Afghanistan
AY221206,The Mechanism of Poliovirus Eradication,Kew eradication review 1999-2001 sequences,wild,AFP,1999-08-16,,,,unknown,,,,,2000,Pakistan,,,,country_year_case,PAK0023324,2000,Pakistan
AY221205,The Mechanism of Poliovirus Eradication,Kew eradication review 1999-2001 sequences,wild,AFP,2000-03-21,,,,unknown,,,,,2000,Pakistan,,,,country_year_case,PAK0011134,2000,Pakistan
AY221204,The Mechanism of Poliovirus Eradication,Kew eradication review 1999-2001 sequences,wild,AFP,1999-08-01,,,,unknown,,,,,2001,Iran,,,,country_year_case,IRA0121506,2001,Iran
AY221203,The Mechanism of Poliovirus Eradication,Kew eradication review 1999-2001 sequences,wild,AFP,1999-06-24,,,,unknown,,,,,1999,Sudan,,,,country_year_case,SUD9910495,1999,Sudan
AY221202,The Mechanism of Poliovirus Eradication,Kew eradication review 1999-2001 sequences,wild,AFP,2000-03-18,,,,unknown,,,,,1999,Sudan,,,,country_year_case,SUD9922833,1999,Sudan
AY221201,The Mechanism of Poliovirus Eradication,Kew eradication review 1999-2001 sequences,wild,AFP,2000-12-12,,,,unknown,,,,,2001,Sudan,,,,country_year_case,SUD0137571,2001,Sudan
AY221200,The Mechanism of Poliovirus Eradication,Kew eradication review 1999-2001 sequences,wild,AFP,1999-10-22,,,,unknown,,,,,2000,Chad,,,,country_year_case,CHA0023144,2000,Chad
AY221199,The Mechanism of Poliovirus Eradication,Kew eradication review 1999-2001 sequences,wild,AFP,2000-02-14,,,,unknown,,,,,1999,Niger,,,,country_year_case,NIG9921590,1999,Niger
AY221198,The Mechanism of Poliovirus Eradication,Kew eradication review 1999-2001 sequences,wild,AFP,1999-07-21,,,,unknown,,,,,1999,Niger,,,,country_year_case,NIE9921726,1999,Niger
AY221197,The Mechanism of Poliovirus Eradication,Kew eradication review 1999-2001 sequences,wild,AFP,2000-10-04,,,,unknown,,,,,2001,Niger,,,,country_year_case,NIE0115355,2001,Niger
AY221196,The Mechanism of Poliovirus Eradication,Kew eradication review 1999-2001 sequences,wild,AFP,1999-02-27,,,,unknown,,,,,2000,Niger,,,,country_year_case,NIG0012910,2000,Niger
AY221195,The Mechanism of Poliovirus Eradication,Kew eradication review 1999-2001 sequences,wild,AFP,1999-09-14,,,,unknown,,,,,2000,Niger,,,,country_year_case,NIE0018539,2000,Niger
AY221194,The Mechanism of Poliovirus Eradication,Kew eradication review 1999-2001 sequences,wild,AFP,2000-10-24,,,,unknown,,,,,2000,Niger,,,,country_year_case,NIE0039736,2000,Niger
AY221193,The Mechanism of Poliovirus Eradication,Kew eradication review 1999-2001 sequences,wild,AFP,2000-04-25,,,,unknown,,,,,2001,Niger,,,,country_year_case,NIE0115352,2001,Niger
AY221192,The Mechanism of Poliovirus Eradication,Kew eradication review 1999-2001 sequences,wild,AFP,2000-08-29,,,,unknown,,,,,2001,Niger,,,,country_year_case,NIG0111227,2001,Niger
AY221191,The Mechanism of Poliovirus Eradication,Kew eradication review 1999-2001 sequences,wild,AFP,2000-11-13,,,,unknown,,,,,2001,Niger,,,,country_year_case,NIG0111211,2001,Niger
AY221190,The Mechanism of Poliovirus Eradication,Kew eradication review 1999-2001 sequences,wild,AFP,1999-08-09,,,,unknown,,,,,2001,Angola,,,,country_year_case,ANG0111507,2001,Angola
AY221189,The Mechanism of Poliovirus Eradication,Kew eradication review 1999-2001 sequences,wild,AFP,1999-08-07,,,,unknown,,,,,1999,Angola,,,,country_year_case,ANG9923092,1999,Angola
AY221188,The Mechanism of Poliovirus Eradication,Kew eradication review 1999-2001 sequences,wild,AFP,1999-02-26,,,,unknown,,,,,2000,Angola,,,,country_year_case,ANG0018043,2000,Angola
AY221187,The Mechanism of Poliovirus Eradication,Kew eradication review 1999-2001 sequences,wild,AFP,2000-09-12,,,,unknown,,,,,2000,Cape Verde,,,,country_year_case,CAV0012947,2000,Cape Verde
AY221186,The Mechanism of Poliovirus Eradication,Kew eradication review 1999-2001 sequences,wild,AFP,2000-11-26,,,,unknown,,,,,2000,Angola,,,,country_year_case,ANG0018080,2000,Angola
AY221185,The Mechanism of Poliovirus Eradication,Kew eradication review 1999-2001 sequences,wild,AFP,2000-11-30,,,,unknown,,,,,1999,Niger,,,,country_year_case,NIE9922310,1999,Niger
AY221184,The Mechanism of Poliovirus Eradication,Kew eradication review 1999-2001 sequences,wild,AFP,1999-10-14,,,,unknown,,,,,2001,Mauritania,,,,country_year_case,MAU0137567,2001,Mauritania
AY221183,The Mechanism of Poliovirus Eradication,Kew eradication review 1999-2001 sequences,wild,AFP,2000-03-24,,,,unknown,,,,,2001,Niger,,,,country_year_case,NIE0121914,2001,Niger
AY221182,The Mechanism of Poliovirus Eradication,Kew eradication review 1999-2001 sequences,wild,AFP,2000-02-19,,,,unknown,,,,,2000,Niger,,,,country_year_case,NIE0018982,2000,Niger
KF992623,Phylogeny of imported and reestablished wild polioviruses intheDemocratic Republic of the Congo from 2006 to 2011,DRC 2006-2011,wild,AFP,1999-05-01,1999,,1999,year,Democratic Republic of the Congo,,Democratic Republic of the Congo,,1999,Democratic Republic of Congo,,,,country_year_case,RDC9918305,1999,Democratic Republic of the Congo
KF992622,Phylogeny of imported and reestablished wild polioviruses intheDemocratic Republic of the Congo from 2006 to 2011,DRC 2006-2011,wild,AFP,2010-05-01,2010,,2010,year,Democratic Republic of the Congo,,Democratic Republic of the Congo,,2010,Democratic Republic of Congo,,,,country_year_case,RDC1018304,2010,Democratic Republic of the Congo
KF992621,Phylogeny of imported and reestablished wild polioviruses intheDemocratic Republic of the Congo from 2006 to 2011,DRC 2006-2011,wild,AFP,2010-05-01,2010,,2010,year,Democratic Republic of the Congo,,Democratic Republic of the Congo,,2010,Democratic Republic of Congo,,,,country_year_case,RDC1018302,2010,Democratic Republic of the Congo
KF992620,Phylogeny of imported and reestablished wild polioviruses intheDemocratic Republic of the Congo from 2006 to 2011,DRC 2006-2011,wild,AFP,2010-05-01,2010,,2010,year,Democratic Republic of the Congo,,Democratic Republic of the Congo,,2010,Democratic Republic of Congo,,,,country_year_case,RDC1018301,2010,Democratic Republic of the Congo
KF992619,Phylogeny of imported and reestablished wild polioviruses intheDemocratic Republic of the Congo from 2006 to 2011,DRC 2006-2011,wild,AFP,2010-05-01,2010,,2010,year,Democratic Republic of the Congo,,Democratic Republic of the Congo,,2010,Democratic Republic of Congo,,,,country_year_case,RDC1018300,2010,Democratic Republic of the Congo
KF992618,Phylogeny of imported and reestablished wild polioviruses intheDemocratic Republic of the Congo from 2006 to 2011,DRC 2006-2011,wild,AFP,2010-05-01,2010,,2010,year,Democratic Republic of the Congo,,Democratic Republic of the Congo,,2010,Democratic Republic of Congo,,,,country_year_case,RDC1018299,2010,Democratic Republic of the Congo
KF992617,Phylogeny of imported and reestablished wild polioviruses intheDemocratic Republic of the Congo from 2006 to 2011,DRC 2006-2011,wild,AFP,2010-05-01,2010,,2010,year,Democratic Republic of the Congo,,Democratic Republic of the Congo,,2010,Democratic Republic of Congo,,,,country_year_case,RDC1018298,2010,Democratic Republic of the Congo
KF992616,Phylogeny of imported and reestablished wild polioviruses intheDemocratic Republic of the Congo from 2006 to 2011,DRC 2006-2011,wild,AFP,2010-05-01,2000,,2000,year,Democratic Republic of the Congo,,Democratic Republic of the Congo,,2000,Democratic Republic of Congo,,,,country_year_case,RDC0018303,2000,Democratic Republic of the Congo
KF992615,Phylogeny of imported and reestablished wild polioviruses intheDemocratic Republic of the Congo from 2006 to 2011,DRC 2006-2011,wild,AFP,2010-05-01,2011,,2011,year,Nigeria,,Nigeria,,2011,Niger,,,,country_year_case,NIE1118295,2011,Nigeria
KF992614,Phylogeny of imported and reestablished wild polioviruses intheDemocratic Republic of the Congo from 2006 to 2011,DRC 2006-2011,wild,AFP,2010-05-01,2006,,2006,year,Nigeria,,Nigeria,,2006,Niger,,,,country_year_case,NIE0618296,2006,Nigeria
KF992613,Phylogeny of imported and reestablished wild polioviruses intheDemocratic Republic of the Congo from 2006 to 2011,DRC 2006-2011,wild,AFP,2010-05-01,2005,,2005,year,Nigeria,,Nigeria,,2005,Niger,,,,country_year_case,NIE0518297,2005,Nigeria
KF992612,Phylogeny of imported and reestablished wild polioviruses intheDemocratic Republic of the Congo from 2006 to 2011,DRC 2006-2011,wild,AFP,2010-05-01,2006,,2006,year,India,,India,,2006,India,,,,country_year_case,IND0618307,2006,India
KF992611,Phylogeny of imported and reestablished wild polioviruses intheDemocratic Republic of the Congo from 2006 to 2011,DRC 2006-2011,wild,AFP,2010-05-01,2004,,2004,year,India,,India,,2004,India,,,,country_year_case,IND0418306,2004,India
KF992610,Phylogeny of imported and reestablished wild polioviruses intheDemocratic Republic of the Congo from 2006 to 2011,DRC 2006-2011,wild,AFP,2010-05-01,2010,,2010,year,Democratic Republic of the Congo,,Democratic Republic of the Congo,,,,,,,,,2010,Democratic Republic of the Congo
KF992609,Phylogeny of imported and reestablished wild polioviruses intheDemocratic Republic of the Congo from 2006 to 2011,DRC 2006-2011,wild,AFP,2010-05-01,2010,,2010,year,Democratic Republic of the Congo,,Democratic Republic of the Congo,,,,,,,,,2010,Democratic Republic of the Congo
KF992608,Phylogeny of imported and reestablished wild polioviruses intheDemocratic Republic of the Congo from 2006 to 2011,DRC 2006-2011,wild,AFP,2010-05-01,2010,,2010,year,Democratic Republic of the Congo,,Democratic Republic of the Congo,,,,,,,,,2010,Democratic Republic of the Congo
KF992607,Phylogeny of imported and reestablished wild polioviruses intheDemocratic Republic of the Congo from 2006 to 2011,DRC 2006-2011,wild,AFP,2010-05-01,2010,,2010,year,Angola,,Angola,,2010,Angola,,,,country_year_case,ANG1018290,2010,Angola
KF992606,Phylogeny of imported and reestablished wild polioviruses intheDemocratic Republic of the Congo from 2006 to 2011,DRC 2006-2011,wild,AFP,2010-05-01,2010,,2010,year,Angola,,Angola,,2010,Angola,,,,country_year_case,ANG1018288,2010,Angola
KF992605,Phylogeny of imported and reestablished wild polioviruses intheDemocratic Republic of the Congo from 2006 to 2011,DRC 2006-2011,wild,AFP,2010-05-01,2010,,2010,year,Angola,,Angola,,2010,Angola,,,,country_year_case,ANG1018287,2010,Angola
KF992604,Phylogeny of imported and reestablished wild polioviruses intheDemocratic Republic of the Congo from 2006 to 2011,DRC 2006-2011,wild,AFP,2010-05-01,2010,,2010,year,Angola,,Angola,,2010,Angola,,,,country_year_case,ANG1018286,2010,Angola
KF992603,Phylogeny of imported and reestablished wild polioviruses intheDemocratic Republic of the Congo from 2006 to 2011,DRC 2006-2011,wild,AFP,2010-05-01,2010,,2010,year,Angola,,Angola,,2010,Angola,,,,country_year_case,ANG1018285,2010,Angola
KF992602,Phylogeny of imported and reestablished wild polioviruses intheDemocratic Republic of the Congo from 2006 to 2011,DRC 2006-2011,wild,AFP,2010-05-01,2010,,2010,year,Angola,,Angola,,2010,Angola,,,,country_year_case,ANG1018284,2010,Angola
KF992601,Phylogeny of imported and reestablished wild polioviruses intheDemocratic Republic of the Congo from 2006 to 2011,DRC 2006-2011,wild,AFP,2010-05-01,2010,,2010,year,Angola,,Angola,,2010,Angola,,,,country_year_case,ANG1018283,2010,Angola
KF992600,Phylogeny of imported and reestablished wild polioviruses intheDemocratic Republic of the Congo from 2006 to 2011,DRC 2006-2011,wild,AFP,2000-05-01,2001,,2001,year,Angola,,Angola,,2001,Angola,,,,country_year_case,ANG0118289,2001,Angola
KF992599,Phylogeny of imported and reestablished wild polioviruses intheDemocratic Republic of the Congo from 2006 to 2011,DRC 2006-2011,wild,AFP,2000-05-01,2000,,2000,year,Angola,,Angola,,2000,Angola,,,,country_year_case,ANG0018291,2000,Angola
KP004244,"Genetic analysis and characterization of wild poliovirus type 1during sustained transmission in a population with >95% vaccinecoverage, Israel 2013",Israel 2013,wild,environmental,2013-05-01,08-Jul-2013,2013-07-08,2013,day,Israel,,Israel,Segev Shalom West Trunk line,2013,Israel,,,,pv_lab_country_year,PV1_8203-TT_ISR13,2013,Israel
KP004243,"Genetic analysis and characterization of wild poliovirus type 1during sustained transmission in a population with >95% vaccinecoverage, Israel 2013",Israel 2013,wild,environmental,2013-05-01,09-Jul-2013,2013-07-09,2013,day,Israel,,Israel,Kasefia Trunk line,2013,Israel,,,,country_year_optional_case,ISR13,2013,Israel
KP004242,"Genetic analysis and characterization of wild poliovirus type 1during sustained transmission in a population with >95% vaccinecoverage, Israel 2013",Israel 2013,wild,environmental,2013-05-01,13-Jul-2013,2013-07-13,2013,day,Israel,,Israel,Kiryat Gat Treatment Plant,2013,Israel,,,,pv_lab_country_year,PV1_8191-TT_ISR13,2013,Israel
KP004241,"Genetic analysis and characterization of wild poliovirus type 1during sustained transmission in a population with >95% vaccinecoverage, Israel 2013",Israel 2013,wild,environmental,2013-05-01,02-Jul-2013,2013-07-02,2013,day,Israel,,Israel,Rahat Treatment Plant,2013,Israel,,,,pv_lab_country_year,PV1_8187-TT_ISR13,2013,Israel
KP004240,"Genetic analysis and characterization of wild poliovirus type 1during sustained transmission in a population with >95% vaccinecoverage, Israel 2013",Israel 2013,wild,environmental,2013-05-01,02-Jul-2013,2013-07-02,2013,day,Israel,,Israel,Ayalon Treatment Plant,2013,Israel,,,,pv_lab_country_year,PV1_8186-TT_ISR13,2013,Israel
KP004239,"Genetic analysis and characterization of wild poliovirus type 1during sustained transmission in a population with >95% vaccinecoverage, Israel 2013",Israel 2013,wild,environmental,2013-05-01,24-Jun-2013,2013-06-24,2013,day,Israel,,Israel,Be'er Sheva Treatment Plant,2013,Israel,,,,pv_lab_country_year,PV1_8164-TT_ISR13,2013,Israel
KP004238,"Genetic analysis and characterization of wild poliovirus type 1during sustained transmission in a population with >95% vaccinecoverage, Israel 2013",Israel 2013,wild,environmental,2013-05-01,14-Jun-2013,2013-06-14,2013,day,Israel,,Israel,Rahat Treatment Plant,,,,,,,,2013,Israel
KP004237,"Genetic analysis and characterization of wild poliovirus type 1during sustained transmission in a population with >95% vaccinecoverage, Israel 2013",Israel 2013,wild,environmental,2013-05-01,24-Jun-2013,2013-06-24,2013,day,Israel,,Israel,Tnuvot Treatment Plant,2013,Israel,,,,pv_lab_country_year,PV1_8161-TT_ISR13,2013,Israel
KP004236,"Genetic analysis and characterization of wild poliovirus type 1during sustained transmission in a population with >95% vaccinecoverage, Israel 2013",Israel 2013,wild,environmental,2013-05-01,18-Aug-2013,2013-08-18,2013,day,Israel,,Israel,Arad Treatment Plant,2013,Israel,,,,pv_lab_country_year,PV1_8159-TT_ISR13,2013,Israel
KP004235,"Genetic analysis and characterization of wild poliovirus type 1during sustained transmission in a population with >95% vaccinecoverage, Israel 2013",Israel 2013,wild,environmental,2013-05-01,17-Jun-2013,2013-06-17,2013,day,Israel,,Israel,Be'er Sheva Treatment Plant,2013,Israel,,,,pv_lab_country_year,PV1_8156-TT_ISR13,2013,Israel
KP004234,"Genetic analysis and characterization of wild poliovirus type 1during sustained transmission in a population with >95% vaccinecoverage, Israel 2013",Israel 2013,wild,environmental,2013-05-01,17-Jun-2013,2013-06-17,2013,day,Israel,,Israel,Rahat Treatment Plant,2013,Israel,,,,pv_lab_country_year,PV1_8155-TT_ISR13,2013,Israel
KP004233,"Genetic analysis and characterization of wild poliovirus type 1during sustained transmission in a population with >95% vaccinecoverage, Israel 2013",Israel 2013,wild,environmental,2013-05-01,11-Jun-2013,2013-06-11,2013,day,Israel,,Israel,Rahat South Treatment Plant,2013,Israel,,,,pv_lab_country_year,PV1_8153-TT_ISR13,2013,Israel
KP004232,"Genetic analysis and characterization of wild poliovirus type 1during sustained transmission in a population with >95% vaccinecoverage, Israel 2013",Israel 2013,wild,environmental,2013-05-01,05-Jun-2013,2013-06-05,2013,day,Israel,,Israel,Shoket Treatment Plant,2013,Israel,,,,pv_lab_country_year,PV1_8145-TT_ISR13,2013,Israel
KP004231,"Genetic analysis and characterization of wild poliovirus type 1during sustained transmission in a population with >95% vaccinecoverage, Israel 2013",Israel 2013,wild,environmental,2013-05-01,03-Jun-2013,2013-06-03,2013,day,Israel,,Israel,Rahat Treatment Plant,,,,,,,,2013,Israel
KP004230,"Genetic analysis and characterization of wild poliovirus type 1during sustained transmission in a population with >95% vaccinecoverage, Israel 2013",Israel 2013,wild,environmental,2013-05-01,07-May-2013,2013-05-07,2013,day,Israel,,Israel,Be'er Sheva Treatment Plant,2013,Israel,,,,pv_lab_country_year,PV1_8116-TT2_ISR13,2013,Israel
KP004229,"Genetic analysis and characterization of wild poliovirus type 1during sustained transmission in a population with >95% vaccinecoverage, Israel 2013",Israel 2013,wild,environmental,2013-05-01,06-Jul-1909,1909-07-06,1909,day,Israel,,Israel,asymptomtic shedder,2013,Israel,,,,pv_lab_country_year,PV1_12001-S_ISR13,1909,Israel
KP004228,"Genetic analysis and characterization of wild poliovirus type 1during sustained transmission in a population with >95% vaccinecoverage, Israel 2013",Israel 2013,wild,environmental,2013-05-01,06-Jul-1909,1909-07-06,1909,day,Israel,,Israel,asymptomtic shedder,2013,Israel,,,,pv_lab_country_year,PV1_10065-S_ISR13,1909,Israel
KP004227,"Genetic analysis and characterization of wild poliovirus type 1during sustained transmission in a population with >95% vaccinecoverage, Israel 2013",Israel 2013,wild,environmental,2013-05-01,25-Jun-2013,2013-06-25,2013,day,Israel,,Israel,Rahat Treatment Plant,2013,Israel,,,,pv_lab_country_year,PV1_8163-PL1_ISR13,2013,Israel
KP004226,"Genetic analysis and characterization of wild poliovirus type 1during sustained transmission in a population with >95% vaccinecoverage, Israel 2013",Israel 2013,wild,environmental,2013-05-01,17-Jun-2013,2013-06-17,2013,day,Israel,,Israel,Rahat Treatment Plant,2013,Israel,,,,pv_lab_country_year,PV1_8155-PL1_ISR13,2013,Israel
KP004225,"Genetic analysis and characterization of wild poliovirus type 1during sustained transmission in a population with >95% vaccinecoverage, Israel 2013",Israel 2013,wild,environmental,2013-05-01,11-Jun-2013,2013-06-11,2013,day,Israel,,Israel,Tel Sheva Treatment Plant,2013,Israel,,,,pv_lab_country_year,PV1_8151-PL1_ISR13,2013,Israel
KP004224,"Genetic analysis and characterization of wild poliovirus type 1during sustained transmission in a population with >95% vaccinecoverage, Israel 2013",Israel 2013,wild,environmental,2013-05-01,10-Jun-2013,2013-06-10,2013,day,Israel,,Israel,Rahat Treatment Plant,2013,Israel,,,,pv_lab_country_year,PV1_8148-PL2_ISR13,2013,Israel
KJ502560,Phylogeny of imported and reestablished wild polioviruses intheDemocratic Republic of the Congo from 2006 to 2011,DRC 2006-2011,wild,AFP,2006-01-03,2010,,2010,year,Democratic Republic of the Congo,,Democratic Republic of the Congo,,2011,Democratic Republic of Congo,,,,country_year_case,DRC1118841,2010,Democratic Republic of the Congo
KJ502559,Phylogeny of imported and reestablished wild polioviruses intheDemocratic Republic of the Congo from 2006 to 2011,DRC 2006-2011,wild,AFP,2006-02-02,2010,,2010,year,Democratic Republic of the Congo,,Democratic Republic of the Congo,,2010,Democratic Republic of Congo,,,,country_year_case,DRC1018840,2010,Democratic Republic of the Congo
KJ502558,Phylogeny of imported and reestablished wild polioviruses intheDemocratic Republic of the Congo from 2006 to 2011,DRC 2006-2011,wild,AFP,2006-02-03,2010,,2010,year,Democratic Republic of the Congo,,Democratic Republic of the Congo,,2011,Democratic Republic of Congo,,,,country_year_case,DRC1118839,2010,Democratic Republic of the Congo
KJ502557,Phylogeny of imported and reestablished wild polioviruses intheDemocratic Republic of the Congo from 2006 to 2011,DRC 2006-2011,wild,AFP,2006-02-08,2010,,2010,year,Democratic Republic of the Congo,,Democratic Republic of the Congo,,2011,Democratic Republic of Congo,,,,country_year_case,DRC1118838,2010,Democratic Republic of the Congo
KJ502556,Phylogeny of imported and reestablished wild polioviruses intheDemocratic Republic of the Congo from 2006 to 2011,DRC 2006-2011,wild,AFP,2006-02-15,2010,,2010,year,Democratic Republic of the Congo,,Democratic Republic of the Congo,,2011,Democratic Republic of Congo,,,,country_year_case,DRC1118837,2010,Democratic Republic of the Congo
KJ502555,Phylogeny of imported and reestablished wild polioviruses intheDemocratic Republic of the Congo from 2006 to 2011,DRC 2006-2011,wild,AFP,2006-03-16,2010,,2010,year,Democratic Republic of the Congo,,Democratic Republic of the Congo,,2011,Democratic Republic of Congo,,,,country_year_case,DRC1118836,2010,Democratic Republic of the Congo
KJ502554,Phylogeny of imported and reestablished wild polioviruses intheDemocratic Republic of the Congo from 2006 to 2011,DRC 2006-2011,wild,AFP,2006-03-21,2010,,2010,year,Democratic Republic of the Congo,,Democratic Republic of the Congo,,2011,Democratic Republic of Congo,,,,country_year_case,DRC1118835,2010,Democratic Republic of the Congo
KJ502553,Phylogeny of imported and reestablished wild polioviruses intheDemocratic Republic of the Congo from 2006 to 2011,DRC 2006-2011,wild,AFP,2006-03-22,2011,,2011,year,Democratic Republic of the Congo,,Democratic Republic of the Congo,,2011,Democratic Republic of Congo,,,,country_year_case,DRC1118834,2011,Democratic Republic of the Congo
KJ502552,Phylogeny of imported and reestablished wild polioviruses intheDemocratic Republic of the Congo from 2006 to 2011,DRC 2006-2011,wild,AFP,2006-04-04,2011,,2011,year,Democratic Republic of the Congo,,Democratic Republic of the Congo,,2011,Democratic Republic of Congo,,,,country_year_case,DRC1118833,2011,Democratic Republic of the Congo
KJ502551,Phylogeny of imported and reestablished wild polioviruses intheDemocratic Republic of the Congo from 2006 to 2011,DRC 2006-2011,wild,AFP,2006-04-05,2011,,2011,year,Democratic Republic of the Congo,,Democratic Republic of the Congo,,2011,Democratic Republic of Congo,,,,country_year_case,DRC1118832,2011,Democratic Republic of the Congo
KJ502550,Phylogeny of imported and reestablished wild polioviruses intheDemocratic Republic of the Congo from 2006 to 2011,DRC 2006-2011,wild,AFP,2006-04-15,2011,,2011,year,Democratic Republic of the Congo,,Democratic Republic of the Congo,,2011,Democratic Republic of Congo,,,,country_year_case,DRC1118831,2011,Democratic Republic of the Congo
KJ502549,Phylogeny of imported and reestablished wild polioviruses intheDemocratic Republic of the Congo from 2006 to 2011,DRC 2006-2011,wild,AFP,2006-04-16,2011,,2011,year,Democratic Republic of the Congo,,Democratic Republic of the Congo,,2011,Democratic Republic of Congo,,,,country_year_case,DRC1118830,2011,Democratic Republic of the Congo
KJ502548,Phylogeny of imported and reestablished wild polioviruses intheDemocratic Republic of the Congo from 2006 to 2011,DRC 2006-2011,wild,AFP,2006-04-19,2011,,2011,year,Democratic Republic of the Congo,,Democratic Republic of the Congo,,2011,Democratic Republic of Congo,,,,country_year_case,DRC1118829,2011,Democratic Republic of the Congo
KJ502547,Phylogeny of imported and reestablished wild polioviruses intheDemocratic Republic of the Congo from 2006 to 2011,DRC 2006-2011,wild,AFP,2006-04-25,2010,,2010,year,Democratic Republic of the Congo,,Democratic Republic of the Congo,,2010,Democratic Republic of Congo,,,,country_year_case,DRC1018828,2010,Democratic Republic of the Congo
KJ502546,Phylogeny of imported and reestablished wild polioviruses intheDemocratic Republic of the Congo from 2006 to 2011,DRC 2006-2011,wild,AFP,2006-04-28,2010,,2010,year,Democratic Republic of the Congo,,Democratic Republic of the Congo,,2010,Democratic Republic of Congo,,,,country_year_case,DRC1018827,2010,Democratic Republic of the Congo
KJ502545,Phylogeny of imported and reestablished wild polioviruses intheDemocratic Republic of the Congo from 2006 to 2011,DRC 2006-2011,wild,AFP,2006-04-30,2010,,2010,year,Democratic Republic of the Congo,,Democratic Republic of the Congo,,2010,Democratic Republic of Congo,,,,country_year_case,DRC1018826,2010,Democratic Republic of the Congo
KJ502544,Phylogeny of imported and reestablished wild polioviruses intheDemocratic Republic of the Congo from 2006 to 2011,DRC 2006-2011,wild,AFP,2006-05-04,2010,,2010,year,Democratic Republic of the Congo,,Democratic Republic of the Congo,,2010,Democratic Republic of Congo,,,,country_year_case,DRC1018825,2010,Democratic Republic of the Congo
KJ502543,Phylogeny of imported and reestablished wild polioviruses intheDemocratic Republic of the Congo from 2006 to 2011,DRC 2006-2011,wild,AFP,2006-05-23,2010,,2010,year,Democratic Republic of the Congo,,Democratic Republic of the Congo,,2010,Democratic Republic of Congo,,,,country_year_case,DRC1018824,2010,Democratic Republic of the Congo
KJ502542,Phylogeny of imported and reestablished wild polioviruses intheDemocratic Republic of the Congo from 2006 to 2011,DRC 2006-2011,wild,AFP,2006-05-25,2010,,2010,year,Democratic Republic of the Congo,,Democratic Republic of the Congo,,2010,Democratic Republic of Congo,,,,country_year_case,DRC1018823,2010,Democratic Republic of the Congo
KJ502541,Phylogeny of imported and reestablished wild polioviruses intheDemocratic Republic of the Congo from 2006 to 2011,DRC 2006-2011,wild,AFP,2006-06-01,2010,,2010,year,Democratic Republic of the Congo,,Democratic Republic of the Congo,,2010,Democratic Republic of Congo,,,,country_year_case,DRC1018822,2010,Democratic Republic of the Congo
KJ502540,Phylogeny of imported and reestablished wild polioviruses intheDemocratic Republic of the Congo from 2006 to 2011,DRC 2006-2011,wild,AFP,2006-06-03,2010,,2010,year,Democratic Republic of the Congo,,Democratic Republic of the Congo,,2010,Democratic Republic of Congo,,,,country_year_case,DRC1018821,2010,Democratic Republic of the Congo
KJ502539,Phylogeny of imported and reestablished wild polioviruses intheDemocratic Republic of the Congo from 2006 to 2011,DRC 2006-2011,wild,AFP,2006-06-10,2010,,2010,year,Democratic Republic of the Congo,,Democratic Republic of the Congo,,2010,Democratic Republic of Congo,,,,country_year_case,DRC1018820,2010,Democratic Republic of the Congo
KJ502538,Phylogeny of imported and reestablished wild polioviruses intheDemocratic Republic of the Congo from 2006 to 2011,DRC 2006-2011,wild,AFP,2006-06-16,2010,,2010,year,Democratic Republic of the Congo,,Democratic Republic of the Congo,,2010,Democratic Republic of Congo,,,,country_year_case,DRC1018819,2010,Democratic Republic of the Congo
KJ502537,Phylogeny of imported and reestablished wild polioviruses intheDemocratic Republic of the Congo from 2006 to 2011,DRC 2006-2011,wild,AFP,2006-06-22,2011,,2011,year,Democratic Republic of the Congo,,Democratic Republic of the Congo,,2011,Democratic Republic of Congo,,,,country_year_case,DRC1118818,2011,Democratic Republic of the Congo
KJ502536,Phylogeny of imported and reestablished wild polioviruses intheDemocratic Republic of the Congo from 2006 to 2011,DRC 2006-2011,wild,AFP,2006-07-06,2010,,2010,year,Democratic Republic of the Congo,,Democratic Republic of the Congo,,2010,Democratic Republic of Congo,,,,country_year_case,DRC1018817,2010,Democratic Republic of the Congo
KJ502535,Phylogeny of imported and reestablished wild polioviruses intheDemocratic Republic of the Congo from 2006 to 2011,DRC 2006-2011,wild,AFP,2006-08-04,2010,,2010,year,Democratic Republic of the Congo,,Democratic Republic of the Congo,,2010,Democratic Republic of Congo,,,,country_year_case,DRC1018816,2010,Democratic Republic of the Congo
KJ502534,Phylogeny of imported and reestablished wild polioviruses intheDemocratic Republic of the Congo from 2006 to 2011,DRC 2006-2011,wild,AFP,2006-08-06,2010,,2010,year,Democratic Republic of the Congo,,Democratic Republic of the Congo,,2010,Democratic Republic of Congo,,,,country_year_case,DRC1018815,2010,Democratic Republic of the Congo
KJ502533,Phylogeny of imported and reestablished wild polioviruses intheDemocratic Republic of the Congo from 2006 to 2011,DRC 2006-2011,wild,AFP,2006-08-08,2010,,2010,year,Democratic Republic of the Congo,,Democratic Republic of the Congo,,2010,Democratic Republic of Congo,,,,country_year_case,DRC1018814,2010,Democratic Republic of the Congo
KJ502532,Phylogeny of imported and reestablished wild polioviruses intheDemocratic Republic of the Congo from 2006 to 2011,DRC 2006-2011,wild,AFP,2006-08-15,2010,,2010,year,Democratic Republic of the Congo,,Democratic Republic of the Congo,,2010,Democratic Republic of Congo,,,,country_year_case,DRC1018813,2010,Democratic Republic of the Congo
KJ502531,Phylogeny of imported and reestablished wild polioviruses intheDemocratic Republic of the Congo from 2006 to 2011,DRC 2006-2011,wild,AFP,2006-08-21,2010,,2010,year,Democratic Republic of the Congo,,Democratic Republic of the Congo,,2010,Democratic Republic of Congo,,,,country_year_case,DRC1018812,2010,Democratic Republic of the Congo
KJ502530,Phylogeny of imported and reestablished wild polioviruses intheDemocratic Republic of the Congo from 2006 to 2011,DRC 2006-2011,wild,AFP,2006-08-23,2010,,2010,year,Democratic Republic of the Congo,,Democratic Republic of the Congo,,2010,Democratic Republic of Congo,,,,country_year_case,DRC1018811,2010,Democratic Republic of the Congo
KJ502529,Phylogeny of imported and reestablished wild polioviruses intheDemocratic Republic of the Congo from 2006 to 2011,DRC 2006-2011,wild,AFP,2006-08-30,2011,,2011,year,Democratic Republic of the Congo,,Democratic Republic of the Congo,,2011,Democratic Republic of Congo,,,,country_year_case,DRC1118810,2011,Democratic Republic of the Congo
KJ502528,Phylogeny of imported and reestablished wild polioviruses intheDemocratic Republic of the Congo from 2006 to 2011,DRC 2006-2011,wild,AFP,2006-09-06,2011,,2011,year,Democratic Republic of the Congo,,Democratic Republic of the Congo,,2011,Democratic Republic of Congo,,,,country_year_case,DRC1118809,2011,Democratic Republic of the Congo
KJ502527,Phylogeny of imported and reestablished wild polioviruses intheDemocratic Republic of the Congo from 2006 to 2011,DRC 2006-2011,wild,AFP,2006-09-07,2011,,2011,year,Democratic Republic of the Congo,,Democratic Republic of the Congo,,2011,Democratic Republic of Congo,,,,country_year_case,DRC1118808,2011,Democratic Republic of the Congo
KJ502526,Phylogeny of imported and reestablished wild polioviruses intheDemocratic Republic of the Congo from 2006 to 2011,DRC 2006-2011,wild,AFP,2006-09-08,2010,,2010,year,Democratic Republic of the Congo,,Democratic Republic of the Congo,,2010,Democratic Republic of Congo,,,,country_year_case,DRC1018807,2010,Democratic Republic of the Congo
KJ502525,Phylogeny of imported and reestablished wild polioviruses intheDemocratic Republic of the Congo from 2006 to 2011,DRC 2006-2011,wild,AFP,2006-09-11,2010,,2010,year,Democratic Republic of the Congo,,Democratic Republic of the Congo,,2010,Democratic Republic of Congo,,,,country_year_case,DRC1018806,2010,Democratic Republic of the Congo
KJ502524,Phylogeny of imported and reestablished wild polioviruses intheDemocratic Republic of the Congo from 2006 to 2011,DRC 2006-2011,wild,AFP,2006-09-18,2010,,2010,year,Democratic Republic of the Congo,,Democratic Republic of the Congo,,2010,Democratic Republic of Congo,,,,country_year_case,DRC1018805,2010,Democratic Republic of the Congo
KJ502523,Phylogeny of imported and reestablished wild polioviruses intheDemocratic Republic of the Congo from 2006 to 2011,DRC 2006-2011,wild,AFP,2006-09-23,2010,,2010,year,Democratic Republic of the Congo,,Democratic Republic of the Congo,,2010,Democratic Republic of Congo,,,,country_year_case,DRC1018804,2010,Democratic Republic of the Congo
KJ502522,Phylogeny of imported and reestablished wild polioviruses intheDemocratic Republic of the Congo from 2006 to 2011,DRC 2006-2011,wild,AFP,2006-09-28,2010,,2010,year,Democratic Republic of the Congo,,Democratic Republic of the Congo,,2010,Democratic Republic of Congo,,,,country_year_case,DRC1018803,2010,Democratic Republic of the Congo
KJ502521,Phylogeny of imported and reestablished wild polioviruses intheDemocratic Republic of the Congo from 2006 to 2011,DRC 2006-2011,wild,AFP,2006-10-11,2010,,2010,year,Democratic Republic of the Congo,,Democratic Republic of the Congo,,2010,Democratic Republic of Congo,,,,country_year_case,DRC1018802,2010,Democratic Republic of the Congo
KJ502520,Phylogeny of imported and reestablished wild polioviruses intheDemocratic Republic of the Congo from 2006 to 2011,DRC 2006-2011,wild,AFP,2006-10-13,2010,,2010,year,Democratic Republic of the Congo,,Democratic Republic of the Congo,,2010,Democratic Republic of Congo,,,,country_year_case,DRC1018801,2010,Democratic Republic of the Congo
KJ502519,Phylogeny of imported and reestablished wild polioviruses intheDemocratic Republic of the Congo from 2006 to 2011,DRC 2006-2011,wild,AFP,2006-10-26,2010,,2010,year,Democratic Republic of the Congo,,Democratic Republic of the Congo,,2010,Democratic Republic of Congo,,,,country_year_case,DRC1018800,2010,Democratic Republic of the Congo
KJ502518,Phylogeny of imported and reestablished wild polioviruses intheDemocratic Republic of the Congo from 2006 to 2011,DRC 2006-2011,wild,AFP,2006-10-31,2010,,2010,year,Democratic Republic of the Congo,,Democratic Republic of the Congo,,2010,Democratic Republic of Congo,,,,country_year_case,DRC1018799,2010,Democratic Republic of the Congo
KJ502517,Phylogeny of imported and reestablished wild polioviruses intheDemocratic Republic of the Congo from 2006 to 2011,DRC 2006-2011,wild,AFP,2006-11-03,2010,,2010,year,Democratic Republic of the Congo,,Democratic Republic of the Congo,,2010,Democratic Republic of Congo,,,,country_year_case,DRC1018798,2010,Democratic Republic of the Congo
KJ502516,Phylogeny of imported and reestablished wild polioviruses intheDemocratic Republic of the Congo from 2006 to 2011,DRC 2006-2011,wild,AFP,2006-11-22,2010,,2010,year,Democratic Republic of the Congo,,Democratic Republic of the Congo,,2010,Democratic Republic of Congo,,,,country_year_case,DRC1018797,2010,Democratic Republic of the Congo
KJ502515,Phylogeny of imported and reestablished wild polioviruses intheDemocratic Republic of the Congo from 2006 to 2011,DRC 2006-2011,wild,AFP,2006-12-02,2010,,2010,year,Democratic Republic of the Congo,,Democratic Republic of the Congo,,2010,Democratic Republic of Congo,,,,country_year_case,DRC1018796,2010,Democratic Republic of the Congo
KJ502514,Phylogeny of imported and reestablished wild polioviruses intheDemocratic Republic of the Congo from 2006 to 2011,DRC 2006-2011,wild,AFP,2006-12-07,2010,,2010,year,Democratic Republic of the Congo,,Democratic Republic of the Congo,,2010,Democratic Republic of Congo,,,,country_year_case,DRC1018795,2010,Democratic Republic of the Congo
KJ502513,Phylogeny of imported and reestablished wild polioviruses intheDemocratic Republic of the Congo from 2006 to 2011,DRC 2006-2011,wild,AFP,2006-12-18,2010,,2010,year,Democratic Republic of the Congo,,Democratic Republic of the Congo,,2010,Democratic Republic of Congo,,,,country_year_case,DRC1018794,2010,Democratic Republic of the Congo
KJ502512,Phylogeny of imported and reestablished wild polioviruses intheDemocratic Republic of the Congo from 2006 to 2011,DRC 2006-2011,wild,AFP,2007-01-08,2010,,2010,year,Democratic Republic of the Congo,,Democratic Republic of the Congo,,2010,Democratic Republic of Congo,,,,country_year_case,DRC1018793,2010,Democratic Republic of the Congo
KJ502511,Phylogeny of imported and reestablished wild polioviruses intheDemocratic Republic of the Congo from 2006 to 2011,DRC 2006-2011,wild,AFP,2007-01-10,2010,,2010,year,Democratic Republic of the Congo,,Democratic Republic of the Congo,,2010,Democratic Republic of Congo,,,,country_year_case,DRC1018792,2010,Democratic Republic of the Congo
KJ502510,Phylogeny of imported and reestablished wild polioviruses intheDemocratic Republic of the Congo from 2006 to 2011,DRC 2006-2011,wild,AFP,2007-01-21,2010,,2010,year,Democratic Republic of the Congo,,Democratic Republic of the Congo,,2010,Democratic Republic of Congo,,,,country_year_case,DRC1018791,2010,Democratic Republic of the Congo
KJ502509,Phylogeny of imported and reestablished wild polioviruses intheDemocratic Republic of the Congo from 2006 to 2011,DRC 2006-2011,wild,AFP,2007-01-26,2010,,2010,year,Democratic Republic of the Congo,,Democratic Republic of the Congo,,2010,Democratic Republic of Congo,,,,country_year_case,DRC1018790,2010,Democratic Republic of the Congo
KJ502508,Phylogeny of imported and reestablished wild polioviruses intheDemocratic Republic of the Congo from 2006 to 2011,DRC 2006-2011,wild,AFP,2007-01-28,2010,,2010,year,Democratic Republic of the Congo,,Democratic Republic of the Congo,,2010,Democratic Republic of Congo,,,,country_year_case,DRC1018789,2010,Democratic Republic of the Congo
KJ502507,Phylogeny of imported and reestablished wild polioviruses intheDemocratic Republic of the Congo from 2006 to 2011,DRC 2006-2011,wild,AFP,2007-02-02,2010,,2010,year,Democratic Republic of the Congo,,Democratic Republic of the Congo,,2010,Democratic Republic of Congo,,,,country_year_case,DRC1018788,2010,Democratic Republic of the Congo
KJ502506,Phylogeny of imported and reestablished wild polioviruses intheDemocratic Republic of the Congo from 2006 to 2011,DRC 2006-2011,wild,AFP,2007-02-10,2010,,2010,year,Democratic Republic of the Congo,,Democratic Republic of the Congo,,2010,Democratic Republic of Congo,,,,country_year_case,DRC1018787,2010,Democratic Republic of the Congo
KJ502505,Phylogeny of imported and reestablished wild polioviruses intheDemocratic Republic of the Congo from 2006 to 2011,DRC 2006-2011,wild,AFP,2007-02-11,2010,,2010,year,Democratic Republic of the Congo,,Democratic Republic of the Congo,,2010,Democratic Republic of Congo,,,,country_year_case,DRC1018786,2010,Democratic Republic of the Congo
KJ502504,Phylogeny of imported and reestablished wild polioviruses intheDemocratic Republic of the Congo from 2006 to 2011,DRC 2006-2011,wild,AFP,2007-02-13,2010,,2010,year,Democratic Republic of the Congo,,Democratic Republic of the Congo,,2010,Democratic Republic of Congo,,,,country_year_case,DRC1018785,2010,Democratic Republic of the Congo
KJ502503,Phylogeny of imported and reestablished wild polioviruses intheDemocratic Republic of the Congo from 2006 to 2011,DRC 2006-2011,wild,AFP,2007-03-03,2010,,2010,year,Democratic Republic of the Congo,,Democratic Republic of the Congo,,2010,Democratic Republic of Congo,,,,country_year_case,DRC1018784,2010,Democratic Republic of the Congo
KJ502502,Phylogeny of imported and reestablished wild polioviruses intheDemocratic Republic of the Congo from 2006 to 2011,DRC 2006-2011,wild,AFP,2007-03-07,2010,,2010,year,Democratic Republic of the Congo,,Democratic Republic of the Congo,,2010,Democratic Republic of Congo,,,,country_year_case,DRC1018783,2010,Democratic Republic of the Congo
KJ502501,Phylogeny of imported and reestablished wild polioviruses intheDemocratic Republic of the Congo from 2006 to 2011,DRC 2006-2011,wild,AFP,2007-03-11,2010,,2010,year,Democratic Republic of the Congo,,Democratic Republic of the Congo,,2010,Democratic Republic of Congo,,,,country_year_case,DRC1018782,2010,Democratic Republic of the Congo
KJ502500,Phylogeny of imported and reestablished wild polioviruses intheDemocratic Republic of the Congo from 2006 to 2011,DRC 2006-2011,wild,AFP,2007-03-21,2010,,2010,year,Democratic Republic of the Congo,,Democratic Republic of the Congo,,2010,Democratic Republic of Congo,,,,country_year_case,DRC1018781,2010,Democratic Republic of the Congo
KJ502499,Phylogeny of imported and reestablished wild polioviruses intheDemocratic Republic of the Congo from 2006 to 2011,DRC 2006-2011,wild,AFP,2007-03-28,2010,,2010,year,Democratic Republic of the Congo,,Democratic Republic of the Congo,,2010,Democratic Republic of Congo,,,,country_year_case,DRC1018780,2010,Democratic Republic of the Congo
KJ502498,Phylogeny of imported and reestablished wild polioviruses intheDemocratic Republic of the Congo from 2006 to 2011,DRC 2006-2011,wild,AFP,2007-04-01,2010,,2010,year,Democratic Republic of the Congo,,Democratic Republic of the Congo,,2010,Democratic Republic of Congo,,,,country_year_case,DRC1018779,2010,Democratic Republic of the Congo
KJ502497,Phylogeny of imported and reestablished wild polioviruses intheDemocratic Republic of the Congo from 2006 to 2011,DRC 2006-2011,wild,AFP,2007-04-17,2010,,2010,year,Democratic Republic of the Congo,,Democratic Republic of the Congo,,2010,Democratic Republic of Congo,,,,country_year_case,DRC1018778,2010,Democratic Republic of the Congo
KJ502496,Phylogeny of imported and reestablished wild polioviruses intheDemocratic Republic of the Congo from 2006 to 2011,DRC 2006-2011,wild,AFP,2007-05-05,2010,,2010,year,Democratic Republic of the Congo,,Democratic Republic of the Congo,,2010,Democratic Republic of Congo,,,,country_year_case,DRC1018777,2010,Democratic Republic of the Congo
KJ502495,Phylogeny of imported and reestablished wild polioviruses intheDemocratic Republic of the Congo from 2006 to 2011,DRC 2006-2011,wild,AFP,2007-05-28,2010,,2010,year,Democratic Republic of the Congo,,Democratic Republic of the Congo,,2010,Democratic Republic of Congo,,,,country_year_case,DRC1018776,2010,Democratic Republic of the Congo
KJ502494,Phylogeny of imported and reestablished wild polioviruses intheDemocratic Republic of the Congo from 2006 to 2011,DRC 2006-2011,wild,AFP,2007-06-09,2010,,2010,year,Democratic Republic of the Congo,,Democratic Republic of the Congo,,2010,Democratic Republic of Congo,,,,country_year_case,DRC1018775,2010,Democratic Republic of the Congo
KJ502493,Phylogeny of imported and reestablished wild polioviruses intheDemocratic Republic of the Congo from 2006 to 2011,DRC 2006-2011,wild,AFP,2007-06-10,2010,,2010,year,Democratic Republic of the Congo,,Democratic Republic of the Congo,,2010,Democratic Republic of Congo,,,,country_year_case,DRC1018773,2010,Democratic Republic of the Congo
KJ502492,Phylogeny of imported and reestablished wild polioviruses intheDemocratic Republic of the Congo from 2006 to 2011,DRC 2006-2011,wild,AFP,2007-06-13,2010,,2010,year,Democratic Republic of the Congo,,Democratic Republic of the Congo,,2010,Democratic Republic of Congo,,,,country_year_case,DRC1018772,2010,Democratic Republic of the Congo
KJ502491,Phylogeny of imported and reestablished wild polioviruses intheDemocratic Republic of the Congo from 2006 to 2011,DRC 2006-2011,wild,AFP,2007-07-03,2010,,2010,year,Democratic Republic of the Congo,,Democratic Republic of the Congo,,2010,Democratic Republic of Congo,,,,country_year_case,DRC1018771,2010,Democratic Republic of the Congo
KJ502490,Phylogeny of imported and reestablished wild polioviruses intheDemocratic Republic of the Congo from 2006 to 2011,DRC 2006-2011,wild,AFP,2007-07-15,2010,,2010,year,Democratic Republic of the Congo,,Democratic Republic of the Congo,,2010,Democratic Republic of Congo,,,,country_year_case,DRC1018770,2010,Democratic Republic of the Congo
KJ502489,Phylogeny of imported and reestablished wild polioviruses intheDemocratic Republic of the Congo from 2006 to 2011,DRC 2006-2011,wild,AFP,2007-07-21,2010,,2010,year,Democratic Republic of the Congo,,Democratic Republic of the Congo,,2010,Democratic Republic of Congo,,,,country_year_case,DRC1018769,2010,Democratic Republic of the Congo
KJ502488,Phylogeny of imported and reestablished wild polioviruses intheDemocratic Republic of the Congo from 2006 to 2011,DRC 2006-2011,wild,AFP,2007-07-31,2010,,2010,year,Democratic Republic of the Congo,,Democratic Republic of the Congo,,2010,Democratic Republic of Congo,,,,country_year_case,DRC1018768,2010,Democratic Republic of the Congo
KJ502487,Phylogeny of imported and reestablished wild polioviruses intheDemocratic Republic of the Congo from 2006 to 2011,DRC 2006-2011,wild,AFP,2007-08-08,2010,,2010,year,Democratic Republic of the Congo,,Democratic Republic of the Congo,,2010,Democratic Republic of Congo,,,,country_year_case,DRC1018767,2010,Democratic Republic of the Congo
KJ502486,Phylogeny of imported and reestablished wild polioviruses intheDemocratic Republic of the Congo from 2006 to 2011,DRC 2006-2011,wild,AFP,2007-08-20,2010,,2010,year,Democratic Republic of the Congo,,Democratic Republic of the Congo,,2010,Democratic Republic of Congo,,,,country_year_case,DRC1018766,2010,Democratic Republic of the Congo
KJ502485,Phylogeny of imported and reestablished wild polioviruses intheDemocratic Republic of the Congo from 2006 to 2011,DRC 2006-2011,wild,AFP,2007-08-22,2010,,2010,year,Democratic Republic of the Congo,,Democratic Republic of the Congo,,2010,Democratic Republic of Congo,,,,country_year_case,DRC1018765,2010,Democratic Republic of the Congo
KJ502484,Phylogeny of imported and reestablished wild polioviruses intheDemocratic Republic of the Congo from 2006 to 2011,DRC 2006-2011,wild,AFP,2007-08-25,2010,,2010,year,Democratic Republic of the Congo,,Democratic Republic of the Congo,,2010,Democratic Republic of Congo,,,,country_year_case,DRC1018764,2010,Democratic Republic of the Congo
KJ502483,Phylogeny of imported and reestablished wild polioviruses intheDemocratic Republic of the Congo from 2006 to 2011,DRC 2006-2011,wild,AFP,2007-09-12,2010,,2010,year,Democratic Republic of the Congo,,Democratic Republic of the Congo,,2010,Democratic Republic of Congo,,,,country_year_case,DRC1018763,2010,Democratic Republic of the Congo
KJ502482,Phylogeny of imported and reestablished wild polioviruses intheDemocratic Republic of the Congo from 2006 to 2011,DRC 2006-2011,wild,AFP,2007-09-19,2010,,2010,year,Democratic Republic of the Congo,,Democratic Republic of the Congo,,2010,Democratic Republic of Congo,,,,country_year_case,DRC1018762,2010,Democratic Republic of the Congo
KJ502481,Phylogeny of imported and reestablished wild polioviruses intheDemocratic Republic of the Congo from 2006 to 2011,DRC 2006-2011,wild,AFP,2007-09-24,2010,,2010,year,Democratic Republic of the Congo,,Democratic Republic of the Congo,,2010,Democratic Republic of Congo,,,,country_year_case,DRC1018761,2010,Democratic Republic of the Congo
KJ502480,Phylogeny of imported and reestablished wild polioviruses intheDemocratic Republic of the Congo from 2006 to 2011,DRC 2006-2011,wild,AFP,2007-10-06,2010,,2010,year,Democratic Republic of the Congo,,Democratic Republic of the Congo,,2010,Democratic Republic of Congo,,,,country_year_case,DRC1018760,2010,Democratic Republic of the Congo
KJ502479,Phylogeny of imported and reestablished wild polioviruses intheDemocratic Republic of the Congo from 2006 to 2011,DRC 2006-2011,wild,AFP,2007-10-10,2010,,2010,year,Democratic Republic of the Congo,,Democratic Republic of the Congo,,2010,Democratic Republic of Congo,,,,country_year_case,DRC1018759,2010,Democratic Republic of the Congo
KJ502478,Phylogeny of imported and reestablished wild polioviruses intheDemocratic Republic of the Congo from 2006 to 2011,DRC 2006-2011,wild,AFP,2007-10-22,2010,,2010,year,Democratic Republic of the Congo,,Democratic Republic of the Congo,,2010,Democratic Republic of Congo,,,,country_year_case,DRC1018758,2010,Democratic Republic of the Congo
KJ502477,Phylogeny of imported and reestablished wild polioviruses intheDemocratic Republic of the Congo from 2006 to 2011,DRC 2006-2011,wild,AFP,2007-10-26,2010,,2010,year,Democratic Republic of the Congo,,Democratic Republic of the Congo,,2010,Democratic Republic of Congo,,,,country_year_case,DRC1018757,2010,Democratic Republic of the Congo
KJ502476,Phylogeny of imported and reestablished wild polioviruses intheDemocratic Republic of the Congo from 2006 to 2011,DRC 2006-2011,wild,AFP,2007-11-03,2010,,2010,year,Democratic Republic of the Congo,,Democratic Republic of the Congo,,2010,Democratic Republic of Congo,,,,country_year_case,DRC1018756,2010,Democratic Republic of the Congo
KJ502475,Phylogeny of imported and reestablished wild polioviruses intheDemocratic Republic of the Congo from 2006 to 2011,DRC 2006-2011,wild,AFP,2007-11-11,2011,,2011,year,Democratic Republic of the Congo,,Democratic Republic of the Congo,,2011,Democratic Republic of Congo,,,,country_year_case,DRC1118755,2011,Democratic Republic of the Congo
KJ502474,Phylogeny of imported and reestablished wild polioviruses intheDemocratic Republic of the Congo from 2006 to 2011,DRC 2006-2011,wild,AFP,2007-11-13,2010,,2010,year,Democratic Republic of the Congo,,Democratic Republic of the Congo,,2010,Democratic Republic of Congo,,,,country_year_case,DRC1018754,2010,Democratic Republic of the Congo
KJ502473,Phylogeny of imported and reestablished wild polioviruses intheDemocratic Republic of the Congo from 2006 to 2011,DRC 2006-2011,wild,AFP,2007-11-14,2010,,2010,year,Democratic Republic of the Congo,,Democratic Republic of the Congo,,2010,Democratic Republic of Congo,,,,country_year_case,DRC1018753,2010,Democratic Republic of the Congo
KJ502472,Phylogeny of imported and reestablished wild polioviruses intheDemocratic Republic of the Congo from 2006 to 2011,DRC 2006-2011,wild,AFP,2007-11-16,2010,,2010,year,Democratic Republic of the Congo,,Democratic Republic of the Congo,,2010,Democratic Republic of Congo,,,,country_year_case,DRC1018752,2010,Democratic Republic of the Congo
KJ502471,Phylogeny of imported and reestablished wild polioviruses intheDemocratic Republic of the Congo from 2006 to 2011,DRC 2006-2011,wild,AFP,2007-11-17,2010,,2010,year,Democratic Republic of the Congo,,Democratic Republic of the Congo,,2010,Democratic Republic of Congo,,,,country_year_case,DRC1018751,2010,Democratic Republic of the Congo
KJ502470,Phylogeny of imported and reestablished wild polioviruses intheDemocratic Republic of the Congo from 2006 to 2011,DRC 2006-2011,wild,AFP,2007-11-18,2010,,2010,year,Democratic Republic of the Congo,,Democratic Republic of the Congo,,2010,Democratic Republic of Congo,,,,country_year_case,DRC1018750,2010,Democratic Republic of the Congo
KJ502469,Phylogeny of imported and reestablished wild polioviruses intheDemocratic Republic of the Congo from 2006 to 2011,DRC 2006-2011,wild,AFP,2007-11-19,2010,,2010,year,Democratic Republic of the Congo,,Democratic Republic of the Congo,,2010,Democratic Republic of Congo,,,,country_year_case,DRC1018749,2010,Democratic Republic of the Congo
KJ502468,Phylogeny of imported and reestablished wild polioviruses intheDemocratic Republic of the Congo from 2006 to 2011,DRC 2006-2011,wild,AFP,2007-11-26,2010,,2010,year,Democratic Republic of the Congo,,Democratic Republic of the Congo,,2010,Democratic Republic of Congo,,,,country_year_case,DRC1018748,2010,Democratic Republic of the Congo
KJ502467,Phylogeny of imported and reestablished wild polioviruses intheDemocratic Republic of the Congo from 2006 to 2011,DRC 2006-2011,wild,AFP,2007-12-02,2011,,2011,year,Democratic Republic of the Congo,,Democratic Republic of the Congo,,2011,Democratic Republic of Congo,,,,country_year_case,DRC1118747,2011,Democratic Republic of the Congo
KJ502466,Phylogeny of imported and reestablished wild polioviruses intheDemocratic Republic of the Congo from 2006 to 2011,DRC 2006-2011,wild,AFP,2007-12-11,2010,,2010,year,Democratic Republic of the Congo,,Democratic Republic of the Congo,,2010,Democratic Republic of Congo,,,,country_year_case,DRC1018746,2010,Democratic Republic of the Congo
KJ502465,Phylogeny of imported and reestablished wild polioviruses intheDemocratic Republic of the Congo from 2006 to 2011,DRC 2006-2011,wild,AFP,2007-12-21,2010,,2010,year,Democratic Republic of the Congo,,Democratic Republic of the Congo,,2010,Democratic Republic of Congo,,,,country_year_case,DRC1018745,2010,Democratic Republic of the Congo
KJ502464,Phylogeny of imported and reestablished wild polioviruses intheDemocratic Republic of the Congo from 2006 to 2011,DRC 2006-2011,wild,AFP,2007-12-28,2010,,2010,year,Democratic Republic of the Congo,,Democratic Republic of the Congo,,2010,Democratic Republic of Congo,,,,country_year_case,DRC1018744,2010,Democratic Republic of the Congo
KJ502463,Phylogeny of imported and reestablished wild polioviruses intheDemocratic Republic of the Congo from 2006 to 2011,DRC 2006-2011,wild,AFP,2008-01-09,2010,,2010,year,Democratic Republic of the Congo,,Democratic Republic of the Congo,,2010,Democratic Republic of Congo,,,,country_year_case,DRC1018742,2010,Democratic Republic of the Congo
KJ502462,Phylogeny of imported and reestablished wild polioviruses intheDemocratic Republic of the Congo from 2006 to 2011,DRC 2006-2011,wild,AFP,2008-01-12,2010,,2010,year,Democratic Republic of the Congo,,Democratic Republic of the Congo,,2010,Democratic Republic of Congo,,,,country_year_case,DRC1018741,2010,Democratic Republic of the Congo
KJ502461,Phylogeny of imported and reestablished wild polioviruses intheDemocratic Republic of the Congo from 2006 to 2011,DRC 2006-2011,wild,AFP,2008-01-13,2010,,2010,year,Democratic Republic of the Congo,,Democratic Republic of the Congo,,2010,Democratic Republic of Congo,,,,country_year_case,DRC1018740,2010,Democratic Republic of the Congo
KJ502460,Phylogeny of imported and reestablished wild polioviruses intheDemocratic Republic of the Congo from 2006 to 2011,DRC 2006-2011,wild,AFP,2008-01-24,2010,,2010,year,Democratic Republic of the Congo,,Democratic Republic of the Congo,,2010,Democratic Republic of Congo,,,,country_year_case,DRC1018739,2010,Democratic Republic of the Congo
KJ502459,Phylogeny of imported and reestablished wild polioviruses intheDemocratic Republic of the Congo from 2006 to 2011,DRC 2006-2011,wild,AFP,2008-01-25,2010,,2010,year,Democratic Republic of the Congo,,Democratic Republic of the Congo,,2010,Democratic Republic of Congo,,,,country_year_case,DRC1018738,2010,Democratic Republic of the Congo
KJ502458,Phylogeny of imported and reestablished wild polioviruses intheDemocratic Republic of the Congo from 2006 to 2011,DRC 2006-2011,wild,AFP,2008-02-01,2010,,2010,year,Democratic Republic of the Congo,,Democratic Republic of the Congo,,2010,Democratic Republic of Congo,,,,country_year_case,DRC1018737,2010,Democratic Republic of the Congo
KJ502457,Phylogeny of imported and reestablished wild polioviruses intheDemocratic Republic of the Congo from 2006 to 2011,DRC 2006-2011,wild,AFP,2008-02-02,2011,,2011,year,Democratic Republic of the Congo,,Democratic Republic of the Congo,,2011,Democratic Republic of Congo,,,,country_year_case,DRC1118736,2011,Democratic Republic of the Congo
KJ502456,Phylogeny of imported and reestablished wild polioviruses intheDemocratic Republic of the Congo from 2006 to 2011,DRC 2006-2011,wild,AFP,2008-02-23,2011,,2011,year,Democratic Republic of the Congo,,Democratic Republic of the Congo,,2011,Democratic Republic of Congo,,,,country_year_case,DRC1118735,2011,Democratic Republic of the Congo
KJ502455,Phylogeny of imported and reestablished wild polioviruses intheDemocratic Republic of the Congo from 2006 to 2011,DRC 2006-2011,wild,AFP,2008-02-24,2011,,2011,year,Democratic Republic of the Congo,,Democratic Republic of the Congo,,2011,Democratic Republic of Congo,,,,country_year_case,DRC1118734,2011,Democratic Republic of the Congo
KJ502454,Phylogeny of imported and reestablished wild polioviruses intheDemocratic Republic of the Congo from 2006 to 2011,DRC 2006-2011,wild,AFP,2008-03-03,2011,,2011,year,Democratic Republic of the Congo,,Democratic Republic of the Congo,,2011,Democratic Republic of Congo,,,,country_year_case,DRC1118733,2011,Democratic Republic of the Congo
KJ502453,Phylogeny of imported and reestablished wild polioviruses intheDemocratic Republic of the Congo from 2006 to 2011,DRC 2006-2011,wild,AFP,2008-03-22,2011,,2011,year,Democratic Republic of the Congo,,Democratic Republic of the Congo,,2011,Democratic Republic of Congo,,,,country_year_case,DRC1118732,2011,Democratic Republic of the Congo
KJ502452,Phylogeny of imported and reestablished wild polioviruses intheDemocratic Republic of the Congo from 2006 to 2011,DRC 2006-2011,wild,AFP,2008-03-24,2011,,2011,year,Democratic Republic of the Congo,,Democratic Republic of the Congo,,2011,Democratic Republic of Congo,,,,country_year_case,DRC1118731,2011,Democratic Republic of the Congo
KJ502451,Phylogeny of imported and reestablished wild polioviruses intheDemocratic Republic of the Congo from 2006 to 2011,DRC 2006-2011,wild,AFP,2008-03-25,2011,,2011,year,Democratic Republic of the Congo,,Democratic Republic of the Congo,,2011,Democratic Republic of Congo,,,,country_year_case,DRC1118730,2011,Democratic Republic of the Congo
KJ502450,Phylogeny of imported and reestablished wild polioviruses intheDemocratic Republic of the Congo from 2006 to 2011,DRC 2006-2011,wild,AFP,2008-03-31,2011,,2011,year,Democratic Republic of the Congo,,Democratic Republic of the Congo,,2011,Democratic Republic of Congo,,,,country_year_case,DRC1118729,2011,Democratic Republic of the Congo
KJ502449,Phylogeny of imported and reestablished wild polioviruses intheDemocratic Republic of the Congo from 2006 to 2011,DRC 2006-2011,wild,AFP,2008-04-06,2011,,2011,year,Democratic Republic of the Congo,,Democratic Republic of the Congo,,2011,Democratic Republic of Congo,,,,country_year_case,DRC1118728,2011,Democratic Republic of the Congo
KJ502448,Phylogeny of imported and reestablished wild polioviruses intheDemocratic Republic of the Congo from 2006 to 2011,DRC 2006-2011,wild,AFP,2008-04-21,2011,,2011,year,Democratic Republic of the Congo,,Democratic Republic of the Congo,,2011,Democratic Republic of Congo,,,,country_year_case,DRC1118727,2011,Democratic Republic of the Congo
KJ502447,Phylogeny of imported and reestablished wild polioviruses intheDemocratic Republic of the Congo from 2006 to 2011,DRC 2006-2011,wild,AFP,2008-05-07,2011,,2011,year,Democratic Republic of the Congo,,Democratic Republic of the Congo,,2011,Democratic Republic of Congo,,,,country_year_case,DRC1118726,2011,Democratic Republic of the Congo
KJ502446,Phylogeny of imported and reestablished wild polioviruses intheDemocratic Republic of the Congo from 2006 to 2011,DRC 2006-2011,wild,AFP,2008-05-09,2011,,2011,year,Democratic Republic of the Congo,,Democratic Republic of the Congo,,2011,Democratic Republic of Congo,,,,country_year_case,DRC1118725,2011,Democratic Republic of the Congo
KJ502445,Phylogeny of imported and reestablished wild polioviruses intheDemocratic Republic of the Congo from 2006 to 2011,DRC 2006-2011,wild,AFP,2008-05-11,2011,,2011,year,Democratic Republic of the Congo,,Democratic Republic of the Congo,,2011,Democratic Republic of Congo,,,,country_year_case,DRC1118724,2011,Democratic Republic of the Congo
KJ502444,Phylogeny of imported and reestablished wild polioviruses intheDemocratic Republic of the Congo from 2006 to 2011,DRC 2006-2011,wild,AFP,2008-05-18,2011,,2011,year,Democratic Republic of the Congo,,Democratic Republic of the Congo,,2011,Democratic Republic of Congo,,,,country_year_case,DRC1118723,2011,Democratic Republic of the Congo
KJ502443,Phylogeny of imported and reestablished wild polioviruses intheDemocratic Republic of the Congo from 2006 to 2011,DRC 2006-2011,wild,AFP,2008-05-24,2011,,2011,year,Democratic Republic of the Congo,,Democratic Republic of the Congo,,2011,Democratic Republic of Congo,,,,country_year_case,DRC1118722,2011,Democratic Republic of the Congo
KJ502442,Phylogeny of imported and reestablished wild polioviruses intheDemocratic Republic of the Congo from 2006 to 2011,DRC 2006-2011,wild,AFP,2008-06-13,2011,,2011,year,Democratic Republic of the Congo,,Democratic Republic of the Congo,,2011,Democratic Republic of Congo,,,,country_year_case,DRC1118721,2011,Democratic Republic of the Congo
KJ502441,Phylogeny of imported and reestablished wild polioviruses intheDemocratic Republic of the Congo from 2006 to 2011,DRC 2006-2011,wild,AFP,2008-06-16,2011,,2011,year,Democratic Republic of the Congo,,Democratic Republic of the Congo,,2011,Democratic Republic of Congo,,,,country_year_case,DRC1118720,2011,Democratic Republic of the Congo
KJ502440,Phylogeny of imported and reestablished wild polioviruses intheDemocratic Republic of the Congo from 2006 to 2011,DRC 2006-2011,wild,AFP,2008-07-04,2011,,2011,year,Democratic Republic of the Congo,,Democratic Republic of the Congo,,2011,Democratic Republic of Congo,,,,country_year_case,DRC1118719,2011,Democratic Republic of the Congo
KJ502439,Phylogeny of imported and reestablished wild polioviruses intheDemocratic Republic of the Congo from 2006 to 2011,DRC 2006-2011,wild,AFP,2008-07-06,2011,,2011,year,Democratic Republic of the Congo,,Democratic Republic of the Congo,,2011,Democratic Republic of Congo,,,,country_year_case,DRC1118718,2011,Democratic Republic of the Congo
KJ502438,Phylogeny of imported and reestablished wild polioviruses intheDemocratic Republic of the Congo from 2006 to 2011,DRC 2006-2011,wild,AFP,2008-07-11,2011,,2011,year,Democratic Republic of the Congo,,Democratic Republic of the Congo,,2011,Democratic Republic of Congo,,,,country_year_case,DRC1118717,2011,Democratic Republic of the Congo
KJ502437,Phylogeny of imported and reestablished wild polioviruses intheDemocratic Republic of the Congo from 2006 to 2011,DRC 2006-2011,wild,AFP,2008-07-18,2011,,2011,year,Democratic Republic of the Congo,,Democratic Republic of the Congo,,2011,Democratic Republic of Congo,,,,country_year_case,DRC1118716,2011,Democratic Republic of the Congo
KJ502436,Phylogeny of imported and reestablished wild polioviruses intheDemocratic Republic of the Congo from 2006 to 2011,DRC 2006-2011,wild,AFP,2008-08-08,2011,,2011,year,Democratic Republic of the Congo,,Democratic Republic of the Congo,,2011,Democratic Republic of Congo,,,,country_year_case,DRC1118715,2011,Democratic Republic of the Congo
KJ502435,Phylogeny of imported and reestablished wild polioviruses intheDemocratic Republic of the Congo from 2006 to 2011,DRC 2006-2011,wild,AFP,2008-08-16,2011,,2011,year,Democratic Republic of the Congo,,Democratic Republic of the Congo,,2011,Democratic Republic of Congo,,,,country_year_case,DRC1118714,2011,Democratic Republic of the Congo
KJ502434,Phylogeny of imported and reestablished wild polioviruses intheDemocratic Republic of the Congo from 2006 to 2011,DRC 2006-2011,wild,AFP,2008-08-21,2011,,2011,year,Democratic Republic of the Congo,,Democratic Republic of the Congo,,2011,Democratic Republic of Congo,,,,country_year_case,DRC1118713,2011,Democratic Republic of the Congo
KJ502433,Phylogeny of imported and reestablished wild polioviruses intheDemocratic Republic of the Congo from 2006 to 2011,DRC 2006-2011,wild,AFP,2008-09-03,2011,,2011,year,Democratic Republic of the Congo,,Democratic Republic of the Congo,,2011,Democratic Republic of Congo,,,,country_year_case,DRC1118712,2011,Democratic Republic of the Congo
KJ502432,Phylogeny of imported and reestablished wild polioviruses intheDemocratic Republic of the Congo from 2006 to 2011,DRC 2006-2011,wild,AFP,2008-09-04,2011,,2011,year,Democratic Republic of the Congo,,Democratic Republic of the Congo,,2011,Democratic Republic of Congo,,,,country_year_case,DRC1118711,2011,Democratic Republic of the Congo
KJ502431,Phylogeny of imported and reestablished wild polioviruses intheDemocratic Republic of the Congo from 2006 to 2011,DRC 2006-2011,wild,AFP,2008-09-06,2011,,2011,year,Democratic Republic of the Congo,,Democratic Republic of the Congo,,2011,Democratic Republic of Congo,,,,country_year_case,DRC1118710,2011,Democratic Republic of the Congo
KJ502430,Phylogeny of imported and reestablished wild polioviruses intheDemocratic Republic of the Congo from 2006 to 2011,DRC 2006-2011,wild,AFP,2008-09-19,2011,,2011,year,Democratic Republic of the Congo,,Democratic Republic of the Congo,,2011,Democratic Republic of Congo,,,,country_year_case,DRC1118709,2011,Democratic Republic of the Congo
KJ502429,Phylogeny of imported and reestablished wild polioviruses intheDemocratic Republic of the Congo from 2006 to 2011,DRC 2006-2011,wild,AFP,2008-09-23,2011,,2011,year,Democratic Republic of the Congo,,Democratic Republic of the Congo,,2011,Democratic Republic of Congo,,,,country_year_case,DRC1118708,2011,Democratic Republic of the Congo
KJ502428,Phylogeny of imported and reestablished wild polioviruses intheDemocratic Republic of the Congo from 2006 to 2011,DRC 2006-2011,wild,AFP,2008-09-24,2011,,2011,year,Democratic Republic of the Congo,,Democratic Republic of the Congo,,2011,Democratic Republic of Congo,,,,country_year_case,DRC1118707,2011,Democratic Republic of the Congo
KJ502427,Phylogeny of imported and reestablished wild polioviruses intheDemocratic Republic of the Congo from 2006 to 2011,DRC 2006-2011,wild,AFP,2008-09-28,2011,,2011,year,Democratic Republic of the Congo,,Democratic Republic of the Congo,,2011,Democratic Republic of Congo,,,,country_year_case,DRC1118706,2011,Democratic Republic of the Congo
KJ502426,Phylogeny of imported and reestablished wild polioviruses intheDemocratic Republic of the Congo from 2006 to 2011,DRC 2006-2011,wild,AFP,2008-10-02,2011,,2011,year,Democratic Republic of the Congo,,Democratic Republic of the Congo,,2011,Democratic Republic of Congo,,,,country_year_case,DRC1118705,2011,Democratic Republic of the Congo
KJ502425,Phylogeny of imported and reestablished wild polioviruses intheDemocratic Republic of the Congo from 2006 to 2011,DRC 2006-2011,wild,AFP,2008-10-07,2011,,2011,year,Democratic Republic of the Congo,,Democratic Republic of the Congo,,2011,Democratic Republic of Congo,,,,country_year_case,DRC1118704,2011,Democratic Republic of the Congo
KJ502424,Phylogeny of imported and reestablished wild polioviruses intheDemocratic Republic of the Congo from 2006 to 2011,DRC 2006-2011,wild,AFP,2008-10-30,2011,,2011,year,Democratic Republic of the Congo,,Democratic Republic of the Congo,,2011,Democratic Republic of Congo,,,,country_year_case,DRC1118703,2011,Democratic Republic of the Congo
KJ502423,Phylogeny of imported and reestablished wild polioviruses intheDemocratic Republic of the Congo from 2006 to 2011,DRC 2006-2011,wild,AFP,2008-11-03,2011,,2011,year,Democratic Republic of the Congo,,Democratic Republic of the Congo,,2011,Democratic Republic of Congo,,,,country_year_case,DRC1118702,2011,Democratic Republic of the Congo
KJ502422,Phylogeny of imported and reestablished wild polioviruses intheDemocratic Republic of the Congo from 2006 to 2011,DRC 2006-2011,wild,AFP,2008-11-04,2011,,2011,year,Democratic Republic of the Congo,,Democratic Republic of the Congo,,2011,Democratic Republic of Congo,,,,country_year_case,DRC1118701,2011,Democratic Republic of the Congo
KJ502421,Phylogeny of imported and reestablished wild polioviruses intheDemocratic Republic of the Congo from 2006 to 2011,DRC 2006-2011,wild,AFP,2008-11-12,2011,,2011,year,Democratic Republic of the Congo,,Democratic Republic of the Congo,,2011,Democratic Republic of Congo,,,,country_year_case,DRC1118700,2011,Democratic Republic of the Congo
KJ502420,Phylogeny of imported and reestablished wild polioviruses intheDemocratic Republic of the Congo from 2006 to 2011,DRC 2006-2011,wild,AFP,2008-11-19,2011,,2011,year,Democratic Republic of the Congo,,Democratic Republic of the Congo,,2011,Democratic Republic of Congo,,,,country_year_case,DRC1118699,2011,Democratic Republic of the Congo
KJ502419,Phylogeny of imported and reestablished wild polioviruses intheDemocratic Republic of the Congo from 2006 to 2011,DRC 2006-2011,wild,AFP,2008-11-21,2011,,2011,year,Democratic Republic of the Congo,,Democratic Republic of the Congo,,2011,Democratic Republic of Congo,,,,country_year_case,DRC1118698,2011,Democratic Republic of the Congo
KJ502418,Phylogeny of imported and reestablished wild polioviruses intheDemocratic Republic of the Congo from 2006 to 2011,DRC 2006-2011,wild,AFP,2008-11-27,2011,,2011,year,Democratic Republic of the Congo,,Democratic Republic of the Congo,,2011,Democratic Republic of Congo,,,,country_year_case,DRC1118697,2011,Democratic Republic of the Congo
KJ502417,Phylogeny of imported and reestablished wild polioviruses intheDemocratic Republic of the Congo from 2006 to 2011,DRC 2006-2011,wild,AFP,2008-12-07,2011,,2011,year,Democratic Republic of the Congo,,Democratic Republic of the Congo,,2011,Democratic Republic of Congo,,,,country_year_case,DRC1118696,2011,Democratic Republic of the Congo
KJ502416,Phylogeny of imported and reestablished wild polioviruses intheDemocratic Republic of the Congo from 2006 to 2011,DRC 2006-2011,wild,AFP,2008-12-16,2011,,2011,year,Democratic Republic of the Congo,,Democratic Republic of the Congo,,2011,Democratic Republic of Congo,,,,country_year_case,DRC1118695,2011,Democratic Republic of the Congo
KJ502415,Phylogeny of imported and reestablished wild polioviruses intheDemocratic Republic of the Congo from 2006 to 2011,DRC 2006-2011,wild,AFP,2008-12-26,2011,,2011,year,Democratic Republic of the Congo,,Democratic Republic of the Congo,,2011,Democratic Republic of Congo,,,,country_year_case,DRC1118694,2011,Democratic Republic of the Congo
KJ502414,Phylogeny of imported and reestablished wild polioviruses intheDemocratic Republic of the Congo from 2006 to 2011,DRC 2006-2011,wild,AFP,2009-01-10,2011,,2011,year,Democratic Republic of the Congo,,Democratic Republic of the Congo,,2011,Democratic Republic of Congo,,,,country_year_case,DRC1118693,2011,Democratic Republic of the Congo
KJ502413,Phylogeny of imported and reestablished wild polioviruses intheDemocratic Republic of the Congo from 2006 to 2011,DRC 2006-2011,wild,AFP,2009-02-24,2011,,2011,year,Democratic Republic of the Congo,,Democratic Republic of the Congo,,2011,Democratic Republic of Congo,,,,country_year_case,DRC1118692,2011,Democratic Republic of the Congo
KJ502412,Phylogeny of imported and reestablished wild polioviruses intheDemocratic Republic of the Congo from 2006 to 2011,DRC 2006-2011,wild,AFP,2009-02-27,2011,,2011,year,Democratic Republic of the Congo,,Democratic Republic of the Congo,,2011,Democratic Republic of Congo,,,,country_year_case,DRC1118691,2011,Democratic Republic of the Congo
KJ502411,Phylogeny of imported and reestablished wild polioviruses intheDemocratic Republic of the Congo from 2006 to 2011,DRC 2006-2011,wild,AFP,2009-02-28,2011,,2011,year,Democratic Republic of the Congo,,Democratic Republic of the Congo,,2011,Democratic Republic of Congo,,,,country_year_case,DRC1118690,2011,Democratic Republic of the Congo
KJ502410,Phylogeny of imported and reestablished wild polioviruses intheDemocratic Republic of the Congo from 2006 to 2011,DRC 2006-2011,wild,AFP,2009-03-23,2011,,2011,year,Democratic Republic of the Congo,,Democratic Republic of the Congo,,2011,Democratic Republic of Congo,,,,country_year_case,DRC1118689,2011,Democratic Republic of the Congo
KJ502409,Phylogeny of imported and reestablished wild polioviruses intheDemocratic Republic of the Congo from 2006 to 2011,DRC 2006-2011,wild,AFP,2009-03-31,2011,,2011,year,Democratic Republic of the Congo,,Democratic Republic of the Congo,,2011,Democratic Republic of Congo,,,,country_year_case,DRC1118688,2011,Democratic Republic of the Congo
KJ502408,Phylogeny of imported and reestablished wild polioviruses intheDemocratic Republic of the Congo from 2006 to 2011,DRC 2006-2011,wild,AFP,2009-04-01,2011,,2011,year,Democratic Republic of the Congo,,Democratic Republic of the Congo,,2011,Democratic Republic of Congo,,,,country_year_case,DRC1118687,2011,Democratic Republic of the Congo
KJ502407,Phylogeny of imported and reestablished wild polioviruses intheDemocratic Republic of the Congo from 2006 to 2011,DRC 2006-2011,wild,AFP,2009-04-04,2011,,2011,year,Democratic Republic of the Congo,,Democratic Republic of the Congo,,2011,Democratic Republic of Congo,,,,country_year_case,DRC1118686,2011,Democratic Republic of the Congo
KJ502406,Phylogeny of imported and reestablished wild polioviruses intheDemocratic Republic of the Congo from 2006 to 2011,DRC 2006-2011,wild,AFP,2009-04-16,2011,,2011,year,Democratic Republic of the Congo,,Democratic Republic of the Congo,,2011,Democratic Republic of Congo,,,,country_year_case,DRC1118685,2011,Democratic Republic of the Congo
KJ502405,Phylogeny of imported and reestablished wild polioviruses intheDemocratic Republic of the Congo from 2006 to 2011,DRC 2006-2011,wild,AFP,2009-04-17,2011,,2011,year,Democratic Republic of the Congo,,Democratic Republic of the Congo,,2011,Democratic Republic of Congo,,,,country_year_case,DRC1118684,2011,Democratic Republic of the Congo
KJ502404,Phylogeny of imported and reestablished wild polioviruses intheDemocratic Republic of the Congo from 2006 to 2011,DRC 2006-2011,wild,AFP,2009-05-04,2011,,2011,year,Democratic Republic of the Congo,,Democratic Republic of the Congo,,2011,Democratic Republic of Congo,,,,country_year_case,DRC1118683,2011,Democratic Republic of the Congo
KJ502403,Phylogeny of imported and reestablished wild polioviruses intheDemocratic Republic of the Congo from 2006 to 2011,DRC 2006-2011,wild,AFP,2009-05-07,2011,,2011,year,Democratic Republic of the Congo,,Democratic Republic of the Congo,,2011,Democratic Republic of Congo,,,,country_year_case,DRC1118681,2011,Democratic Republic of the Congo
KJ502402,Phylogeny of imported and reestablished wild polioviruses intheDemocratic Republic of the Congo from 2006 to 2011,DRC 2006-2011,wild,AFP,2009-05-18,2011,,2011,year,Democratic Republic of the Congo,,Democratic Republic of the Congo,,2011,Democratic Republic of Congo,,,,country_year_case,DRC1118680,2011,Democratic Republic of the Congo
KJ502401,Phylogeny of imported and reestablished wild polioviruses intheDemocratic Republic of the Congo from 2006 to 2011,DRC 2006-2011,wild,AFP,2009-05-24,2011,,2011,year,Democratic Republic of the Congo,,Democratic Republic of the Congo,,2011,Democratic Republic of Congo,,,,country_year_case,DRC1118679,2011,Democratic Republic of the Congo
KJ502400,Phylogeny of imported and reestablished wild polioviruses intheDemocratic Republic of the Congo from 2006 to 2011,DRC 2006-2011,wild,AFP,2009-06-13,2011,,2011,year,Democratic Republic of the Congo,,Democratic Republic of the Congo,,2011,Democratic Republic of Congo,,,,country_year_case,DRC1118678,2011,Democratic Republic of the Congo
KJ502399,Phylogeny of imported and reestablished wild polioviruses intheDemocratic Republic of the Congo from 2006 to 2011,DRC 2006-2011,wild,AFP,2009-06-14,2011,,2011,year,Democratic Republic of the Congo,,Democratic Republic of the Congo,,2011,Democratic Republic of Congo,,,,country_year_case,DRC1118677,2011,Democratic Republic of the Congo
KJ502398,Phylogeny of imported and reestablished wild polioviruses intheDemocratic Republic of the Congo from 2006 to 2011,DRC 2006-2011,wild,AFP,2009-06-16,2011,,2011,year,Democratic Republic of the Congo,,Democratic Republic of the Congo,,2011,Democratic Republic of Congo,,,,country_year_case,DRC1118676,2011,Democratic Republic of the Congo
KJ502397,Phylogeny of imported and reestablished wild polioviruses intheDemocratic Republic of the Congo from 2006 to 2011,DRC 2006-2011,wild,AFP,2009-06-18,2010,,2010,year,Democratic Republic of the Congo,,Democratic Republic of the Congo,,2010,Democratic Republic of Congo,,,,country_year_case,DRC1018675,2010,Democratic Republic of the Congo
KJ502396,Phylogeny of imported and reestablished wild polioviruses intheDemocratic Republic of the Congo from 2006 to 2011,DRC 2006-2011,wild,AFP,2009-06-26,2011,,2011,year,Democratic Republic of the Congo,,Democratic Republic of the Congo,,2011,Democratic Republic of Congo,,,,country_year_case,DRC1118674,2011,Democratic Republic of the Congo
KJ502395,Phylogeny of imported and reestablished wild polioviruses intheDemocratic Republic of the Congo from 2006 to 2011,DRC 2006-2011,wild,AFP,2009-07-05,2011,,2011,year,Democratic Republic of the Congo,,Democratic Republic of the Congo,,2011,Democratic Republic of Congo,,,,country_year_case,DRC1118673,2011,Democratic Republic of the Congo
KJ502394,Phylogeny of imported and reestablished wild polioviruses intheDemocratic Republic of the Congo from 2006 to 2011,DRC 2006-2011,wild,AFP,2009-07-16,2007,,2007,year,Democratic Republic of the Congo,,Democratic Republic of the Congo,,2007,Democratic Republic of Congo,,,,country_year_case,DRC0718670,2007,Democratic Republic of the Congo
KJ502393,Phylogeny of imported and reestablished wild polioviruses intheDemocratic Republic of the Congo from 2006 to 2011,DRC 2006-2011,wild,AFP,2009-08-07,2007,,2007,year,Democratic Republic of the Congo,,Democratic Republic of the Congo,,2007,Democratic Republic of Congo,,,,country_year_case,DRC0718669,2007,Democratic Republic of the Congo
KJ502392,Phylogeny of imported and reestablished wild polioviruses intheDemocratic Republic of the Congo from 2006 to 2011,DRC 2006-2011,wild,AFP,2009-08-16,2007,,2007,year,Democratic Republic of the Congo,,Democratic Republic of the Congo,,2007,Democratic Republic of Congo,,,,country_year_case,DRC0718668,2007,Democratic Republic of the Congo
KJ502391,Phylogeny of imported and reestablished wild polioviruses intheDemocratic Republic of the Congo from 2006 to 2011,DRC 2006-2011,wild,AFP,2009-09-04,2007,,2007,year,Democratic Republic of the Congo,,Democratic Republic of the Congo,,2007,Democratic Republic of Congo,,,,country_year_case,DRC0718667,2007,Democratic Republic of the Congo
KJ502390,Phylogeny of imported and reestablished wild polioviruses intheDemocratic Republic of the Congo from 2006 to 2011,DRC 2006-2011,wild,AFP,2009-09-08,2007,,2007,year,Democratic Republic of the Congo,,Democratic Republic of the Congo,,2007,Democratic Republic of Congo,,,,country_year_case,DRC0718666,2007,Democratic Republic of the Congo
KJ502389,Phylogeny of imported and reestablished wild polioviruses intheDemocratic Republic of the Congo from 2006 to 2011,DRC 2006-2011,wild,AFP,2009-09-18,2007,,2007,year,Democratic Republic of the Congo,,Democratic Republic of the Congo,,2007,Democratic Republic of Congo,,,,country_year_case,DRC0718665,2007,Democratic Republic of the Congo
KJ502388,Phylogeny of imported and reestablished wild polioviruses intheDemocratic Republic of the Congo from 2006 to 2011,DRC 2006-2011,wild,AFP,2009-09-20,2007,,2007,year,Democratic Republic of the Congo,,Democratic Republic of the Congo,,2007,Democratic Republic of Congo,,,,country_year_case,DRC0718664,2007,Democratic Republic of the Congo
KJ502387,Phylogeny of imported and reestablished wild polioviruses intheDemocratic Republic of the Congo from 2006 to 2011,DRC 2006-2011,wild,AFP,2009-09-25,2007,,2007,year,Democratic Republic of the Congo,,Democratic Republic of the Congo,,2007,Democratic Republic of Congo,,,,country_year_case,DRC0718663,2007,Democratic Republic of the Congo
KJ502386,Phylogeny of imported and reestablished wild polioviruses intheDemocratic Republic of the Congo from 2006 to 2011,DRC 2006-2011,wild,AFP,2009-10-04,2007,,2007,year,Democratic Republic of the Congo,,Democratic Republic of the Congo,,2007,Democratic Republic of Congo,,,,country_year_case,DRC0718662,2007,Democratic Republic of the Congo
KJ502385,Phylogeny of imported and reestablished wild polioviruses intheDemocratic Republic of the Congo from 2006 to 2011,DRC 2006-2011,wild,AFP,2009-10-07,2008,,2008,year,Democratic Republic of the Congo,,Democratic Republic of the Congo,,2008,Democratic Republic of Congo,,,,country_year_case,DRC0818661,2008,Democratic Republic of the Congo
KJ502384,Phylogeny of imported and reestablished wild polioviruses intheDemocratic Republic of the Congo from 2006 to 2011,DRC 2006-2011,wild,AFP,2009-10-16,2007,,2007,year,Democratic Republic of the Congo,,Democratic Republic of the Congo,,2007,Democratic Republic of Congo,,,,country_year_case,DRC0718660,2007,Democratic Republic of the Congo
KJ502383,Phylogeny of imported and reestablished wild polioviruses intheDemocratic Republic of the Congo from 2006 to 2011,DRC 2006-2011,wild,AFP,2009-10-17,2007,,2007,year,Democratic Republic of the Congo,,Democratic Republic of the Congo,,2007,Democratic Republic of Congo,,,,country_year_case,DRC0718659,2007,Democratic Republic of the Congo
KJ502382,Phylogeny of imported and reestablished wild polioviruses intheDemocratic Republic of the Congo from 2006 to 2011,DRC 2006-2011,wild,AFP,2009-10-29,2007,,2007,year,Democratic Republic of the Congo,,Democratic Republic of the Congo,,2007,Democratic Republic of Congo,,,,country_year_case,DRC0718658,2007,Democratic Republic of the Congo
KJ502381,Phylogeny of imported and reestablished wild polioviruses intheDemocratic Republic of the Congo from 2006 to 2011,DRC 2006-2011,wild,AFP,2009-11-02,2007,,2007,year,Democratic Republic of the Congo,,Democratic Republic of the Congo,,2007,Democratic Republic of Congo,,,,country_year_case,DRC0718657,2007,Democratic Republic of the Congo
KJ502380,Phylogeny of imported and reestablished wild polioviruses intheDemocratic Republic of the Congo from 2006 to 2011,DRC 2006-2011,wild,AFP,2009-11-08,2007,,2007,year,Democratic Republic of the Congo,,Democratic Republic of the Congo,,2007,Democratic Republic of Congo,,,,country_year_case,DRC0718656,2007,Democratic Republic of the Congo
KJ502379,Phylogeny of imported and reestablished wild polioviruses intheDemocratic Republic of the Congo from 2006 to 2011,DRC 2006-2011,wild,AFP,2009-11-10,2007,,2007,year,Democratic Republic of the Congo,,Democratic Republic of the Congo,,2007,Democratic Republic of Congo,,,,country_year_case,DRC0718655,2007,Democratic Republic of the Congo
KJ502378,Phylogeny of imported and reestablished wild polioviruses intheDemocratic Republic of the Congo from 2006 to 2011,DRC 2006-2011,wild,AFP,2009-11-14,2007,,2007,year,Democratic Republic of the Congo,,Democratic Republic of the Congo,,2007,Democratic Republic of Congo,,,,country_year_case,DRC0718654,2007,Democratic Republic of the Congo
KJ502377,Phylogeny of imported and reestablished wild polioviruses intheDemocratic Republic of the Congo from 2006 to 2011,DRC 2006-2011,wild,AFP,2009-11-16,2007,,2007,year,Democratic Republic of the Congo,,Democratic Republic of the Congo,,2007,Democratic Republic of Congo,,,,country_year_case,DRC0718653,2007,Democratic Republic of the Congo
KJ502376,Phylogeny of imported and reestablished wild polioviruses intheDemocratic Republic of the Congo from 2006 to 2011,DRC 2006-2011,wild,AFP,2009-11-18,2007,,2007,year,Democratic Republic of the Congo,,Democratic Republic of the Congo,,2007,Democratic Republic of Congo,,,,country_year_case,DRC0718652,2007,Democratic Republic of the Congo
KJ502375,Phylogeny of imported and reestablished wild polioviruses intheDemocratic Republic of the Congo from 2006 to 2011,DRC 2006-2011,wild,AFP,2009-11-23,2007,,2007,year,Democratic Republic of the Congo,,Democratic Republic of the Congo,,2007,Democratic Republic of Congo,,,,country_year_case,DRC0718651,2007,Democratic Republic of the Congo
KJ502374,Phylogeny of imported and reestablished wild polioviruses intheDemocratic Republic of the Congo from 2006 to 2011,DRC 2006-2011,wild,AFP,2009-11-27,2008,,2008,year,Democratic Republic of the Congo,,Democratic Republic of the Congo,,2008,Democratic Republic of Congo,,,,country_year_case,DRC0818650,2008,Democratic Republic of the Congo
KJ502373,Phylogeny of imported and reestablished wild polioviruses intheDemocratic Republic of the Congo from 2006 to 2011,DRC 2006-2011,wild,AFP,2009-12-15,2007,,2007,year,Democratic Republic of the Congo,,Democratic Republic of the Congo,,2007,Democratic Republic of Congo,,,,country_year_case,DRC0718649,2007,Democratic Republic of the Congo
KJ502372,Phylogeny of imported and reestablished wild polioviruses intheDemocratic Republic of the Congo from 2006 to 2011,DRC 2006-2011,wild,AFP,2009-12-16,2007,,2007,year,Democratic Republic of the Congo,,Democratic Republic of the Congo,,2007,Democratic Republic of Congo,,,,country_year_case,DRC0718648,2007,Democratic Republic of the Congo
KJ502371,Phylogeny of imported and reestablished wild polioviruses intheDemocratic Republic of the Congo from 2006 to 2011,DRC 2006-2011,wild,AFP,2009-12-19,2007,,2007,year,Democratic Republic of the Congo,,Democratic Republic of the Congo,,2007,Democratic Republic of Congo,,,,country_year_case,DRC0718647,2007,Democratic Republic of the Congo
KJ502370,Phylogeny of imported and reestablished wild polioviruses intheDemocratic Republic of the Congo from 2006 to 2011,DRC 2006-2011,wild,AFP,2009-12-22,2007,,2007,year,Democratic Republic of the Congo,,Democratic Republic of the Congo,,2007,Democratic Republic of Congo,,,,country_year_case,DRC0718646,2007,Democratic Republic of the Congo
KJ502369,Phylogeny of imported and reestablished wild polioviruses intheDemocratic Republic of the Congo from 2006 to 2011,DRC 2006-2011,wild,AFP,2009-12-25,2007,,2007,year,Democratic Republic of the Congo,,Democratic Republic of the Congo,,2007,Democratic Republic of Congo,,,,country_year_case,DRC0718645,2007,Democratic Republic of the Congo
KJ502368,Phylogeny of imported and reestablished wild polioviruses intheDemocratic Republic of the Congo from 2006 to 2011,DRC 2006-2011,wild,AFP,2009-12-30,2007,,2007,year,Democratic Republic of the Congo,,Democratic Republic of the Congo,,2007,Democratic Republic of Congo,,,,country_year_case,DRC0718644,2007,Democratic Republic of the Congo
KJ502367,Phylogeny of imported and reestablished wild polioviruses intheDemocratic Republic of the Congo from 2006 to 2011,DRC 2006-2011,wild,AFP,2010-01-09,2006,,2006,year,Democratic Republic of the Congo,,Democratic Republic of the Congo,,2006,Democratic Republic of Congo,,,,country_year_case,DRC0618643,2006,Democratic Republic of the Congo
KJ502366,Phylogeny of imported and reestablished wild polioviruses intheDemocratic Republic of the Congo from 2006 to 2011,DRC 2006-2011,wild,AFP,2010-01-20,2007,,2007,year,Democratic Republic of the Congo,,Democratic Republic of the Congo,,2007,Democratic Republic of Congo,,,,country_year_case,DRC0718642,2007,Democratic Republic of the Congo
KJ502365,Phylogeny of imported and reestablished wild polioviruses intheDemocratic Republic of the Congo from 2006 to 2011,DRC 2006-2011,wild,AFP,2010-01-21,2007,,2007,year,Democratic Republic of the Congo,,Democratic Republic of the Congo,,2007,Democratic Republic of Congo,,,,country_year_case,DRC0718641,2007,Democratic Republic of the Congo
KJ502364,Phylogeny of imported and reestablished wild polioviruses intheDemocratic Republic of the Congo from 2006 to 2011,DRC 2006-2011,wild,AFP,2010-02-08,2007,,2007,year,Democratic Republic of the Congo,,Democratic Republic of the Congo,,2007,Democratic Republic of Congo,,,,country_year_case,DRC0718640,2007,Democratic Republic of the Congo
KJ502363,Phylogeny of imported and reestablished wild polioviruses intheDemocratic Republic of the Congo from 2006 to 2011,DRC 2006-2011,wild,AFP,2010-03-04,2007,,2007,year,Democratic Republic of the Congo,,Democratic Republic of the Congo,,2007,Democratic Republic of Congo,,,,country_year_case,DRC0718639,2007,Democratic Republic of the Congo
KJ502362,Phylogeny of imported and reestablished wild polioviruses intheDemocratic Republic of the Congo from 2006 to 2011,DRC 2006-2011,wild,AFP,2010-03-08,2007,,2007,year,Democratic Republic of the Congo,,Democratic Republic of the Congo,,2007,Democratic Republic of Congo,,,,country_year_case,DRC0718638,2007,Democratic Republic of the Congo
KJ502361,Phylogeny of imported and reestablished wild polioviruses intheDemocratic Republic of the Congo from 2006 to 2011,DRC 2006-2011,wild,AFP,2010-03-14,2007,,2007,year,Democratic Republic of the Congo,,Democratic Republic of the Congo,,2007,Democratic Republic of Congo,,,,country_year_case,DRC0718637,2007,Democratic Republic of the Congo
KJ502360,Phylogeny of imported and reestablished wild polioviruses intheDemocratic Republic of the Congo from 2006 to 2011,DRC 2006-2011,wild,AFP,2010-03-22,2007,,2007,year,Democratic Republic of the Congo,,Democratic Republic of the Congo,,2007,Democratic Republic of Congo,,,,country_year_case,DRC0718636,2007,Democratic Republic of the Congo
KJ502359,Phylogeny of imported and reestablished wild polioviruses intheDemocratic Republic of the Congo from 2006 to 2011,DRC 2006-2011,wild,AFP,2010-03-29,2007,,2007,year,Democratic Republic of the Congo,,Democratic Republic of the Congo,,2007,Democratic Republic of Congo,,,,country_year_case,DRC0718635,2007,Democratic Republic of the Congo
KJ502358,Phylogeny of imported and reestablished wild polioviruses intheDemocratic Republic of the Congo from 2006 to 2011,DRC 2006-2011,wild,AFP,2010-04-01,2007,,2007,year,Democratic Republic of the Congo,,Democratic Republic of the Congo,,2007,Democratic Republic of Congo,,,,country_year_case,DRC0718634,2007,Democratic Republic of the Congo
KJ502357,Phylogeny of imported and reestablished wild polioviruses intheDemocratic Republic of the Congo from 2006 to 2011,DRC 2006-2011,wild,AFP,2010-04-02,2007,,2007,year,Democratic Republic of the Congo,,Democratic Republic of the Congo,,2007,Democratic Republic of Congo,,,,country_year_case,DRC0718633,2007,Democratic Republic of the Congo
KJ502356,Phylogeny of imported and reestablished wild polioviruses intheDemocratic Republic of the Congo from 2006 to 2011,DRC 2006-2011,wild,AFP,2010-04-03,2007,,2007,year,Democratic Republic of the Congo,,Democratic Republic of the Congo,,2007,Democratic Republic of Congo,,,,country_year_case,DRC0718632,2007,Democratic Republic of the Congo
KJ502355,Phylogeny of imported and reestablished wild polioviruses intheDemocratic Republic of the Congo from 2006 to 2011,DRC 2006-2011,wild,AFP,2010-04-13,2007,,2007,year,Democratic Republic of the Congo,,Democratic Republic of the Congo,,2007,Democratic Republic of Congo,,,,country_year_case,DRC0718631,2007,Democratic Republic of the Congo
KJ502354,Phylogeny of imported and reestablished wild polioviruses intheDemocratic Republic of the Congo from 2006 to 2011,DRC 2006-2011,wild,AFP,2010-04-16,2008,,2008,year,Democratic Republic of the Congo,,Democratic Republic of the Congo,,2008,Democratic Republic of Congo,,,,country_year_case,DRC0818630,2008,Democratic Republic of the Congo
KJ502353,Phylogeny of imported and reestablished wild polioviruses intheDemocratic Republic of the Congo from 2006 to 2011,DRC 2006-2011,wild,AFP,2010-04-28,2011,,2011,year,Democratic Republic of the Congo,,Democratic Republic of the Congo,,2011,Democratic Republic of Congo,,,,country_year_case,DRC1118629,2011,Democratic Republic of the Congo
KJ502352,Phylogeny of imported and reestablished wild polioviruses intheDemocratic Republic of the Congo from 2006 to 2011,DRC 2006-2011,wild,AFP,2010-05-03,2011,,2011,year,Democratic Republic of the Congo,,Democratic Republic of the Congo,,2011,Democratic Republic of Congo,,,,country_year_case,DRC1118628,2011,Democratic Republic of the Congo
KJ502351,Phylogeny of imported and reestablished wild polioviruses intheDemocratic Republic of the Congo from 2006 to 2011,DRC 2006-2011,wild,AFP,2010-05-08,2011,,2011,year,Democratic Republic of the Congo,,Democratic Republic of the Congo,,2011,Democratic Republic of Congo,,,,country_year_case,DRC1118627,2011,Democratic Republic of the Congo
KJ502350,Phylogeny of imported and reestablished wild polioviruses intheDemocratic Republic of the Congo from 2006 to 2011,DRC 2006-2011,wild,AFP,2010-05-13,2010,,2010,year,Democratic Republic of the Congo,,Democratic Republic of the Congo,,2010,Democratic Republic of Congo,,,,country_year_case,DRC1018626,2010,Democratic Republic of the Congo
KJ502349,Phylogeny of imported and reestablished wild polioviruses intheDemocratic Republic of the Congo from 2006 to 2011,DRC 2006-2011,wild,AFP,2010-05-29,2011,,2011,year,Democratic Republic of the Congo,,Democratic Republic of the Congo,,2011,Democratic Republic of Congo,,,,country_year_case,DRC1118625,2011,Democratic Republic of the Congo
KJ502348,Phylogeny of imported and reestablished wild polioviruses intheDemocratic Republic of the Congo from 2006 to 2011,DRC 2006-2011,wild,AFP,2010-06-14,2010,,2010,year,Democratic Republic of the Congo,,Democratic Republic of the Congo,,2010,Democratic Republic of Congo,,,,country_year_case,DRC1018624,2010,Democratic Republic of the Congo
KJ502347,Phylogeny of imported and reestablished wild polioviruses intheDemocratic Republic of the Congo from 2006 to 2011,DRC 2006-2011,wild,AFP,2010-06-16,2011,,2011,year,Democratic Republic of the Congo,,Democratic Republic of the Congo,,2011,Democratic Republic of Congo,,,,country_year_case,DRC1118623,2011,Democratic Republic of the Congo
KJ502346,Phylogeny of imported and reestablished wild polioviruses intheDemocratic Republic of the Congo from 2006 to 2011,DRC 2006-2011,wild,AFP,2010-06-27,2011,,2011,year,Democratic Republic of the Congo,,Democratic Republic of the Congo,,2011,Democratic Republic of Congo,,,,country_year_case,DRC1118622,2011,Democratic Republic of the Congo
KJ502345,Phylogeny of imported and reestablished wild polioviruses intheDemocratic Republic of the Congo from 2006 to 2011,DRC 2006-2011,wild,AFP,2010-07-03,2011,,2011,year,Democratic Republic of the Congo,,Democratic Republic of the Congo,,2011,Democratic Republic of Congo,,,,country_year_case,DRC1118621,2011,Democratic Republic of the Congo
KJ502344,Phylogeny of imported and reestablished wild polioviruses intheDemocratic Republic of the Congo from 2006 to 2011,DRC 2006-2011,wild,AFP,2010-07-04,2011,,2011,year,Democratic Republic of the Congo,,Democratic Republic of the Congo,,2011,Democratic Republic of Congo,,,,country_year_case,DRC1118620,2011,Democratic Republic of the Congo
KJ502343,Phylogeny of imported and reestablished wild polioviruses intheDemocratic Republic of the Congo from 2006 to 2011,DRC 2006-2011,wild,AFP,2010-07-15,2011,,2011,year,Democratic Republic of the Congo,,Democratic Republic of the Congo,,2011,Democratic Republic of Congo,,,,country_year_case,DRC1118619,2011,Democratic Republic of the Congo
KJ502342,Phylogeny of imported and reestablished wild polioviruses intheDemocratic Republic of the Congo from 2006 to 2011,DRC 2006-2011,wild,AFP,2010-07-19,2011,,2011,year,Democratic Republic of the Congo,,Democratic Republic of the Congo,,2011,Democratic Republic of Congo,,,,country_year_case,DRC1118618,2011,Democratic Republic of the Congo
KJ502341,Phylogeny of imported and reestablished wild polioviruses intheDemocratic Republic of the Congo from 2006 to 2011,DRC 2006-2011,wild,AFP,2010-07-27,2011,,2011,year,Democratic Republic of the Congo,,Democratic Republic of the Congo,,2011,Democratic Republic of Congo,,,,country_year_case,DRC1118617,2011,Democratic Republic of the Congo
KJ502340,Phylogeny of imported and reestablished wild polioviruses intheDemocratic Republic of the Congo from 2006 to 2011,DRC 2006-2011,wild,AFP,2010-08-07,2011,,2011,year,Democratic Republic of the Congo,,Democratic Republic of the Congo,,2011,Democratic Republic of Congo,,,,country_year_case,DRC1118616,2011,Democratic Republic of the Congo
KJ502339,Phylogeny of imported and reestablished wild polioviruses intheDemocratic Republic of the Congo from 2006 to 2011,DRC 2006-2011,wild,AFP,2010-08-08,2011,,2011,year,Democratic Republic of the Congo,,Democratic Republic of the Congo,,2011,Democratic Republic of Congo,,,,country_year_case,DRC1118615,2011,Democratic Republic of the Congo
KJ502338,Phylogeny of imported and reestablished wild polioviruses intheDemocratic Republic of the Congo from 2006 to 2011,DRC 2006-2011,wild,AFP,2010-08-13,2010,,2010,year,Democratic Republic of the Congo,,Democratic Republic of the Congo,,2010,Democratic Republic of Congo,,,,country_year_case,DRC1018614,2010,Democratic Republic of the Congo
KJ502337,Phylogeny of imported and reestablished wild polioviruses intheDemocratic Republic of the Congo from 2006 to 2011,DRC 2006-2011,wild,AFP,2010-08-18,2011,,2011,year,Democratic Republic of the Congo,,Democratic Republic of the Congo,,2011,Democratic Republic of Congo,,,,country_year_case,DRC1118612,2011,Democratic Republic of the Congo
KJ502336,Phylogeny of imported and reestablished wild polioviruses intheDemocratic Republic of the Congo from 2006 to 2011,DRC 2006-2011,wild,AFP,2010-08-29,2011,,2011,year,Democratic Republic of the Congo,,Democratic Republic of the Congo,,2011,Democratic Republic of Congo,,,,country_year_case,DRC1118611,2011,Democratic Republic of the Congo
KJ502335,Phylogeny of imported and reestablished wild polioviruses intheDemocratic Republic of the Congo from 2006 to 2011,DRC 2006-2011,wild,AFP,2010-09-14,2010,,2010,year,Democratic Republic of the Congo,,Democratic Republic of the Congo,,2010,Democratic Republic of Congo,,,,country_year_case,DRC1018610,2010,Democratic Republic of the Congo
KJ502334,Phylogeny of imported and reestablished wild polioviruses intheDemocratic Republic of the Congo from 2006 to 2011,DRC 2006-2011,wild,AFP,2010-09-20,2010,,2010,year,Democratic Republic of the Congo,,Democratic Republic of the Congo,,2010,Democratic Republic of Congo,,,,country_year_case,DRC1018609,2010,Democratic Republic of the Congo
KJ502333,Phylogeny of imported and reestablished wild polioviruses intheDemocratic Republic of the Congo from 2006 to 2011,DRC 2006-2011,wild,AFP,2010-10-01,2010,,2010,year,Democratic Republic of the Congo,,Democratic Republic of the Congo,,2010,Democratic Republic of Congo,,,,country_year_case,DRC1018608,2010,Democratic Republic of the Congo
KJ502332,Phylogeny of imported and reestablished wild polioviruses intheDemocratic Republic of the Congo from 2006 to 2011,DRC 2006-2011,wild,AFP,2010-10-05,2010,,2010,year,Democratic Republic of the Congo,,Democratic Republic of the Congo,,2010,Democratic Republic of Congo,,,,country_year_case,DRC1018607,2010,Democratic Republic of the Congo
KJ502331,Phylogeny of imported and reestablished wild polioviruses intheDemocratic Republic of the Congo from 2006 to 2011,DRC 2006-2011,wild,AFP,2010-10-21,2007,,2007,year,Democratic Republic of the Congo,,Democratic Republic of the Congo,,2007,Democratic Republic of Congo,,,,country_year_case,DRC0718606,2007,Democratic Republic of the Congo
KJ502330,Phylogeny of imported and reestablished wild polioviruses intheDemocratic Republic of the Congo from 2006 to 2011,DRC 2006-2011,wild,AFP,2010-10-30,2006,,2006,year,Democratic Republic of the Congo,,Democratic Republic of the Congo,,2006,Democratic Republic of Congo,,,,country_year_case,DRC0618605,2006,Democratic Republic of the Congo
KJ502329,Phylogeny of imported and reestablished wild polioviruses intheDemocratic Republic of the Congo from 2006 to 2011,DRC 2006-2011,wild,AFP,2010-10-31,2006,,2006,year,Democratic Republic of the Congo,,Democratic Republic of the Congo,,2006,Democratic Republic of Congo,,,,country_year_case,DRC0618604,2006,Democratic Republic of the Congo
KJ502328,Phylogeny of imported and reestablished wild polioviruses intheDemocratic Republic of the Congo from 2006 to 2011,DRC 2006-2011,wild,AFP,2010-11-01,2007,,2007,year,Democratic Republic of the Congo,,Democratic Republic of the Congo,,2007,Democratic Republic of Congo,,,,country_year_case,DRC0718603,2007,Democratic Republic of the Congo
KJ502327,Phylogeny of imported and reestablished wild polioviruses intheDemocratic Republic of the Congo from 2006 to 2011,DRC 2006-2011,wild,AFP,2010-11-02,2007,,2007,year,Democratic Republic of the Congo,,Democratic Republic of the Congo,,2007,Democratic Republic of Congo,,,,country_year_case,DRC0718602,2007,Democratic Republic of the Congo
KJ502326,Phylogeny of imported and reestablished wild polioviruses intheDemocratic Republic of the Congo from 2006 to 2011,DRC 2006-2011,wild,AFP,2010-11-13,2007,,2007,year,Democratic Republic of the Congo,,Democratic Republic of the Congo,,2007,Democratic Republic of Congo,,,,country_year_case,DRC0718601,2007,Democratic Republic of the Congo
KJ502325,Phylogeny of imported and reestablished wild polioviruses intheDemocratic Republic of the Congo from 2006 to 2011,DRC 2006-2011,wild,AFP,2010-11-16,2006,,2006,year,Democratic Republic of the Congo,,Democratic Republic of the Congo,,2006,Democratic Republic of Congo,,,,country_year_case,DRC0618600,2006,Democratic Republic of the Congo
KJ502324,Phylogeny of imported and reestablished wild polioviruses intheDemocratic Republic of the Congo from 2006 to 2011,DRC 2006-2011,wild,AFP,2010-11-21,2006,,2006,year,Democratic Republic of the Congo,,Democratic Republic of the Congo,,2006,Democratic Republic of Congo,,,,country_year_case,DRC0618599,2006,Democratic Republic of the Congo
KJ502323,Phylogeny of imported and reestablished wild polioviruses intheDemocratic Republic of the Congo from 2006 to 2011,DRC 2006-2011,wild,AFP,2010-11-26,2006,,2006,year,Democratic Republic of the Congo,,Democratic Republic of the Congo,,2006,Democratic Republic of Congo,,,,country_year_case,DRC0618598,2006,Democratic Republic of the Congo
KJ502322,Phylogeny of imported and reestablished wild polioviruses intheDemocratic Republic of the Congo from 2006 to 2011,DRC 2006-2011,wild,AFP,2010-11-27,2006,,2006,year,Democratic Republic of the Congo,,Democratic Republic of the Congo,,2006,Democratic Republic of Congo,,,,country_year_case,DRC0618597,2006,Democratic Republic of the Congo
KJ502321,Phylogeny of imported and reestablished wild polioviruses intheDemocratic Republic of the Congo from 2006 to 2011,DRC 2006-2011,wild,AFP,2010-12-08,2007,,2007,year,Democratic Republic of the Congo,,Democratic Republic of the Congo,,2007,Democratic Republic of Congo,,,,country_year_case,DRC0718596,2007,Democratic Republic of the Congo
KJ502320,Phylogeny of imported and reestablished wild polioviruses intheDemocratic Republic of the Congo from 2006 to 2011,DRC 2006-2011,wild,AFP,2010-12-10,2006,,2006,year,Democratic Republic of the Congo,,Democratic Republic of the Congo,,2006,Democratic Republic of Congo,,,,country_year_case,DRC0618595,2006,Democratic Republic of the Congo
KJ502319,Phylogeny of imported and reestablished wild polioviruses intheDemocratic Republic of the Congo from 2006 to 2011,DRC 2006-2011,wild,AFP,2010-12-11,2006,,2006,year,Democratic Republic of the Congo,,Democratic Republic of the Congo,,2006,Democratic Republic of Congo,,,,country_year_case,DRC0618594,2006,Democratic Republic of the Congo
KJ502318,Phylogeny of imported and reestablished wild polioviruses intheDemocratic Republic of the Congo from 2006 to 2011,DRC 2006-2011,wild,AFP,2010-12-16,2006,,2006,year,Democratic Republic of the Congo,,Democratic Republic of the Congo,,2006,Democratic Republic of Congo,,,,country_year_case,DRC0618593,2006,Democratic Republic of the Congo
KJ502317,Phylogeny of imported and reestablished wild polioviruses intheDemocratic Republic of the Congo from 2006 to 2011,DRC 2006-2011,wild,AFP,2010-12-26,2006,,2006,year,Democratic Republic of the Congo,,Democratic Republic of the Congo,,2006,Democratic Republic of Congo,,,,country_year_case,DRC0618592,2006,Democratic Republic of the Congo
KJ013498,"Molecular Epidemiology of Silent Introduction and SustainedTransmission of Wild Poliovirus Type 1, Israel, 2013",Israel 2013,wild,healthy,2013-05-01,2013,,2013,year,Israel,,Israel,stool suspenion,2013,Israel,,,,pv_lab_country_year,PV1_11801-S_ISR13,2013,Israel
KJ013497,"Molecular Epidemiology of Silent Introduction and SustainedTransmission of Wild Poliovirus Type 1, Israel, 2013",Israel 2013,wild,healthy,2013-05-01,2013,,2013,year,Israel,,Israel,stool suspenion,2013,Israel,,,,pv_lab_country_year,PV1_11800-S_ISR13,2013,Israel
KJ013496,"Molecular Epidemiology of Silent Introduction and SustainedTransmission of Wild Poliovirus Type 1, Israel, 2013",Israel 2013,wild,healthy,2013-05-01,2013,,2013,year,Israel,,Israel,stool suspenion,2013,Israel,,,,pv_lab_country_year,PV1_11651-S_ISR13,2013,Israel
KJ013495,"Molecular Epidemiology of Silent Introduction and SustainedTransmission of Wild Poliovirus Type 1, Israel, 2013",Israel 2013,wild,healthy,2013-05-01,2013,,2013,year,Israel,,Israel,stool suspenion,2013,Israel,,,,pv_lab_country_year,PV1_11646-S_ISR13,2013,Israel
KJ013494,"Molecular Epidemiology of Silent Introduction and SustainedTransmission of Wild Poliovirus Type 1, Israel, 2013",Israel 2013,wild,healthy,2013-05-01,2013,,2013,year,Israel,,Israel,stool suspenion,2013,Israel,,,,pv_lab_country_year,PV1_11564-S_ISR13,2013,Israel
KJ013493,"Molecular Epidemiology of Silent Introduction and SustainedTransmission of Wild Poliovirus Type 1, Israel, 2013",Israel 2013,wild,healthy,2013-05-01,2013,,2013,year,Israel,,Israel,stool suspenion,2013,Israel,,,,pv_lab_country_year,PV1_11407-S_ISR13,2013,Israel
KJ013492,"Molecular Epidemiology of Silent Introduction and SustainedTransmission of Wild Poliovirus Type 1, Israel, 2013",Israel 2013,wild,healthy,2013-05-01,2013,,2013,year,Israel,,Israel,stool suspenion,2013,Israel,,,,pv_lab_country_year,PV1_11331-S_ISR13,2013,Israel
KJ013491,"Molecular Epidemiology of Silent Introduction and SustainedTransmission of Wild Poliovirus Type 1, Israel, 2013",Israel 2013,wild,healthy,2013-05-01,2013,,2013,year,Israel,,Israel,stool suspenion,2013,Israel,,,,pv_lab_country_year,PV1_11286-S_ISR13,2013,Israel
KJ013490,"Molecular Epidemiology of Silent Introduction and SustainedTransmission of Wild Poliovirus Type 1, Israel, 2013",Israel 2013,wild,healthy,2013-05-01,2013,,2013,year,Israel,,Israel,stool suspenion,2013,Israel,,,,pv_lab_country_year,PV1_11282-S_ISR13,2013,Israel
KJ013489,"Molecular Epidemiology of Silent Introduction and SustainedTransmission of Wild Poliovirus Type 1, Israel, 2013",Israel 2013,wild,healthy,2013-05-01,2013,,2013,year,Israel,,Israel,stool suspenion,2013,Israel,,,,pv_lab_country_year,PV1_11020-S_ISR13,2013,Israel
KJ013488,"Molecular Epidemiology of Silent Introduction and SustainedTransmission of Wild Poliovirus Type 1, Israel, 2013",Israel 2013,wild,healthy,2013-05-01,2013,,2013,year,Israel,,Israel,stool suspenion,2013,Israel,,,,pv_lab_country_year,PV1_11016-S_ISR13,2013,Israel
KJ013487,"Molecular Epidemiology of Silent Introduction and SustainedTransmission of Wild Poliovirus Type 1, Israel, 2013",Israel 2013,wild,healthy,2013-05-01,2013,,2013,year,Israel,,Israel,stool suspenion,2013,Israel,,,,pv_lab_country_year,PV1_10996-S_ISR13,2013,Israel
KJ013486,"Molecular Epidemiology of Silent Introduction and SustainedTransmission of Wild Poliovirus Type 1, Israel, 2013",Israel 2013,wild,healthy,2013-05-01,2013,,2013,year,Israel,,Israel,stool suspenion,2013,Israel,,,,pv_lab_country_year,PV1_10960-S_ISR13,2013,Israel
KJ013485,"Molecular Epidemiology of Silent Introduction and SustainedTransmission of Wild Poliovirus Type 1, Israel, 2013",Israel 2013,wild,healthy,2013-05-01,2013,,2013,year,Israel,,Israel,stool suspenion,2013,Israel,,,,pv_lab_country_year,PV1_10959-S_ISR13,2013,Israel
KJ013484,"Molecular Epidemiology of Silent Introduction and SustainedTransmission of Wild Poliovirus Type 1, Israel, 2013",Israel 2013,wild,healthy,2013-05-01,2013,,2013,year,Israel,,Israel,stool suspenion,2013,Israel,,,,pv_lab_country_year,PV1_10866-S_ISR13,2013,Israel
KJ013483,"Molecular Epidemiology of Silent Introduction and SustainedTransmission of Wild Poliovirus Type 1, Israel, 2013",Israel 2013,wild,healthy,2013-05-01,2013,,2013,year,Israel,,Israel,stool suspenion,2013,Israel,,,,pv_lab_country_year,PV1_10804-S_ISR13,2013,Israel
KJ013482,"Molecular Epidemiology of Silent Introduction and SustainedTransmission of Wild Poliovirus Type 1, Israel, 2013",Israel 2013,wild,healthy,2013-05-01,2013,,2013,year,Israel,,Israel,stool suspenion,2013,Israel,,,,pv_lab_country_year,PV1_10802-S_ISR13,2013,Israel
KJ013481,"Molecular Epidemiology of Silent Introduction and SustainedTransmission of Wild Poliovirus Type 1, Israel, 2013",Israel 2013,wild,healthy,2013-05-01,2013,,2013,year,Israel,,Israel,stool suspenion,2013,Israel,,,,pv_lab_country_year,PV1_10788-S_ISR13,2013,Israel
KJ013480,"Molecular Epidemiology of Silent Introduction and SustainedTransmission of Wild Poliovirus Type 1, Israel, 2013",Israel 2013,wild,healthy,2013-05-01,2013,,2013,year,Israel,,Israel,stool suspenion,2013,Israel,,,,pv_lab_country_year,PV1_10730-S_ISR13,2013,Israel
KJ013479,"Molecular Epidemiology of Silent Introduction and SustainedTransmission of Wild Poliovirus Type 1, Israel, 2013",Israel 2013,wild,healthy,2013-05-01,2013,,2013,year,Israel,,Israel,stool suspenion,2013,Israel,,,,pv_lab_country_year,PV1_10728-S_ISR13,2013,Israel
KJ013478,"Molecular Epidemiology of Silent Introduction and SustainedTransmission of Wild Poliovirus Type 1, Israel, 2013",Israel 2013,wild,healthy,2013-05-01,2013,,2013,year,Israel,,Israel,stool suspenion,2013,Israel,,,,pv_lab_country_year,PV1_10721-S_ISR13,2013,Israel
KJ013477,"Molecular Epidemiology of Silent Introduction and SustainedTransmission of Wild Poliovirus Type 1, Israel, 2013",Israel 2013,wild,healthy,2013-05-01,2013,,2013,year,Israel,,Israel,stool suspenion,2013,Israel,,,,pv_lab_country_year,PV1_10718-S_ISR13,2013,Israel
KJ013476,"Molecular Epidemiology of Silent Introduction and SustainedTransmission of Wild Poliovirus Type 1, Israel, 2013",Israel 2013,wild,healthy,2013-05-01,2013,,2013,year,Israel,,Israel,stool suspenion,2013,Israel,,,,pv_lab_country_year,PV1_10712-S_ISR13,2013,Israel
KJ013475,"Molecular Epidemiology of Silent Introduction and SustainedTransmission of Wild Poliovirus Type 1, Israel, 2013",Israel 2013,wild,healthy,2013-05-01,2013,,2013,year,Israel,,Israel,stool suspenion,2013,Israel,,,,pv_lab_country_year,PV1_10709-S_ISR13,2013,Israel
KJ013474,"Molecular Epidemiology of Silent Introduction and SustainedTransmission of Wild Poliovirus Type 1, Israel, 2013",Israel 2013,wild,healthy,2013-05-01,2013,,2013,year,Israel,,Israel,stool suspenion,2013,Israel,,,,pv_lab_country_year,PV1_10632-S_ISR13,2013,Israel
KJ013473,"Molecular Epidemiology of Silent Introduction and SustainedTransmission of Wild Poliovirus Type 1, Israel, 2013",Israel 2013,wild,healthy,2013-05-01,2013,,2013,year,Israel,,Israel,stool suspenion,2013,Israel,,,,pv_lab_country_year,PV1_10618-S_ISR13,2013,Israel
KJ013472,"Molecular Epidemiology of Silent Introduction and SustainedTransmission of Wild Poliovirus Type 1, Israel, 2013",Israel 2013,wild,healthy,2013-05-01,2013,,2013,year,Israel,,Israel,stool suspenion,2013,Israel,,,,pv_lab_country_year,PV1_10598-S_ISR13,2013,Israel
KJ013471,"Molecular Epidemiology of Silent Introduction and SustainedTransmission of Wild Poliovirus Type 1, Israel, 2013",Israel 2013,wild,healthy,2013-05-01,2013,,2013,year,Israel,,Israel,stool suspenion,2013,Israel,,,,pv_lab_country_year,PV1_10301-S_ISR13,2013,Israel
KJ013470,"Molecular Epidemiology of Silent Introduction and SustainedTransmission of Wild Poliovirus Type 1, Israel, 2013",Israel 2013,wild,healthy,2013-05-01,2013,,2013,year,Israel,,Israel,stool suspenion,2013,Israel,,,,pv_lab_country_year,PV1_10300-S_ISR13,2013,Israel
KJ013469,"Molecular Epidemiology of Silent Introduction and SustainedTransmission of Wild Poliovirus Type 1, Israel, 2013",Israel 2013,wild,healthy,2013-05-01,2013,,2013,year,Israel,,Israel,stool suspenion,2013,Israel,,,,pv_lab_country_year,PV1_10140-S_ISR13,2013,Israel
KJ013468,"Molecular Epidemiology of Silent Introduction and SustainedTransmission of Wild Poliovirus Type 1, Israel, 2013",Israel 2013,wild,environmental,2013-05-01,07-Aug-2013,2013-08-07,2013,day,Israel,,Israel,Ayalon Lod Trunk Line,2013,Israel,,,,pv_lab_country_year,PV1_8279-TT_ISR13,2013,Israel
KJ013467,"Molecular Epidemiology of Silent Introduction and SustainedTransmission of Wild Poliovirus Type 1, Israel, 2013",Israel 2013,wild,environmental,2013-05-01,05-Aug-2013,2013-08-05,2013,day,Israel,,Israel,Ar'ara Treatment Plant,2013,Israel,,,,pv_lab_country_year,PV1_8258-TT_ISR13,2013,Israel
KJ013466,"Molecular Epidemiology of Silent Introduction and SustainedTransmission of Wild Poliovirus Type 1, Israel, 2013",Israel 2013,wild,environmental,2013-05-01,22-Jul-2013,2013-07-22,2013,day,Israel,,Israel,Kiryat Gat Treatment Plant,2013,Israel,,,,pv_lab_country_year,PV1_8225-TT_ISR13,2013,Israel
KJ013465,"Molecular Epidemiology of Silent Introduction and SustainedTransmission of Wild Poliovirus Type 1, Israel, 2013",Israel 2013,wild,environmental,2013-05-01,15-Jul-2013,2013-07-15,2013,day,Israel,,Israel,Be'er Sheva Treatment Plant,2013,Israel,,,,pv_lab_country_year,PV1_8212-TT_ISR13,2013,Israel
KJ013464,"Molecular Epidemiology of Silent Introduction and SustainedTransmission of Wild Poliovirus Type 1, Israel, 2013",Israel 2013,wild,environmental,2013-05-01,15-Jul-2013,2013-07-15,2013,day,Israel,,Israel,Kiryat Gat Treatment Plant,2013,Israel,,,,pv_lab_country_year,PV1_8209-TT_ISR13,2013,Israel
KJ013463,"Molecular Epidemiology of Silent Introduction and SustainedTransmission of Wild Poliovirus Type 1, Israel, 2013",Israel 2013,wild,environmental,2013-05-01,11-Jul-2013,2013-07-11,2013,day,Israel,,Israel,Ayalon Ramle Trunk Line,2013,Israel,,,,pv_lab_country_year,PV1_8205-TT1_ISR13,2013,Israel
KJ013462,"Molecular Epidemiology of Silent Introduction and SustainedTransmission of Wild Poliovirus Type 1, Israel, 2013",Israel 2013,wild,environmental,2013-05-01,11-Jul-2013,2013-07-11,2013,day,Israel,,Israel,Ayalon Lod Trunk Line,2013,Israel,,,,pv_lab_country_year,PV1_8204-TT_ISR13,2013,Israel
KJ013461,"Molecular Epidemiology of Silent Introduction and SustainedTransmission of Wild Poliovirus Type 1, Israel, 2013",Israel 2013,wild,environmental,2013-05-01,09-Jul-2013,2013-07-09,2013,day,Israel,,Israel,Rahat Treatment Plant,2013,Israel,,,,pv_lab_country_year,PV1_8196-TT_ISR13,2013,Israel
KJ013460,"Molecular Epidemiology of Silent Introduction and SustainedTransmission of Wild Poliovirus Type 1, Israel, 2013",Israel 2013,wild,environmental,2013-05-01,03-Jul-2013,2013-07-03,2013,day,Israel,,Israel,Horashim Tretment Plant,2013,Israel,,,,pv_lab_country_year,PV1_8193-TT_ISR13,2013,Israel
KJ013459,"Molecular Epidemiology of Silent Introduction and SustainedTransmission of Wild Poliovirus Type 1, Israel, 2013",Israel 2013,wild,environmental,2013-05-01,10-Jul-2013,2013-07-10,2013,day,Israel,,Israel,Horashim Tretment Plant,2013,Israel,,,,pv_lab_country_year,PV1_8193-PL1_ISR13,2013,Israel
KJ013458,"Molecular Epidemiology of Silent Introduction and SustainedTransmission of Wild Poliovirus Type 1, Israel, 2013",Israel 2013,wild,environmental,2013-05-01,03-Jul-2013,2013-07-03,2013,day,Israel,,Israel,Kiryat Gat Treatment Plant,2013,Israel,,,,pv_lab_country_year,PV1_8191-PL2_ISR13,2013,Israel
KJ013457,"Molecular Epidemiology of Silent Introduction and SustainedTransmission of Wild Poliovirus Type 1, Israel, 2013",Israel 2013,wild,environmental,2013-05-01,02-Jul-2013,2013-07-02,2013,day,Israel,,Israel,Be'er Sheva Treatment Plant,2013,Israel,,,,pv_lab_country_year,PV1_8188-TT_ISR13,2013,Israel
KJ013456,"Molecular Epidemiology of Silent Introduction and SustainedTransmission of Wild Poliovirus Type 1, Israel, 2013",Israel 2013,wild,environmental,2013-05-01,02-Jul-2013,2013-07-02,2013,day,Israel,,Israel,Ayalon Treatment Plant,2013,Israel,,,,pv_lab_country_year,PV1_8186-PL1_ISR13,2013,Israel
KJ013455,"Molecular Epidemiology of Silent Introduction and SustainedTransmission of Wild Poliovirus Type 1, Israel, 2013",Israel 2013,wild,environmental,2013-05-01,01-Jul-2013,2013-07-01,2013,day,Israel,,Israel,Taiba Treatment Plant,2013,Israel,,,,pv_lab_country_year,PV1_8184-PL1_ISR13,2013,Israel
KJ013454,"Molecular Epidemiology of Silent Introduction and SustainedTransmission of Wild Poliovirus Type 1, Israel, 2013",Israel 2013,wild,environmental,2013-05-01,24-Jun-2013,2013-06-24,2013,day,Israel,,Israel,Be'er Sheva Treatment Plant,2013,Israel,,,,pv_lab_country_year,PV1_8164-PL1_ISR13,2013,Israel
KJ013453,"Molecular Epidemiology of Silent Introduction and SustainedTransmission of Wild Poliovirus Type 1, Israel, 2013",Israel 2013,wild,environmental,2013-05-01,24-Jun-2013,2013-06-24,2013,day,Israel,,Israel,Tnuvot Treatment Plant,2013,Israel,,,,pv_lab_country_year,PV1_8161-PL1_ISR13,2013,Israel
KJ013452,"Molecular Epidemiology of Silent Introduction and SustainedTransmission of Wild Poliovirus Type 1, Israel, 2013",Israel 2013,wild,environmental,2013-05-01,23-Jun-2013,2013-06-23,2013,day,Israel,,Israel,Ayalon Treatment Plant,2013,Israel,,,,pv_lab_country_year,PV1_8160-TT_ISR13,2013,Israel
KJ013451,"Molecular Epidemiology of Silent Introduction and SustainedTransmission of Wild Poliovirus Type 1, Israel, 2013",Israel 2013,wild,environmental,2013-05-01,23-Jun-2013,2013-06-23,2013,day,Israel,,Israel,Ayalon Treatment Plant,2013,Israel,,,,pv_lab_country_year,PV1_8160-PL1_ISR13,2013,Israel
KJ013450,"Molecular Epidemiology of Silent Introduction and SustainedTransmission of Wild Poliovirus Type 1, Israel, 2013",Israel 2013,wild,environmental,2013-05-01,18-Jun-2013,2013-06-18,2013,day,Israel,,Israel,Arad Treatment Plant,2013,Israel,,,,pv_lab_country_year,PV1_8159-PL1_ISR13,2013,Israel
KJ013449,"Molecular Epidemiology of Silent Introduction and SustainedTransmission of Wild Poliovirus Type 1, Israel, 2013",Israel 2013,wild,environmental,2013-05-01,17-Jun-2013,2013-06-17,2013,day,Israel,,Israel,Be'er Sheva Treatment Plant,2013,Israel,,,,pv_lab_country_year,PV1_8156-PL1_ISR13,2013,Israel
KJ013448,"Molecular Epidemiology of Silent Introduction and SustainedTransmission of Wild Poliovirus Type 1, Israel, 2013",Israel 2013,wild,environmental,2013-05-01,11-Jun-2013,2013-06-11,2013,day,Israel,,Israel,Rahat North Trunk Line,2013,Israel,,,,pv_lab_country_year,PV1_8154-PL4_ISR13,2013,Israel
KJ013447,"Molecular Epidemiology of Silent Introduction and SustainedTransmission of Wild Poliovirus Type 1, Israel, 2013",Israel 2013,wild,environmental,2013-05-01,11-Jun-2013,2013-06-11,2013,day,Israel,,Israel,Rahat South Trunk Line,2013,Israel,,,,pv_lab_country_year,PV1_8153-PL1_ISR13,2013,Israel
KJ013446,"Molecular Epidemiology of Silent Introduction and SustainedTransmission of Wild Poliovirus Type 1, Israel, 2013",Israel 2013,wild,environmental,2013-05-01,10-Jun-2013,2013-06-10,2013,day,Israel,,Israel,Kiryat Gat Treatment Plant,2013,Israel,,,,pv_lab_country_year,PV1_8150-TT_ISR13,2013,Israel
KJ013445,"Molecular Epidemiology of Silent Introduction and SustainedTransmission of Wild Poliovirus Type 1, Israel, 2013",Israel 2013,wild,environmental,2013-05-01,10-Jun-2013,2013-06-10,2013,day,Israel,,Israel,Be'er Sheva Treatment Plant,2013,Israel,,,,pv_lab_country_year,PV1_8149-TT_ISR13,2013,Israel
KJ013444,"Molecular Epidemiology of Silent Introduction and SustainedTransmission of Wild Poliovirus Type 1, Israel, 2013",Israel 2013,wild,environmental,2013-05-01,10-Jun-2013,2013-06-10,2013,day,Israel,,Israel,Be'er Sheva Treatment Plant,2013,Israel,,,,pv_lab_country_year,PV1_8149-PL1_ISR13,2013,Israel
KJ013443,"Molecular Epidemiology of Silent Introduction and SustainedTransmission of Wild Poliovirus Type 1, Israel, 2013",Israel 2013,wild,environmental,2013-05-01,05-Jun-2013,2013-06-05,2013,day,Israel,,Israel,Ar'ara Treatment Plant,2013,Israel,,,,pv_lab_country_year,PV1_8144-TT_ISR13,2013,Israel
KJ013442,"Molecular Epidemiology of Silent Introduction and SustainedTransmission of Wild Poliovirus Type 1, Israel, 2013",Israel 2013,wild,environmental,2013-05-01,05-Jun-2013,2013-06-05,2013,day,Israel,,Israel,Ar'ara Treatment Plant,2013,Israel,,,,pv_lab_country_year,PV1_8144-PL2_ISR13,2013,Israel
KJ013441,"Molecular Epidemiology of Silent Introduction and SustainedTransmission of Wild Poliovirus Type 1, Israel, 2013",Israel 2013,wild,environmental,2013-05-01,04-Jun-2013,2013-06-04,2013,day,Israel,,Israel,Ashdod Treatment Plant,2013,Israel,,,,pv_lab_country_year,PV1_8143-PL2_ISR13,2013,Israel
KJ013440,"Molecular Epidemiology of Silent Introduction and SustainedTransmission of Wild Poliovirus Type 1, Israel, 2013",Israel 2013,wild,environmental,2013-05-01,03-Jun-2013,2013-06-03,2013,day,Israel,,Israel,Kiryat Gat Treatment Plant,,,,,,,,2013,Israel
KJ013439,"Molecular Epidemiology of Silent Introduction and SustainedTransmission of Wild Poliovirus Type 1, Israel, 2013",Israel 2013,wild,environmental,2013-05-01,03-Jun-2013,2013-06-03,2013,day,Israel,,Israel,Be'er Sheva Treatment Plant,2013,Israel,,,,pv_lab_country_year,PV1_8139-PL7_ISR13,2013,Israel
KJ013438,"Molecular Epidemiology of Silent Introduction and SustainedTransmission of Wild Poliovirus Type 1, Israel, 2013",Israel 2013,wild,environmental,2013-05-01,07-May-2013,2013-05-07,2013,day,Israel,,Israel,Rahat Treatment Plant,2013,Israel,,,,pv_lab_country_year,PV1_8115-TT4_ISR13,2013,Israel
KJ013437,"Molecular Epidemiology of Silent Introduction and SustainedTransmission of Wild Poliovirus Type 1, Israel, 2013",Israel 2013,wild,environmental,2013-05-01,07-May-2013,2013-05-07,2013,day,Israel,,Israel,Rahat Treatment Plant,2013,Israel,,,,pv_lab_country_year,PV1_8115-TT3_ISR13,2013,Israel
KJ013436,"Molecular Epidemiology of Silent Introduction and SustainedTransmission of Wild Poliovirus Type 1, Israel, 2013",Israel 2013,wild,environmental,2013-05-01,07-May-2013,2013-05-07,2013,day,Israel,,Israel,Rahat Treatment Plant,2013,Israel,,,,pv_lab_country_year,PV1_8115-TT2_ISR13,2013,Israel
KJ013435,"Molecular Epidemiology of Silent Introduction and SustainedTransmission of Wild Poliovirus Type 1, Israel, 2013",Israel 2013,wild,environmental,2013-05-01,09-Apr-2013,2013-04-09,2013,day,Israel,,Israel,Rahat Treatment Plant,2013,Israel,,,,pv_lab_country_year,PV1_8099-PL7_ISR13,2013,Israel
KJ013434,"Molecular Epidemiology of Silent Introduction and SustainedTransmission of Wild Poliovirus Type 1, Israel, 2013",Israel 2013,wild,environmental,2013-05-01,09-Apr-2013,2013-04-09,2013,day,Israel,,Israel,Rahat Treatment Plant,2013,Israel,,,,pv_lab_country_year,PV1_8099-PL5_ISR13,2013,Israel
KJ013433,"Molecular Epidemiology of Silent Introduction and SustainedTransmission of Wild Poliovirus Type 1, Israel, 2013",Israel 2013,wild,environmental,2013-05-01,09-Apr-2013,2013-04-09,2013,day,Israel,,Israel,Rahat Treatment Plant,2013,Israel,,,,pv_lab_country_year,PV1_8099-PL3_ISR13,2013,Israel
KJ013432,"Molecular Epidemiology of Silent Introduction and SustainedTransmission of Wild Poliovirus Type 1, Israel, 2013",Israel 2013,wild,environmental,2013-05-01,09-Apr-2013,2013-04-09,2013,day,Israel,,Israel,Rahat Treatment Plant,2013,Israel,,,,pv_lab_country_year,PV1_8099-PL1_ISR13,2013,Israel
KJ013431,"Molecular Epidemiology of Silent Introduction and SustainedTransmission of Wild Poliovirus Type 1, Israel, 2013",Israel 2013,wild,environmental,2013-05-01,09-Apr-2013,2013-04-09,2013,day,Israel,,Israel,Be'er Sheva Treatment Plant,2013,Israel,,,,pv_lab_country_year,PV1_8098-TT2_ISR13,2013,Israel
KJ013430,"Molecular Epidemiology of Silent Introduction and SustainedTransmission of Wild Poliovirus Type 1, Israel, 2013",Israel 2013,wild,environmental,2013-05-01,09-Apr-2013,2013-04-09,2013,day,Israel,,Israel,Be'er Sheva Treatment Plant,2013,Israel,,,,pv_lab_country_year,PV1_8098-TT1_ISR13,2013,Israel
KJ013429,"Molecular Epidemiology of Silent Introduction and SustainedTransmission of Wild Poliovirus Type 1, Israel, 2013",Israel 2013,wild,environmental,2013-05-01,11-Mar-2013,2013-03-11,2013,day,Israel,,Israel,Be'er Sheva Treatment Plant,,,,,,,,2013,Israel
KJ013428,"Molecular Epidemiology of Silent Introduction and SustainedTransmission of Wild Poliovirus Type 1, Israel, 2013",Israel 2013,wild,environmental,2013-05-01,11-Mar-2013,2013-03-11,2013,day,Israel,,Israel,Be'er Sheva Treatment Plant,,,,,,,,2013,Israel
KJ013427,"Molecular Epidemiology of Silent Introduction and SustainedTransmission of Wild Poliovirus Type 1, Israel, 2013",Israel 2013,wild,environmental,2013-05-01,11-Mar-2013,2013-03-11,2013,day,Israel,,Israel,Be'er Sheva Treatment Plant,,,,,,,,2013,Israel
KJ013426,"Molecular Epidemiology of Silent Introduction and SustainedTransmission of Wild Poliovirus Type 1, Israel, 2013",Israel 2013,wild,environmental,2013-05-01,11-Mar-2013,2013-03-11,2013,day,Israel,,Israel,Be'er Sheva Treatment Plant,,,,,,,,2013,Israel
KJ013425,"Molecular Epidemiology of Silent Introduction and SustainedTransmission of Wild Poliovirus Type 1, Israel, 2013",Israel 2013,wild,environmental,2013-05-01,11-Mar-2013,2013-03-11,2013,day,Israel,,Israel,Rahat Treatment Plant,2013,Israel,,,,pv_lab_country_year,PV1_8082-TT_ISR13,2013,Israel
KJ460332,Molecular Characterization and Phylogenetic Relationship of WildType 1 Poliovirus Strains Circulating across Pakistan and Afghanistan Bordering Areas during 2010-2012,Afg-Pak 2010-2012,wild,AFP,2011-08-17,2012,,2012,year,Afghanistan,,Afghanistan,stool,2012,Afghanistan,,,,country_year_optional_case,AFG12,2012,Afghanistan
KJ460331,Molecular Characterization and Phylogenetic Relationship of WildType 1 Poliovirus Strains Circulating across Pakistan and Afghanistan Bordering Areas during 2010-2012,Afg-Pak 2010-2012,wild,AFP,2012-08-27,2012,,2012,year,Afghanistan,,Afghanistan,stool,2012,Afghanistan,,,,country_year_optional_case,AFG12,2012,Afghanistan
KJ460330,Molecular Characterization and Phylogenetic Relationship of WildType 1 Poliovirus Strains Circulating across Pakistan and Afghanistan Bordering Areas during 2010-2012,Afg-Pak 2010-2012,wild,AFP,2011-03-19,2012,,2012,year,Afghanistan,,Afghanistan,stool,2012,Afghanistan,,,,country_year_optional_case,AFG12,2012,Afghanistan
KJ460329,Molecular Characterization and Phylogenetic Relationship of WildType 1 Poliovirus Strains Circulating across Pakistan and Afghanistan Bordering Areas during 2010-2012,Afg-Pak 2010-2012,wild,AFP,2010-12-24,2012,,2012,year,Afghanistan,,Afghanistan,stool,2012,Afghanistan,,,,country_year_optional_case,AFG12,2012,Afghanistan
KJ460328,Molecular Characterization and Phylogenetic Relationship of WildType 1 Poliovirus Strains Circulating across Pakistan and Afghanistan Bordering Areas during 2010-2012,Afg-Pak 2010-2012,wild,AFP,2011-09-15,2012,,2012,year,Afghanistan,,Afghanistan,stool,2012,Afghanistan,,,,country_year_optional_case,AFG12,2012,Afghanistan
KJ460327,Molecular Characterization and Phylogenetic Relationship of WildType 1 Poliovirus Strains Circulating across Pakistan and Afghanistan Bordering Areas during 2010-2012,Afg-Pak 2010-2012,wild,AFP,2012-06-21,2011,,2011,year,Afghanistan,,Afghanistan,stool,2011,Afghanistan,,,,country_year_optional_case,AFG11,2011,Afghanistan
KJ460326,Molecular Characterization and Phylogenetic Relationship of WildType 1 Poliovirus Strains Circulating across Pakistan and Afghanistan Bordering Areas during 2010-2012,Afg-Pak 2010-2012,wild,AFP,2010-04-17,2011,,2011,year,Afghanistan,,Afghanistan,stool,2011,Afghanistan,,,,country_year_optional_case,AFG11,2011,Afghanistan
KJ460325,Molecular Characterization and Phylogenetic Relationship of WildType 1 Poliovirus Strains Circulating across Pakistan and Afghanistan Bordering Areas during 2010-2012,Afg-Pak 2010-2012,wild,AFP,2011-01-19,2011,,2011,year,Pakistan,,Pakistan,stool,2011,Pakistan,,,,country_year_optional_case,PAK11,2011,Pakistan
KJ460324,Molecular Characterization and Phylogenetic Relationship of WildType 1 Poliovirus Strains Circulating across Pakistan and Afghanistan Bordering Areas during 2010-2012,Afg-Pak 2010-2012,wild,AFP,2011-10-26,2011,,2011,year,Pakistan,,Pakistan,stool,2011,Pakistan,,,,country_year_optional_case,PAK11,2011,Pakistan
KJ460323,Molecular Characterization and Phylogenetic Relationship of WildType 1 Poliovirus Strains Circulating across Pakistan and Afghanistan Bordering Areas during 2010-2012,Afg-Pak 2010-2012,wild,AFP,2010-08-22,2011,,2011,year,Pakistan,,Pakistan,stool,2011,Pakistan,,,,country_year_optional_case,PAK11,2011,Pakistan
KJ460322,Molecular Characterization and Phylogenetic Relationship of WildType 1 Poliovirus Strains Circulating across Pakistan and Afghanistan Bordering Areas during 2010-2012,Afg-Pak 2010-2012,wild,AFP,2012-10-23,2012,,2012,year,Pakistan,,Pakistan,stool,2012,Pakistan,,,,country_year_optional_case,PAK12,2012,Pakistan
KJ460321,Molecular Characterization and Phylogenetic Relationship of WildType 1 Poliovirus Strains Circulating across Pakistan and Afghanistan Bordering Areas during 2010-2012,Afg-Pak 2010-2012,wild,AFP,2011-04-06,2011,,2011,year,Pakistan,,Pakistan,stool,2011,Pakistan,,,,country_year_optional_case,PAK11,2011,Pakistan
KJ460320,Molecular Characterization and Phylogenetic Relationship of WildType 1 Poliovirus Strains Circulating across Pakistan and Afghanistan Bordering Areas during 2010-2012,Afg-Pak 2010-2012,wild,AFP,2012-06-07,2011,,2011,year,Pakistan,,Pakistan,stool,2011,Pakistan,,,,country_year_optional_case,PAK11,2011,Pakistan
KJ460319,Molecular Characterization and Phylogenetic Relationship of WildType 1 Poliovirus Strains Circulating across Pakistan and Afghanistan Bordering Areas during 2010-2012,Afg-Pak 2010-2012,wild,AFP,2012-12-06,2011,,2011,year,Pakistan,,Pakistan,stool,2011,Pakistan,,,,country_year_optional_case,PAK11,2011,Pakistan
KJ460318,Molecular Characterization and Phylogenetic Relationship of WildType 1 Poliovirus Strains Circulating across Pakistan and Afghanistan Bordering Areas during 2010-2012,Afg-Pak 2010-2012,wild,AFP,2012-11-18,2011,,2011,year,Afghanistan,,Afghanistan,stool,2011,Afghanistan,,,,country_year_optional_case,AFG11,2011,Afghanistan
KJ460317,Molecular Characterization and Phylogenetic Relationship of WildType 1 Poliovirus Strains Circulating across Pakistan and Afghanistan Bordering Areas during 2010-2012,Afg-Pak 2010-2012,wild,AFP,2012-02-22,2011,,2011,year,Pakistan,,Pakistan,stool,2011,Pakistan,,,,country_year_optional_case,PAK11,2011,Pakistan
KJ460316,Molecular Characterization and Phylogenetic Relationship of WildType 1 Poliovirus Strains Circulating across Pakistan and Afghanistan Bordering Areas during 2010-2012,Afg-Pak 2010-2012,wild,AFP,2010-11-17,2011,,2011,year,Afghanistan,,Afghanistan,stool,2011,Afghanistan,,,,country_year_optional_case,AFG11,2011,Afghanistan
KJ460315,Molecular Characterization and Phylogenetic Relationship of WildType 1 Poliovirus Strains Circulating across Pakistan and Afghanistan Bordering Areas during 2010-2012,Afg-Pak 2010-2012,wild,AFP,2012-01-28,2011,,2011,year,Pakistan,,Pakistan,stool,2011,Pakistan,,,,country_year_optional_case,PAK11,2011,Pakistan
KJ460314,Molecular Characterization and Phylogenetic Relationship of WildType 1 Poliovirus Strains Circulating across Pakistan and Afghanistan Bordering Areas during 2010-2012,Afg-Pak 2010-2012,wild,AFP,2012-04-27,2011,,2011,year,Afghanistan,,Afghanistan,stool,2011,Afghanistan,,,,country_year_optional_case,AFG11,2011,Afghanistan
KJ460313,Molecular Characterization and Phylogenetic Relationship of WildType 1 Poliovirus Strains Circulating across Pakistan and Afghanistan Bordering Areas during 2010-2012,Afg-Pak 2010-2012,wild,AFP,2011-06-23,2011,,2011,year,Pakistan,,Pakistan,stool,2011,Pakistan,,,,country_year_optional_case,PAK11,2011,Pakistan
KJ460312,Molecular Characterization and Phylogenetic Relationship of WildType 1 Poliovirus Strains Circulating across Pakistan and Afghanistan Bordering Areas during 2010-2012,Afg-Pak 2010-2012,wild,AFP,2011-12-02,2011,,2011,year,Afghanistan,,Afghanistan,stool,2011,Afghanistan,,,,country_year_optional_case,AFG11,2011,Afghanistan
KJ460311,Molecular Characterization and Phylogenetic Relationship of WildType 1 Poliovirus Strains Circulating across Pakistan and Afghanistan Bordering Areas during 2010-2012,Afg-Pak 2010-2012,wild,AFP,2011-12-10,2011,,2011,year,Pakistan,,Pakistan,stool,2011,Pakistan,,,,country_year_optional_case,PAK11,2011,Pakistan
KJ460310,Molecular Characterization and Phylogenetic Relationship of WildType 1 Poliovirus Strains Circulating across Pakistan and Afghanistan Bordering Areas during 2010-2012,Afg-Pak 2010-2012,wild,AFP,2010-01-11,2011,,2011,year,Pakistan,,Pakistan,stool,2011,Pakistan,,,,country_year_optional_case,PAK11,2011,Pakistan
KJ460309,Molecular Characterization and Phylogenetic Relationship of WildType 1 Poliovirus Strains Circulating across Pakistan and Afghanistan Bordering Areas during 2010-2012,Afg-Pak 2010-2012,wild,AFP,2012-11-02,2011,,2011,year,Pakistan,,Pakistan,stool,2011,Pakistan,,,,country_year_optional_case,PAK11,2011,Pakistan
KJ460308,Molecular Characterization and Phylogenetic Relationship of WildType 1 Poliovirus Strains Circulating across Pakistan and Afghanistan Bordering Areas during 2010-2012,Afg-Pak 2010-2012,wild,AFP,2011-09-18,2011,,2011,year,Pakistan,,Pakistan,stool,2011,Pakistan,,,,country_year_optional_case,PAK11,2011,Pakistan
KJ460307,Molecular Characterization and Phylogenetic Relationship of WildType 1 Poliovirus Strains Circulating across Pakistan and Afghanistan Bordering Areas during 2010-2012,Afg-Pak 2010-2012,wild,AFP,2010-04-22,2011,,2011,year,Afghanistan,,Afghanistan,stool,2011,Afghanistan,,,,country_year_optional_case,AFG11,2011,Afghanistan
KJ460306,Molecular Characterization and Phylogenetic Relationship of WildType 1 Poliovirus Strains Circulating across Pakistan and Afghanistan Bordering Areas during 2010-2012,Afg-Pak 2010-2012,wild,AFP,2012-04-07,2011,,2011,year,Afghanistan,,Afghanistan,stool,2011,Afghanistan,,,,country_year_optional_case,AFG11,2011,Afghanistan
KJ460305,Molecular Characterization and Phylogenetic Relationship of WildType 1 Poliovirus Strains Circulating across Pakistan and Afghanistan Bordering Areas during 2010-2012,Afg-Pak 2010-2012,wild,AFP,2012-03-29,2011,,2011,year,Pakistan,,Pakistan,stool,2011,Pakistan,,,,country_year_optional_case,PAK11,2011,Pakistan
KJ460304,Molecular Characterization and Phylogenetic Relationship of WildType 1 Poliovirus Strains Circulating across Pakistan and Afghanistan Bordering Areas during 2010-2012,Afg-Pak 2010-2012,wild,AFP,2012-06-09,2011,,2011,year,Pakistan,,Pakistan,stool,2011,Pakistan,,,,country_year_optional_case,PAK11,2011,Pakistan
KJ460303,Molecular Characterization and Phylogenetic Relationship of WildType 1 Poliovirus Strains Circulating across Pakistan and Afghanistan Bordering Areas during 2010-2012,Afg-Pak 2010-2012,wild,AFP,2012-12-29,2011,,2011,year,Pakistan,,Pakistan,stool,,,,,,,,2011,Pakistan
KJ460302,Molecular Characterization and Phylogenetic Relationship of WildType 1 Poliovirus Strains Circulating across Pakistan and Afghanistan Bordering Areas during 2010-2012,Afg-Pak 2010-2012,wild,AFP,2011-04-30,2011,,2011,year,Pakistan,,Pakistan,stool,2011,Pakistan,,,,country_year_optional_case,PAK11,2011,Pakistan
KJ460301,Molecular Characterization and Phylogenetic Relationship of WildType 1 Poliovirus Strains Circulating across Pakistan and Afghanistan Bordering Areas during 2010-2012,Afg-Pak 2010-2012,wild,AFP,2011-10-17,2011,,2011,year,Afghanistan,,Afghanistan,stool,2011,Afghanistan,,,,country_year_optional_case,AFG11,2011,Afghanistan
KJ460300,Molecular Characterization and Phylogenetic Relationship of WildType 1 Poliovirus Strains Circulating across Pakistan and Afghanistan Bordering Areas during 2010-2012,Afg-Pak 2010-2012,wild,AFP,2011-04-18,2011,,2011,year,Pakistan,,Pakistan,stool,2011,Pakistan,,,,country_year_optional_case,PAK11,2011,Pakistan
KJ460299,Molecular Characterization and Phylogenetic Relationship of WildType 1 Poliovirus Strains Circulating across Pakistan and Afghanistan Bordering Areas during 2010-2012,Afg-Pak 2010-2012,wild,AFP,2011-05-17,2011,,2011,year,Pakistan,,Pakistan,stool,2011,Pakistan,,,,country_year_optional_case,PAK11,2011,Pakistan
KJ460298,Molecular Characterization and Phylogenetic Relationship of WildType 1 Poliovirus Strains Circulating across Pakistan and Afghanistan Bordering Areas during 2010-2012,Afg-Pak 2010-2012,wild,AFP,2011-08-29,2011,,2011,year,Afghanistan,,Afghanistan,stool,2011,Afghanistan,,,,country_year_optional_case,AFG11,2011,Afghanistan
KJ460297,Molecular Characterization and Phylogenetic Relationship of WildType 1 Poliovirus Strains Circulating across Pakistan and Afghanistan Bordering Areas during 2010-2012,Afg-Pak 2010-2012,wild,AFP,2011-01-24,2011,,2011,year,Pakistan,,Pakistan,stool,2011,Pakistan,,,,country_year_optional_case,PAK11,2011,Pakistan
KJ460296,Molecular Characterization and Phylogenetic Relationship of WildType 1 Poliovirus Strains Circulating across Pakistan and Afghanistan Bordering Areas during 2010-2012,Afg-Pak 2010-2012,wild,AFP,2010-09-11,2011,,2011,year,Pakistan,,Pakistan,stool,2011,Pakistan,,,,country_year_optional_case,PAK11,2011,Pakistan
KJ460295,Molecular Characterization and Phylogenetic Relationship of WildType 1 Poliovirus Strains Circulating across Pakistan and Afghanistan Bordering Areas during 2010-2012,Afg-Pak 2010-2012,wild,AFP,2011-06-29,2011,,2011,year,Pakistan,,Pakistan,stool,2011,Pakistan,,,,country_year_optional_case,PAK11,2011,Pakistan
KJ460294,Molecular Characterization and Phylogenetic Relationship of WildType 1 Poliovirus Strains Circulating across Pakistan and Afghanistan Bordering Areas during 2010-2012,Afg-Pak 2010-2012,wild,AFP,2012-09-05,2011,,2011,year,Afghanistan,,Afghanistan,stool,2011,Afghanistan,,,,country_year_optional_case,AFG11,2011,Afghanistan
KJ460293,Molecular Characterization and Phylogenetic Relationship of WildType 1 Poliovirus Strains Circulating across Pakistan and Afghanistan Bordering Areas during 2010-2012,Afg-Pak 2010-2012,wild,AFP,2012-09-01,2011,,2011,year,Pakistan,,Pakistan,stool,2011,Pakistan,,,,country_year_optional_case,PAK11,2011,Pakistan
KJ460292,Molecular Characterization and Phylogenetic Relationship of WildType 1 Poliovirus Strains Circulating across Pakistan and Afghanistan Bordering Areas during 2010-2012,Afg-Pak 2010-2012,wild,AFP,2010-08-14,2011,,2011,year,Afghanistan,,Afghanistan,stool,2011,Afghanistan,,,,country_year_optional_case,AFG11,2011,Afghanistan
KJ460291,Molecular Characterization and Phylogenetic Relationship of WildType 1 Poliovirus Strains Circulating across Pakistan and Afghanistan Bordering Areas during 2010-2012,Afg-Pak 2010-2012,wild,AFP,2012-09-27,2011,,2011,year,Afghanistan,,Afghanistan,stool,2011,Afghanistan,,,,country_year_optional_case,AFG11,2011,Afghanistan
KJ460290,Molecular Characterization and Phylogenetic Relationship of WildType 1 Poliovirus Strains Circulating across Pakistan and Afghanistan Bordering Areas during 2010-2012,Afg-Pak 2010-2012,wild,AFP,2010-03-17,2011,,2011,year,Afghanistan,,Afghanistan,stool,2011,Afghanistan,,,,country_year_optional_case,AFG11,2011,Afghanistan
KJ460289,Molecular Characterization and Phylogenetic Relationship of WildType 1 Poliovirus Strains Circulating across Pakistan and Afghanistan Bordering Areas during 2010-2012,Afg-Pak 2010-2012,wild,AFP,2010-01-18,2011,,2011,year,Afghanistan,,Afghanistan,stool,2011,Afghanistan,,,,country_year_optional_case,AFG11,2011,Afghanistan
KJ460288,Molecular Characterization and Phylogenetic Relationship of WildType 1 Poliovirus Strains Circulating across Pakistan and Afghanistan Bordering Areas during 2010-2012,Afg-Pak 2010-2012,wild,AFP,2010-01-31,2011,,2011,year,Pakistan,,Pakistan,stool,2011,Pakistan,,,,country_year_optional_case,PAK11,2011,Pakistan
KJ460287,Molecular Characterization and Phylogenetic Relationship of WildType 1 Poliovirus Strains Circulating across Pakistan and Afghanistan Bordering Areas during 2010-2012,Afg-Pak 2010-2012,wild,AFP,2010-03-25,2012,,2012,year,Afghanistan,,Afghanistan,stool,2012,Afghanistan,,,,country_year_optional_case,AFG12,2012,Afghanistan
KJ460286,Molecular Characterization and Phylogenetic Relationship of WildType 1 Poliovirus Strains Circulating across Pakistan and Afghanistan Bordering Areas during 2010-2012,Afg-Pak 2010-2012,wild,AFP,2012-10-20,2012,,2012,year,Pakistan,,Pakistan,stool,2012,Pakistan,,,,country_year_optional_case,PAK12,2012,Pakistan
KJ460285,Molecular Characterization and Phylogenetic Relationship of WildType 1 Poliovirus Strains Circulating across Pakistan and Afghanistan Bordering Areas during 2010-2012,Afg-Pak 2010-2012,wild,AFP,2011-08-08,2012,,2012,year,Pakistan,,Pakistan,stool,2012,Pakistan,,,,country_year_optional_case,PAK12,2012,Pakistan
KJ460284,Molecular Characterization and Phylogenetic Relationship of WildType 1 Poliovirus Strains Circulating across Pakistan and Afghanistan Bordering Areas during 2010-2012,Afg-Pak 2010-2012,wild,AFP,2010-11-01,2012,,2012,year,Pakistan,,Pakistan,stool,2012,Pakistan,,,,country_year_optional_case,PAK12,2012,Pakistan
KJ460283,Molecular Characterization and Phylogenetic Relationship of WildType 1 Poliovirus Strains Circulating across Pakistan and Afghanistan Bordering Areas during 2010-2012,Afg-Pak 2010-2012,wild,AFP,2012-03-28,2012,,2012,year,Afghanistan,,Afghanistan,stool,2012,Afghanistan,,,,country_year_optional_case,AFG12,2012,Afghanistan
KJ460282,Molecular Characterization and Phylogenetic Relationship of WildType 1 Poliovirus Strains Circulating across Pakistan and Afghanistan Bordering Areas during 2010-2012,Afg-Pak 2010-2012,wild,AFP,2010-05-31,2012,,2012,year,Afghanistan,,Afghanistan,stool,2012,Afghanistan,,,,country_year_optional_case,AFG12,2012,Afghanistan
KJ460281,Molecular Characterization and Phylogenetic Relationship of WildType 1 Poliovirus Strains Circulating across Pakistan and Afghanistan Bordering Areas during 2010-2012,Afg-Pak 2010-2012,wild,AFP,2011-05-22,2010,,2010,year,Pakistan,,Pakistan,stool,2010,Pakistan,,,,country_year_optional_case,PAK10,2010,Pakistan
KJ460280,Molecular Characterization and Phylogenetic Relationship of WildType 1 Poliovirus Strains Circulating across Pakistan and Afghanistan Bordering Areas during 2010-2012,Afg-Pak 2010-2012,wild,AFP,2010-12-19,2011,,2011,year,Afghanistan,,Afghanistan,stool,2011,Afghanistan,,,,country_year_optional_case,AFG11,2011,Afghanistan
KJ460279,Molecular Characterization and Phylogenetic Relationship of WildType 1 Poliovirus Strains Circulating across Pakistan and Afghanistan Bordering Areas during 2010-2012,Afg-Pak 2010-2012,wild,AFP,2012-06-24,2011,,2011,year,Afghanistan,,Afghanistan,stool,2011,Afghanistan,,,,country_year_optional_case,AFG11,2011,Afghanistan
KJ460278,Molecular Characterization and Phylogenetic Relationship of WildType 1 Poliovirus Strains Circulating across Pakistan and Afghanistan Bordering Areas during 2010-2012,Afg-Pak 2010-2012,wild,AFP,2012-04-05,2011,,2011,year,Pakistan,,Pakistan,stool,2011,Pakistan,,,,country_year_optional_case,PAK11,2011,Pakistan
KJ460277,Molecular Characterization and Phylogenetic Relationship of WildType 1 Poliovirus Strains Circulating across Pakistan and Afghanistan Bordering Areas during 2010-2012,Afg-Pak 2010-2012,wild,AFP,2010-05-19,2011,,2011,year,Pakistan,,Pakistan,stool,2011,Afghanistan,,,,country_year_optional_case,AFG11,2011,Pakistan
KJ460276,Molecular Characterization and Phylogenetic Relationship of WildType 1 Poliovirus Strains Circulating across Pakistan and Afghanistan Bordering Areas during 2010-2012,Afg-Pak 2010-2012,wild,AFP,2012-04-08,2010,,2010,year,Pakistan,,Pakistan,stool,2010,Pakistan,,,,country_year_optional_case,PAK10,2010,Pakistan
KJ460275,Molecular Characterization and Phylogenetic Relationship of WildType 1 Poliovirus Strains Circulating across Pakistan and Afghanistan Bordering Areas during 2010-2012,Afg-Pak 2010-2012,wild,AFP,2011-10-29,2011,,2011,year,Pakistan,,Pakistan,stool,2011,Pakistan,,,,country_year_optional_case,PAK11,2011,Pakistan
KJ460274,Molecular Characterization and Phylogenetic Relationship of WildType 1 Poliovirus Strains Circulating across Pakistan and Afghanistan Bordering Areas during 2010-2012,Afg-Pak 2010-2012,wild,AFP,2010-12-26,2010,,2010,year,Pakistan,,Pakistan,stool,2010,Pakistan,,,,country_year_optional_case,PAK10,2010,Pakistan
KJ460273,Molecular Characterization and Phylogenetic Relationship of WildType 1 Poliovirus Strains Circulating across Pakistan and Afghanistan Bordering Areas during 2010-2012,Afg-Pak 2010-2012,wild,AFP,2011-08-05,2010,,2010,year,Pakistan,,Pakistan,stool,2010,Pakistan,,,,country_year_optional_case,PAK10,2010,Pakistan
KJ460272,Molecular Characterization and Phylogenetic Relationship of WildType 1 Poliovirus Strains Circulating across Pakistan and Afghanistan Bordering Areas during 2010-2012,Afg-Pak 2010-2012,wild,AFP,2012-12-22,2010,,2010,year,Afghanistan,,Afghanistan,stool,2010,Afghanistan,,,,country_year_optional_case,AFG10,2010,Afghanistan
KJ460271,Molecular Characterization and Phylogenetic Relationship of WildType 1 Poliovirus Strains Circulating across Pakistan and Afghanistan Bordering Areas during 2010-2012,Afg-Pak 2010-2012,wild,AFP,2012-06-04,2010,,2010,year,Afghanistan,,Afghanistan,stool,2010,Afghanistan,,,,country_year_optional_case,AFG10,2010,Afghanistan
KJ460270,Molecular Characterization and Phylogenetic Relationship of WildType 1 Poliovirus Strains Circulating across Pakistan and Afghanistan Bordering Areas during 2010-2012,Afg-Pak 2010-2012,wild,AFP,2010-09-27,2011,,2011,year,Pakistan,,Pakistan,stool,2011,Pakistan,,,,country_year_optional_case,PAK11,2011,Pakistan
KJ460269,Molecular Characterization and Phylogenetic Relationship of WildType 1 Poliovirus Strains Circulating across Pakistan and Afghanistan Bordering Areas during 2010-2012,Afg-Pak 2010-2012,wild,AFP,2011-06-13,2011,,2011,year,Afghanistan,,Afghanistan,stool,2011,Afghanistan,,,,country_year_optional_case,AFG11,2011,Afghanistan
KJ460268,Molecular Characterization and Phylogenetic Relationship of WildType 1 Poliovirus Strains Circulating across Pakistan and Afghanistan Bordering Areas during 2010-2012,Afg-Pak 2010-2012,wild,AFP,2010-03-06,2011,,2011,year,Pakistan,,Pakistan,stool,2011,Pakistan,,,,country_year_optional_case,PAK11,2011,Pakistan
KJ460267,Molecular Characterization and Phylogenetic Relationship of WildType 1 Poliovirus Strains Circulating across Pakistan and Afghanistan Bordering Areas during 2010-2012,Afg-Pak 2010-2012,wild,AFP,2012-01-30,2010,,2010,year,Afghanistan,,Afghanistan,stool,2010,Afghanistan,,,,country_year_optional_case,AFG10,2010,Afghanistan
KJ460266,Molecular Characterization and Phylogenetic Relationship of WildType 1 Poliovirus Strains Circulating across Pakistan and Afghanistan Bordering Areas during 2010-2012,Afg-Pak 2010-2012,wild,AFP,2010-02-22,2011,,2011,year,Pakistan,,Pakistan,stool,2011,Pakistan,,,,country_year_optional_case,PAK11,2011,Pakistan
KJ460265,Molecular Characterization and Phylogenetic Relationship of WildType 1 Poliovirus Strains Circulating across Pakistan and Afghanistan Bordering Areas during 2010-2012,Afg-Pak 2010-2012,wild,AFP,2010-01-29,2011,,2011,year,Pakistan,,Pakistan,stool,2011,Pakistan,,,,country_year_optional_case,PAK11,2011,Pakistan
KJ460264,Molecular Characterization and Phylogenetic Relationship of WildType 1 Poliovirus Strains Circulating across Pakistan and Afghanistan Bordering Areas during 2010-2012,Afg-Pak 2010-2012,wild,AFP,2012-02-21,2011,,2011,year,Afghanistan,,Afghanistan,stool,2011,Afghanistan,,,,country_year_optional_case,AFG11,2011,Afghanistan
KJ460263,Molecular Characterization and Phylogenetic Relationship of WildType 1 Poliovirus Strains Circulating across Pakistan and Afghanistan Bordering Areas during 2010-2012,Afg-Pak 2010-2012,wild,AFP,2010-09-09,2011,,2011,year,Afghanistan,,Afghanistan,stool,2011,Afghanistan,,,,country_year_optional_case,AFG11,2011,Afghanistan
KJ460262,Molecular Characterization and Phylogenetic Relationship of WildType 1 Poliovirus Strains Circulating across Pakistan and Afghanistan Bordering Areas during 2010-2012,Afg-Pak 2010-2012,wild,AFP,2010-07-06,2011,,2011,year,Pakistan,,Pakistan,stool,2011,Pakistan,,,,country_year_optional_case,PAK11,2011,Pakistan
KJ460261,Molecular Characterization and Phylogenetic Relationship of WildType 1 Poliovirus Strains Circulating across Pakistan and Afghanistan Bordering Areas during 2010-2012,Afg-Pak 2010-2012,wild,AFP,2010-05-08,2011,,2011,year,Afghanistan,,Afghanistan,stool,2011,Afghanistan,,,,country_year_optional_case,AFG11,2011,Afghanistan
KF584242,"Outbreak of Type 1 Wild Poliovirus in Adults, Namibia, 2006",Namibia adults 2006,wild,AFP,2006-05-01,2006,,2006,year,Namibia,,Namibia,,2006,Namibia,OMU,OKA,,gpei_epid_country_admin_year_case,NAM-OMU-OKA-06-059,2006,Namibia
KF584241,"Outbreak of Type 1 Wild Poliovirus in Adults, Namibia, 2006",Namibia adults 2006,wild,AFP,2006-05-01,2006,,2006,year,Namibia,,Namibia,,2006,Namibia,OHN,OSH,,gpei_epid_country_admin_year_case,NAM-OHN-OSH-06-137,2006,Namibia
KF584240,"Outbreak of Type 1 Wild Poliovirus in Adults, Namibia, 2006",Namibia adults 2006,wild,AFP,2006-05-01,2006,,2006,year,Namibia,,Namibia,,2006,Namibia,OHN,OSH,,gpei_epid_country_admin_year_case,NAM-OHN-OSH-06-102,2006,Namibia
KF584239,"Outbreak of Type 1 Wild Poliovirus in Adults, Namibia, 2006",Namibia adults 2006,wild,AFP,2006-05-01,2006,,2006,year,Namibia,,Namibia,,2006,Namibia,KHO,WHK,,gpei_epid_country_admin_year_case,NAM-KHO-WHK-06-171,2006,Namibia
KF584238,"Outbreak of Type 1 Wild Poliovirus in Adults, Namibia, 2006",Namibia adults 2006,wild,AFP,2006-05-01,2006,,2006,year,Namibia,,Namibia,,2006,Namibia,KHO,WHK,,gpei_epid_country_admin_year_case,NAM-KHO-WHK-06-123,2006,Namibia
KF584237,"Outbreak of Type 1 Wild Poliovirus in Adults, Namibia, 2006",Namibia adults 2006,wild,AFP,2006-05-01,2006,,2006,year,Namibia,,Namibia,,2006,Namibia,KHO,WHK,,gpei_epid_country_admin_year_case,NAM-KHO-WHK-06-067,2006,Namibia
KF584236,"Outbreak of Type 1 Wild Poliovirus in Adults, Namibia, 2006",Namibia adults 2006,wild,AFP,2006-05-01,2006,,2006,year,Namibia,,Namibia,,2006,Namibia,KHO,WHK,,gpei_epid_country_admin_year_case,NAM-KHO-WHK-06-039,2006,Namibia
KF584235,"Outbreak of Type 1 Wild Poliovirus in Adults, Namibia, 2006",Namibia adults 2006,wild,AFP,2006-05-01,2006,,2006,year,Namibia,,Namibia,,2006,Namibia,KHO,WHK,,gpei_epid_country_admin_year_case,NAM-KHO-WHK-06-036,2006,Namibia
KF584234,"Outbreak of Type 1 Wild Poliovirus in Adults, Namibia, 2006",Namibia adults 2006,wild,AFP,2006-05-01,2006,,2006,year,Namibia,,Namibia,,2006,Namibia,KHO,WHK,,gpei_epid_country_admin_year_case,NAM-KHO-WHK-06-031,2006,Namibia
KF584233,"Outbreak of Type 1 Wild Poliovirus in Adults, Namibia, 2006",Namibia adults 2006,wild,AFP,2006-05-01,2006,,2006,year,Namibia,,Namibia,,2006,Namibia,KHO,WHK,,gpei_epid_country_admin_year_case,NAM-KHO-WHK-06-027,2006,Namibia
KF584232,"Outbreak of Type 1 Wild Poliovirus in Adults, Namibia, 2006",Namibia adults 2006,wild,AFP,2006-05-01,2006,,2006,year,Namibia,,Namibia,,2006,Namibia,KHO,WHK,,gpei_epid_country_admin_year_case,NAM-KHO-WHK-06-024,2006,Namibia
KF584231,"Outbreak of Type 1 Wild Poliovirus in Adults, Namibia, 2006",Namibia adults 2006,wild,AFP,2006-05-01,2006,,2006,year,Namibia,,Namibia,,2006,Namibia,KHO,WHK,,gpei_epid_country_admin_year_case,NAM-KHO-WHK-06-020,2006,Namibia
KJ155498,"Molecular epidemiology of silent introduction and sustainedtransmission of wild poliovirus type 1, Israel, 2013",Israel and Egypt 2012-2013,wild,environmental,2012-05-01,2012,,2012,year,Egypt,,Egypt,,2012,Egypt,,,,country_year_case,EGY1218590,2012,Egypt
KJ155497,"Molecular epidemiology of silent introduction and sustainedtransmission of wild poliovirus type 1, Israel, 2013",Israel and Egypt 2012-2013,wild,environmental,2012-05-01,2012,,2012,year,Egypt,,Egypt,,2012,Egypt,,,,country_year_case,EGY1218589,2012,Egypt
KJ155494,"Molecular epidemiology of silent introduction and sustainedtransmission of wild poliovirus type 1, Israel, 2013",Israel and Egypt 2012-2013,wild,environmental,2013-05-01,2012,,2012,year,Israel,,Israel,,2013,Israel,,,,country_year_case,ISR1318582,2012,Israel
KJ155493,"Molecular epidemiology of silent introduction and sustainedtransmission of wild poliovirus type 1, Israel, 2013",Israel and Egypt 2012-2013,wild,environmental,2013-05-01,2012,,2012,year,Israel,,Israel,,2013,Israel,,,,country_year_case,ISR1318577,2012,Israel
KJ155492,"Molecular epidemiology of silent introduction and sustainedtransmission of wild poliovirus type 1, Israel, 2013",Israel and Egypt 2012-2013,wild,environmental,2013-05-01,2012,,2012,year,Israel,,Israel,,2013,Israel,,,,country_year_case,ISR1318576,2012,Israel
KJ155491,"Molecular epidemiology of silent introduction and sustainedtransmission of wild poliovirus type 1, Israel, 2013",Israel and Egypt 2012-2013,wild,environmental,2013-05-01,2012,,2012,year,Israel,,Israel,,2013,Israel,,,,country_year_case,ISR1318575,2012,Israel
KJ155490,"Molecular epidemiology of silent introduction and sustainedtransmission of wild poliovirus type 1, Israel, 2013",Israel and Egypt 2012-2013,wild,environmental,2013-05-01,2012,,2012,year,Israel,,Israel,,2013,Israel,,,,country_year_case,ISR1318580,2012,Israel
KJ155489,"Molecular epidemiology of silent introduction and sustainedtransmission of wild poliovirus type 1, Israel, 2013",Israel and Egypt 2012-2013,wild,environmental,2013-05-01,2012,,2012,year,Israel,,Israel,,2013,Israel,,,,country_year_case,ISR1318581,2012,Israel
KJ155488,"Molecular epidemiology of silent introduction and sustainedtransmission of wild poliovirus type 1, Israel, 2013",Israel and Egypt 2012-2013,wild,environmental,2013-05-01,2012,,2012,year,Israel,,Israel,,2013,Israel,,,,country_year_case,ISR1318583,2012,Israel
KJ155487,"Molecular epidemiology of silent introduction and sustainedtransmission of wild poliovirus type 1, Israel, 2013",Israel and Egypt 2012-2013,wild,environmental,2013-05-01,2012,,2012,year,Israel,,Israel,,2013,Israel,,,,country_year_case,ISR1318578,2012,Israel
KJ155486,"Molecular epidemiology of silent introduction and sustainedtransmission of wild poliovirus type 1, Israel, 2013",Israel and Egypt 2012-2013,wild,environmental,2013-05-01,2012,,2012,year,Israel,,Israel,,2013,Israel,,,,country_year_case,ISR1318579,2012,Israel
KJ155485,"Molecular epidemiology of silent introduction and sustainedtransmission of wild poliovirus type 1, Israel, 2013",Israel and Egypt 2012-2013,wild,environmental,2013-05-01,2012,,2012,year,Israel,,Israel,,2013,Israel,,,,country_year_case,ISR1318584,2012,Israel
KC832671,Evolution of type 2 vaccine derived poliovirus lineages. Evidencefor codon-specific positive selection at three distinct locationson capsid wall,Egypt 2001-2005,wild,AFP,2005-02-01,13-Jan-2005,2005-01-13,2005,day,Egypt,,Egypt,,2005,Egypt,,,environmental,country_year_environment_version,EGY05-E17-V1,2005,Egypt
KC832670,Evolution of type 2 vaccine derived poliovirus lineages. Evidencefor codon-specific positive selection at three distinct locationson capsid wall,Egypt 2001-2005,wild,AFP,2005-01-30,10-Jan-2005,2005-01-10,2005,day,Egypt,,Egypt,,2005,Egypt,,,environmental,country_year_environment_version,EGY05-E15-V4,2005,Egypt
KC832669,Evolution of type 2 vaccine derived poliovirus lineages. Evidencefor codon-specific positive selection at three distinct locationson capsid wall,Egypt 2001-2005,wild,AFP,2005-01-29,10-Jan-2005,2005-01-10,2005,day,Egypt,,Egypt,,2005,Egypt,,,environmental,country_year_environment_version,EGY05-E15-V2,2005,Egypt
KC832668,Evolution of type 2 vaccine derived poliovirus lineages. Evidencefor codon-specific positive selection at three distinct locationson capsid wall,Egypt 2001-2005,wild,AFP,2005-01-16,06-Jan-2004,2004-01-06,2004,day,Egypt,,Egypt,,2004,Egypt,,,environmental,country_year_environment_version,EGY04-E7-V2,2004,Egypt
KC832667,Evolution of type 2 vaccine derived poliovirus lineages. Evidencefor codon-specific positive selection at three distinct locationson capsid wall,Egypt 2001-2005,wild,AFP,2005-01-07,29-Dec-2004,2004-12-29,2004,day,Egypt,,Egypt,,2004,Egypt,,,environmental,country_year_environment_version,EGY04-E480-V1,2004,Egypt
KC832666,Evolution of type 2 vaccine derived poliovirus lineages. Evidencefor codon-specific positive selection at three distinct locationson capsid wall,Egypt 2001-2005,wild,AFP,2005-01-06,29-Dec-2004,2004-12-29,2004,day,Egypt,,Egypt,,2004,Egypt,,,environmental,country_year_environment_version,EGY04-E480,2004,Egypt
KC832665,Evolution of type 2 vaccine derived poliovirus lineages. Evidencefor codon-specific positive selection at three distinct locationson capsid wall,Egypt 2001-2005,wild,AFP,2005-01-05,23-Dec-2004,2004-12-23,2004,day,Egypt,,Egypt,,2004,Egypt,,,environmental,country_year_environment_version,EGY04-E470-V1,2004,Egypt
KC832664,Evolution of type 2 vaccine derived poliovirus lineages. Evidencefor codon-specific positive selection at three distinct locationson capsid wall,Egypt 2001-2005,wild,AFP,2005-01-01,07-Dec-2004,2004-12-07,2004,day,Egypt,,Egypt,,2004,Egypt,,,environmental,country_year_environment_version,EGY04-E448-V1,2004,Egypt
KC832663,Evolution of type 2 vaccine derived poliovirus lineages. Evidencefor codon-specific positive selection at three distinct locationson capsid wall,Egypt 2001-2005,wild,AFP,2004-11-02,17-Oct-2004,2004-10-17,2004,day,Egypt,,Egypt,,2004,Egypt,,,environmental,country_year_environment_version,EGY04-E377-V2,2004,Egypt
KC832662,Evolution of type 2 vaccine derived poliovirus lineages. Evidencefor codon-specific positive selection at three distinct locationson capsid wall,Egypt 2001-2005,wild,AFP,2004-10-16,14-Oct-2004,2004-10-14,2004,day,Egypt,,Egypt,,2004,Egypt,,,environmental,country_year_environment_version,EGY04-E374,2004,Egypt
KC832661,Evolution of type 2 vaccine derived poliovirus lineages. Evidencefor codon-specific positive selection at three distinct locationson capsid wall,Egypt 2001-2005,wild,AFP,2004-10-14,29-Aug-2004,2004-08-29,2004,day,Egypt,,Egypt,,2004,Egypt,,,environmental,country_year_environment_version,EGY04-E309-V5,2004,Egypt
KC832660,Evolution of type 2 vaccine derived poliovirus lineages. Evidencefor codon-specific positive selection at three distinct locationson capsid wall,Egypt 2001-2005,wild,AFP,2004-09-12,14-Aug-2004,2004-08-14,2004,day,Egypt,,Egypt,,2004,Egypt,,,environmental,country_year_environment_version,EGY04-E287-V4,2004,Egypt
KC832659,Evolution of type 2 vaccine derived poliovirus lineages. Evidencefor codon-specific positive selection at three distinct locationson capsid wall,Egypt 2001-2005,wild,AFP,2004-03-09,04-Aug-2004,2004-08-04,2004,day,Egypt,,Egypt,,2004,Egypt,,,environmental,country_year_environment_version,EGY04-E273-V1,2004,Egypt
KC832658,Evolution of type 2 vaccine derived poliovirus lineages. Evidencefor codon-specific positive selection at three distinct locationson capsid wall,Egypt 2001-2005,wild,AFP,2004-02-28,12-Jun-2004,2004-06-12,2004,day,Egypt,,Egypt,,2004,Egypt,,,environmental,country_year_environment_version,EGY04-E204,2004,Egypt
KC832657,Evolution of type 2 vaccine derived poliovirus lineages. Evidencefor codon-specific positive selection at three distinct locationson capsid wall,Egypt 2001-2005,wild,AFP,2003-12-17,11-Jun-2004,2004-06-11,2004,day,Egypt,,Egypt,,2004,Egypt,,,environmental,country_year_environment_version,EGY04-E203,2004,Egypt
KC832656,Evolution of type 2 vaccine derived poliovirus lineages. Evidencefor codon-specific positive selection at three distinct locationson capsid wall,Egypt 2001-2005,wild,AFP,2003-12-12,20-Apr-2003,2003-04-20,2003,day,Egypt,,Egypt,,2003,Egypt,,,environmental,country_year_environment_version,EGY03-E65,2003,Egypt
KC832655,Evolution of type 2 vaccine derived poliovirus lineages. Evidencefor codon-specific positive selection at three distinct locationson capsid wall,Egypt 2001-2005,wild,AFP,2003-12-05,18-Nov-2003,2003-11-18,2003,day,Egypt,,Egypt,,2003,Egypt,,,environmental,country_year_environment_version,EGY03-E269,2003,Egypt
KC832654,Evolution of type 2 vaccine derived poliovirus lineages. Evidencefor codon-specific positive selection at three distinct locationson capsid wall,Egypt 2001-2005,wild,AFP,2003-12-02,18-Nov-2003,2003-11-18,2003,day,Egypt,,Egypt,,2003,Egypt,,,environmental,country_year_environment_version,EGY03-E269,2003,Egypt
KC832653,Evolution of type 2 vaccine derived poliovirus lineages. Evidencefor codon-specific positive selection at three distinct locationson capsid wall,Egypt 2001-2005,wild,AFP,2003-11-10,08-Oct-2003,2003-10-08,2003,day,Egypt,,Egypt,,2003,Egypt,,,environmental,country_year_environment_version,EGY03-E224-V2,2003,Egypt
KC832652,Evolution of type 2 vaccine derived poliovirus lineages. Evidencefor codon-specific positive selection at three distinct locationson capsid wall,Egypt 2001-2005,wild,AFP,2003-10-19,08-Oct-2003,2003-10-08,2003,day,Egypt,,Egypt,,2003,Egypt,,,environmental,country_year_environment_version,EGY03-E224-V1,2003,Egypt
KC832651,Evolution of type 2 vaccine derived poliovirus lineages. Evidencefor codon-specific positive selection at three distinct locationson capsid wall,Egypt 2001-2005,wild,AFP,2003-09-10,15-Sep-2003,2003-09-15,2003,day,Egypt,,Egypt,,2003,Egypt,,,environmental,country_year_environment_version,EGY03-E204-V2,2003,Egypt
KC832650,Evolution of type 2 vaccine derived poliovirus lineages. Evidencefor codon-specific positive selection at three distinct locationson capsid wall,Egypt 2001-2005,wild,AFP,2003-08-25,15-Sep-2003,2003-09-15,2003,day,Egypt,,Egypt,,2003,Egypt,,,environmental,country_year_environment_version,EGY03-E204,2003,Egypt
KC832649,Evolution of type 2 vaccine derived poliovirus lineages. Evidencefor codon-specific positive selection at three distinct locationson capsid wall,Egypt 2001-2005,wild,AFP,2003-08-13,06-Sep-2003,2003-09-06,2003,day,Egypt,,Egypt,,2003,Egypt,,,environmental,country_year_environment_version,EGY03-E191,2003,Egypt
KC832648,Evolution of type 2 vaccine derived poliovirus lineages. Evidencefor codon-specific positive selection at three distinct locationson capsid wall,Egypt 2001-2005,wild,AFP,2003-08-11,06-Sep-2003,2003-09-06,2003,day,Egypt,,Egypt,,2003,Egypt,,,environmental,country_year_environment_version,EGY03-E191,2003,Egypt
KC832647,Evolution of type 2 vaccine derived poliovirus lineages. Evidencefor codon-specific positive selection at three distinct locationson capsid wall,Egypt 2001-2005,wild,AFP,2003-07-23,02-Feb-2003,2003-02-02,2003,day,Egypt,,Egypt,,2003,Egypt,,,environmental,country_year_environment_version,EGY03-E18,2003,Egypt
KC832646,Evolution of type 2 vaccine derived poliovirus lineages. Evidencefor codon-specific positive selection at three distinct locationson capsid wall,Egypt 2001-2005,wild,AFP,2003-07-19,05-Aug-2003,2003-08-05,2003,day,Egypt,,Egypt,,2003,Egypt,,,environmental,country_year_environment_version,EGY03-E160,2003,Egypt
KC832645,Evolution of type 2 vaccine derived poliovirus lineages. Evidencefor codon-specific positive selection at three distinct locationson capsid wall,Egypt 2001-2005,wild,AFP,2003-07-10,23-Jul-2003,2003-07-23,2003,day,Egypt,,Egypt,,2003,Egypt,,,environmental,country_year_environment_version,EGY03-E147-V1,2003,Egypt
KC832644,Evolution of type 2 vaccine derived poliovirus lineages. Evidencefor codon-specific positive selection at three distinct locationson capsid wall,Egypt 2001-2005,wild,AFP,2003-07-08,09-Jul-2003,2003-07-09,2003,day,Egypt,,Egypt,,2003,Egypt,,,environmental,country_year_environment_version,EGY03-E134,2003,Egypt
KC832643,Evolution of type 2 vaccine derived poliovirus lineages. Evidencefor codon-specific positive selection at three distinct locationson capsid wall,Egypt 2001-2005,wild,AFP,2003-07-01,17-Jun-2003,2003-06-17,2003,day,Egypt,,Egypt,,2003,Egypt,,,environmental,country_year_environment_version,EGY03-E113-V1,2003,Egypt
KC832642,Evolution of type 2 vaccine derived poliovirus lineages. Evidencefor codon-specific positive selection at three distinct locationson capsid wall,Egypt 2001-2005,wild,AFP,2003-06-26,26-Jan-2003,2003-01-26,2003,day,Egypt,,Egypt,,2003,Egypt,,,environmental,country_year_environment_version,EGY03-E10-V1,2003,Egypt
KC832641,Evolution of type 2 vaccine derived poliovirus lineages. Evidencefor codon-specific positive selection at three distinct locationson capsid wall,Egypt 2001-2005,wild,AFP,2003-06-23,13-Jun-2003,2003-06-13,2003,day,Egypt,,Egypt,,2003,Egypt,,,environmental,country_year_environment_version,EGY03-E108,2003,Egypt
KC832640,Evolution of type 2 vaccine derived poliovirus lineages. Evidencefor codon-specific positive selection at three distinct locationson capsid wall,Egypt 2001-2005,wild,AFP,2003-06-15,01-Aug-2002,2002-08-01,2002,day,Egypt,,Egypt,,2002,Egypt,,,environmental,country_year_environment_version,EGY02-E97-V2,2002,Egypt
KC832639,Evolution of type 2 vaccine derived poliovirus lineages. Evidencefor codon-specific positive selection at three distinct locationson capsid wall,Egypt 2001-2005,wild,AFP,2003-06-14,01-Aug-2002,2002-08-01,2002,day,Egypt,,Egypt,,2002,Egypt,,,environmental,country_year_environment_version,EGY02-E97,2002,Egypt
KC832638,Evolution of type 2 vaccine derived poliovirus lineages. Evidencefor codon-specific positive selection at three distinct locationson capsid wall,Egypt 2001-2005,wild,AFP,2003-06-09,30-Jun-2002,2002-06-30,2002,day,Egypt,,Egypt,,2002,Egypt,,,environmental,country_year_environment_version,EGY02-E86,2002,Egypt
KC832637,Evolution of type 2 vaccine derived poliovirus lineages. Evidencefor codon-specific positive selection at three distinct locationson capsid wall,Egypt 2001-2005,wild,AFP,2003-06-01,26-Jun-2002,2002-06-26,2002,day,Egypt,,Egypt,,2002,Egypt,,,environmental,country_year_environment_version,EGY02-E85-V1,2002,Egypt
KC832636,Evolution of type 2 vaccine derived poliovirus lineages. Evidencefor codon-specific positive selection at three distinct locationson capsid wall,Egypt 2001-2005,wild,AFP,2003-05-05,26-Jun-2002,2002-06-26,2002,day,Egypt,,Egypt,,2002,Egypt,,,environmental,country_year_environment_version,EGY02-E85,2002,Egypt
KC832635,Evolution of type 2 vaccine derived poliovirus lineages. Evidencefor codon-specific positive selection at three distinct locationson capsid wall,Egypt 2001-2005,wild,AFP,2003-04-16,09-Jun-2002,2002-06-09,2002,day,Egypt,,Egypt,,2002,Egypt,,,environmental,country_year_environment_version,EGY02-E78,2002,Egypt
KC832634,Evolution of type 2 vaccine derived poliovirus lineages. Evidencefor codon-specific positive selection at three distinct locationson capsid wall,Egypt 2001-2005,wild,AFP,2003-04-15,14-May-2002,2002-05-14,2002,day,Egypt,,Egypt,,2002,Egypt,,,environmental,country_year_environment_version,EGY02-E70-V2,2002,Egypt
KC832633,Evolution of type 2 vaccine derived poliovirus lineages. Evidencefor codon-specific positive selection at three distinct locationson capsid wall,Egypt 2001-2005,wild,AFP,2003-03-21,14-May-2002,2002-05-14,2002,day,Egypt,,Egypt,,2002,Egypt,,,environmental,country_year_environment_version,EGY02-E70,2002,Egypt
KC832632,Evolution of type 2 vaccine derived poliovirus lineages. Evidencefor codon-specific positive selection at three distinct locationson capsid wall,Egypt 2001-2005,wild,AFP,2003-03-19,04-May-2002,2002-05-04,2002,day,Egypt,,Egypt,,2002,Egypt,,,environmental,country_year_environment_version,EGY02-E63-V2,2002,Egypt
KC832631,Evolution of type 2 vaccine derived poliovirus lineages. Evidencefor codon-specific positive selection at three distinct locationson capsid wall,Egypt 2001-2005,wild,AFP,2003-03-17,14-Apr-2002,2002-04-14,2002,day,Egypt,,Egypt,,2002,Egypt,,,environmental,country_year_environment_version,EGY02-E54-V2,2002,Egypt
KC832630,Evolution of type 2 vaccine derived poliovirus lineages. Evidencefor codon-specific positive selection at three distinct locationson capsid wall,Egypt 2001-2005,wild,AFP,2003-03-08,14-Apr-2002,2002-04-14,2002,day,Egypt,,Egypt,,2002,Egypt,,,environmental,country_year_environment_version,EGY02-E54,2002,Egypt
KC832629,Evolution of type 2 vaccine derived poliovirus lineages. Evidencefor codon-specific positive selection at three distinct locationson capsid wall,Egypt 2001-2005,wild,AFP,2003-03-07,14-Apr-2002,2002-04-14,2002,day,Egypt,,Egypt,,2002,Egypt,,,environmental,country_year_environment_version,EGY02-E53-V2,2002,Egypt
KC832628,Evolution of type 2 vaccine derived poliovirus lineages. Evidencefor codon-specific positive selection at three distinct locationson capsid wall,Egypt 2001-2005,wild,AFP,2003-02-25,04-Mar-2002,2002-03-04,2002,day,Egypt,,Egypt,,2002,Egypt,,,environmental,country_year_environment_version,EGY02-E31,2002,Egypt
KC832627,Evolution of type 2 vaccine derived poliovirus lineages. Evidencefor codon-specific positive selection at three distinct locationson capsid wall,Egypt 2001-2005,wild,AFP,2003-02-08,13-Feb-2002,2002-02-13,2002,day,Egypt,,Egypt,,2002,Egypt,,,environmental,country_year_environment_version,EGY02-E20,2002,Egypt
KC832626,Evolution of type 2 vaccine derived poliovirus lineages. Evidencefor codon-specific positive selection at three distinct locationson capsid wall,Egypt 2001-2005,wild,AFP,2003-01-26,13-Feb-2002,2002-02-13,2002,day,Egypt,,Egypt,,2002,Egypt,,,environmental,country_year_environment_version,EGY02-E20,2002,Egypt
KC832625,Evolution of type 2 vaccine derived poliovirus lineages. Evidencefor codon-specific positive selection at three distinct locationson capsid wall,Egypt 2001-2005,wild,AFP,2003-01-11,21-Dec-2002,2002-12-21,2002,day,Egypt,,Egypt,,2002,Egypt,,,environmental,country_year_environment_version,EGY02-E154-V1,2002,Egypt
KC832624,Evolution of type 2 vaccine derived poliovirus lineages. Evidencefor codon-specific positive selection at three distinct locationson capsid wall,Egypt 2001-2005,wild,AFP,2002-12-11,21-Dec-2002,2002-12-21,2002,day,Egypt,,Egypt,,2002,Egypt,,,environmental,country_year_environment_version,EGY02-E154,2002,Egypt
KC832623,Evolution of type 2 vaccine derived poliovirus lineages. Evidencefor codon-specific positive selection at three distinct locationson capsid wall,Egypt 2001-2005,wild,AFP,2002-12-04,17-Dec-2002,2002-12-17,2002,day,Egypt,,Egypt,,2002,Egypt,,,environmental,country_year_environment_version,EGY02-E152,2002,Egypt
KC832622,Evolution of type 2 vaccine derived poliovirus lineages. Evidencefor codon-specific positive selection at three distinct locationson capsid wall,Egypt 2001-2005,wild,AFP,2002-11-26,02-Dec-2002,2002-12-02,2002,day,Egypt,,Egypt,,2002,Egypt,,,environmental,country_year_environment_version,EGY02-E150,2002,Egypt
KC832621,Evolution of type 2 vaccine derived poliovirus lineages. Evidencefor codon-specific positive selection at three distinct locationson capsid wall,Egypt 2001-2005,wild,AFP,2002-09-12,04-Feb-2002,2002-02-04,2002,day,Egypt,,Egypt,,2002,Egypt,,,environmental,country_year_environment_version,EGY02-E14-V2,2002,Egypt
KC832620,Evolution of type 2 vaccine derived poliovirus lineages. Evidencefor codon-specific positive selection at three distinct locationson capsid wall,Egypt 2001-2005,wild,AFP,2002-07-02,10-Nov-2002,2002-11-10,2002,day,Egypt,,Egypt,,2002,Egypt,,,environmental,country_year_environment_version,EGY02-E139,2002,Egypt
KC832619,Evolution of type 2 vaccine derived poliovirus lineages. Evidencefor codon-specific positive selection at three distinct locationson capsid wall,Egypt 2001-2005,wild,AFP,2002-07-01,03-Nov-2002,2002-11-03,2002,day,Egypt,,Egypt,,2002,Egypt,,,environmental,country_year_environment_version,EGY02-E136-V1,2002,Egypt
KC832618,Evolution of type 2 vaccine derived poliovirus lineages. Evidencefor codon-specific positive selection at three distinct locationson capsid wall,Egypt 2001-2005,wild,AFP,2002-06-20,09-Oct-2002,2002-10-09,2002,day,Egypt,,Egypt,,2002,Egypt,,,environmental,country_year_environment_version,EGY02-E125-V2,2002,Egypt
KC832617,Evolution of type 2 vaccine derived poliovirus lineages. Evidencefor codon-specific positive selection at three distinct locationson capsid wall,Egypt 2001-2005,wild,AFP,2002-06-08,09-Oct-2002,2002-10-09,2002,day,Egypt,,Egypt,,2002,Egypt,,,environmental,country_year_environment_version,EGY02-E125,2002,Egypt
KC832616,Evolution of type 2 vaccine derived poliovirus lineages. Evidencefor codon-specific positive selection at three distinct locationson capsid wall,Egypt 2001-2005,wild,AFP,2002-03-23,18-Sep-2002,2002-09-18,2002,day,Egypt,,Egypt,,2002,Egypt,,,environmental,country_year_environment_version,EGY02-E114,2002,Egypt
KC832615,Evolution of type 2 vaccine derived poliovirus lineages. Evidencefor codon-specific positive selection at three distinct locationson capsid wall,Egypt 2001-2005,wild,AFP,2002-02-24,31-Aug-2002,2002-08-31,2002,day,Egypt,,Egypt,,2002,Egypt,,,environmental,country_year_environment_version,EGY02-E108-V1,2002,Egypt
KC832614,Evolution of type 2 vaccine derived poliovirus lineages. Evidencefor codon-specific positive selection at three distinct locationson capsid wall,Egypt 2001-2005,wild,AFP,2002-02-20,31-Aug-2002,2002-08-31,2002,day,Egypt,,Egypt,,2002,Egypt,,,environmental,country_year_environment_version,EGY02-E108,2002,Egypt
KC832613,Evolution of type 2 vaccine derived poliovirus lineages. Evidencefor codon-specific positive selection at three distinct locationson capsid wall,Egypt 2001-2005,wild,AFP,2002-02-02,05-Jan-2002,2002-01-05,2002,day,Egypt,,Egypt,,2002,Egypt,,,environmental,country_year_environment_version,EGY02-E02,2002,Egypt
KC832612,Evolution of type 2 vaccine derived poliovirus lineages. Evidencefor codon-specific positive selection at three distinct locationson capsid wall,Egypt 2001-2005,wild,AFP,2002-01-11,01-Jan-2002,2002-01-01,2002,day,Egypt,,Egypt,,2002,Egypt,,,environmental,country_year_environment_version,EGY02-E01,2002,Egypt
KC832611,Evolution of type 2 vaccine derived poliovirus lineages. Evidencefor codon-specific positive selection at three distinct locationson capsid wall,Egypt 2001-2005,wild,AFP,2001-12-29,08-Oct-2001,2001-10-08,2001,day,Egypt,,Egypt,,2001,Egypt,,,environmental,country_year_environment_version,EGY01-E99-V1,2001,Egypt
KC832610,Evolution of type 2 vaccine derived poliovirus lineages. Evidencefor codon-specific positive selection at three distinct locationson capsid wall,Egypt 2001-2005,wild,AFP,2001-12-27,08-Oct-2001,2001-10-08,2001,day,Egypt,,Egypt,,2001,Egypt,,,environmental,country_year_environment_version,EGY01-E96-V1,2001,Egypt
KC832609,Evolution of type 2 vaccine derived poliovirus lineages. Evidencefor codon-specific positive selection at three distinct locationson capsid wall,Egypt 2001-2005,wild,AFP,2001-12-24,17-Sep-2001,2001-09-17,2001,day,Egypt,,Egypt,,2001,Egypt,,,environmental,country_year_environment_version,EGY01-E91,2001,Egypt
KC832608,Evolution of type 2 vaccine derived poliovirus lineages. Evidencefor codon-specific positive selection at three distinct locationson capsid wall,Egypt 2001-2005,wild,AFP,2001-12-22,16-Sep-2001,2001-09-16,2001,day,Egypt,,Egypt,,2001,Egypt,,,environmental,country_year_environment_version,EGY01-E89,2001,Egypt
KC832607,Evolution of type 2 vaccine derived poliovirus lineages. Evidencefor codon-specific positive selection at three distinct locationson capsid wall,Egypt 2001-2005,wild,AFP,2001-12-19,16-Sep-2001,2001-09-16,2001,day,Egypt,,Egypt,,2001,Egypt,,,environmental,country_year_environment_version,EGY01-E88-V2,2001,Egypt
KC832606,Evolution of type 2 vaccine derived poliovirus lineages. Evidencefor codon-specific positive selection at three distinct locationson capsid wall,Egypt 2001-2005,wild,AFP,2001-12-11,16-Sep-2001,2001-09-16,2001,day,Egypt,,Egypt,,2001,Egypt,,,environmental,country_year_environment_version,EGY01-E88-V1,2001,Egypt
KC832605,Evolution of type 2 vaccine derived poliovirus lineages. Evidencefor codon-specific positive selection at three distinct locationson capsid wall,Egypt 2001-2005,wild,AFP,2001-12-08,09-Sep-2001,2001-09-09,2001,day,Egypt,,Egypt,,2001,Egypt,,,environmental,country_year_environment_version,EGY01-E87,2001,Egypt
KC832604,Evolution of type 2 vaccine derived poliovirus lineages. Evidencefor codon-specific positive selection at three distinct locationson capsid wall,Egypt 2001-2005,wild,AFP,2001-12-02,08-Sep-2001,2001-09-08,2001,day,Egypt,,Egypt,,2001,Egypt,,,environmental,country_year_environment_version,EGY01-E86,2001,Egypt
KC832603,Evolution of type 2 vaccine derived poliovirus lineages. Evidencefor codon-specific positive selection at three distinct locationson capsid wall,Egypt 2001-2005,wild,AFP,2001-11-27,02-Sep-2001,2001-09-02,2001,day,Egypt,,Egypt,,2001,Egypt,,,environmental,country_year_environment_version,EGY01-E83,2001,Egypt
KC832602,Evolution of type 2 vaccine derived poliovirus lineages. Evidencefor codon-specific positive selection at three distinct locationson capsid wall,Egypt 2001-2005,wild,AFP,2001-11-26,26-Aug-2001,2001-08-26,2001,day,Egypt,,Egypt,,2001,Egypt,,,environmental,country_year_environment_version,EGY01-E81,2001,Egypt
KC832601,Evolution of type 2 vaccine derived poliovirus lineages. Evidencefor codon-specific positive selection at three distinct locationson capsid wall,Egypt 2001-2005,wild,AFP,2001-11-25,26-Aug-2001,2001-08-26,2001,day,Egypt,,Egypt,,2001,Egypt,,,environmental,country_year_environment_version,EGY01-E81,2001,Egypt
KC832600,Evolution of type 2 vaccine derived poliovirus lineages. Evidencefor codon-specific positive selection at three distinct locationson capsid wall,Egypt 2001-2005,wild,AFP,2001-11-21,14-Jan-2001,2001-01-14,2001,day,Egypt,,Egypt,,2001,Egypt,,,environmental,country_year_environment_version,EGY01-E7,2001,Egypt
KC832599,Evolution of type 2 vaccine derived poliovirus lineages. Evidencefor codon-specific positive selection at three distinct locationson capsid wall,Egypt 2001-2005,wild,AFP,2001-11-15,19-Aug-2001,2001-08-19,2001,day,Egypt,,Egypt,,2001,Egypt,,,environmental,country_year_environment_version,EGY01-E79,2001,Egypt
KC832598,Evolution of type 2 vaccine derived poliovirus lineages. Evidencefor codon-specific positive selection at three distinct locationson capsid wall,Egypt 2001-2005,wild,AFP,2001-11-08,14-Aug-2001,2001-08-14,2001,day,Egypt,,Egypt,,2001,Egypt,,,environmental,country_year_environment_version,EGY01-E78,2001,Egypt
KC832597,Evolution of type 2 vaccine derived poliovirus lineages. Evidencefor codon-specific positive selection at three distinct locationson capsid wall,Egypt 2001-2005,wild,AFP,2001-11-06,13-Aug-2001,2001-08-13,2001,day,Egypt,,Egypt,,2001,Egypt,,,environmental,country_year_environment_version,EGY01-E77,2001,Egypt
KC832596,Evolution of type 2 vaccine derived poliovirus lineages. Evidencefor codon-specific positive selection at three distinct locationson capsid wall,Egypt 2001-2005,wild,AFP,2001-11-04,11-Aug-2001,2001-08-11,2001,day,Egypt,,Egypt,,2001,Egypt,,,environmental,country_year_environment_version,EGY01-E76,2001,Egypt
KC832595,Evolution of type 2 vaccine derived poliovirus lineages. Evidencefor codon-specific positive selection at three distinct locationson capsid wall,Egypt 2001-2005,wild,AFP,2001-11-02,11-Aug-2001,2001-08-11,2001,day,Egypt,,Egypt,,2001,Egypt,,,environmental,country_year_environment_version,EGY01-E76,2001,Egypt
KC832594,Evolution of type 2 vaccine derived poliovirus lineages. Evidencefor codon-specific positive selection at three distinct locationson capsid wall,Egypt 2001-2005,wild,AFP,2001-10-30,11-Aug-2001,2001-08-11,2001,day,Egypt,,Egypt,,2001,Egypt,,,environmental,country_year_environment_version,EGY01-E76,2001,Egypt
KC832593,Evolution of type 2 vaccine derived poliovirus lineages. Evidencefor codon-specific positive selection at three distinct locationson capsid wall,Egypt 2001-2005,wild,AFP,2001-10-24,11-Aug-2001,2001-08-11,2001,day,Egypt,,Egypt,,2001,Egypt,,,environmental,country_year_environment_version,EGY01-E75,2001,Egypt
KC832592,Evolution of type 2 vaccine derived poliovirus lineages. Evidencefor codon-specific positive selection at three distinct locationson capsid wall,Egypt 2001-2005,wild,AFP,2001-10-23,05-Aug-2001,2001-08-05,2001,day,Egypt,,Egypt,,2001,Egypt,,,environmental,country_year_environment_version,EGY01-E72-V2,2001,Egypt
KC832591,Evolution of type 2 vaccine derived poliovirus lineages. Evidencefor codon-specific positive selection at three distinct locationson capsid wall,Egypt 2001-2005,wild,AFP,2001-10-21,05-Aug-2001,2001-08-05,2001,day,Egypt,,Egypt,,2001,Egypt,,,environmental,country_year_environment_version,EGY01-E72,2001,Egypt
KC832590,Evolution of type 2 vaccine derived poliovirus lineages. Evidencefor codon-specific positive selection at three distinct locationson capsid wall,Egypt 2001-2005,wild,AFP,2001-10-20,05-Aug-2001,2001-08-05,2001,day,Egypt,,Egypt,,2001,Egypt,,,environmental,country_year_environment_version,EGY01-E72,2001,Egypt
KC832589,Evolution of type 2 vaccine derived poliovirus lineages. Evidencefor codon-specific positive selection at three distinct locationson capsid wall,Egypt 2001-2005,wild,AFP,2001-10-14,31-Jul-2001,2001-07-31,2001,day,Egypt,,Egypt,,2001,Egypt,,,environmental,country_year_environment_version,EGY01-E71,2001,Egypt
KC832588,Evolution of type 2 vaccine derived poliovirus lineages. Evidencefor codon-specific positive selection at three distinct locationson capsid wall,Egypt 2001-2005,wild,AFP,2001-10-08,24-Jul-2001,2001-07-24,2001,day,Egypt,,Egypt,,2001,Egypt,,,environmental,country_year_environment_version,EGY01-E70,2001,Egypt
KC832587,Evolution of type 2 vaccine derived poliovirus lineages. Evidencefor codon-specific positive selection at three distinct locationson capsid wall,Egypt 2001-2005,wild,AFP,2001-10-05,24-Jul-2001,2001-07-24,2001,day,Egypt,,Egypt,,2001,Egypt,,,environmental,country_year_environment_version,EGY01-E69-V1,2001,Egypt
KC832586,Evolution of type 2 vaccine derived poliovirus lineages. Evidencefor codon-specific positive selection at three distinct locationson capsid wall,Egypt 2001-2005,wild,AFP,2001-10-03,24-Jul-2001,2001-07-24,2001,day,Egypt,,Egypt,,2001,Egypt,,,environmental,country_year_environment_version,EGY01-E69,2001,Egypt
KC832585,Evolution of type 2 vaccine derived poliovirus lineages. Evidencefor codon-specific positive selection at three distinct locationson capsid wall,Egypt 2001-2005,wild,AFP,2001-09-26,24-Jul-2001,2001-07-24,2001,day,Egypt,,Egypt,,2001,Egypt,,,environmental,country_year_environment_version,EGY01-E69,2001,Egypt
KC832584,Evolution of type 2 vaccine derived poliovirus lineages. Evidencefor codon-specific positive selection at three distinct locationson capsid wall,Egypt 2001-2005,wild,AFP,2001-09-18,09-Jul-2001,2001-07-09,2001,day,Egypt,,Egypt,,2001,Egypt,,,environmental,country_year_environment_version,EGY01-E68-V2,2001,Egypt
KC832583,Evolution of type 2 vaccine derived poliovirus lineages. Evidencefor codon-specific positive selection at three distinct locationson capsid wall,Egypt 2001-2005,wild,AFP,2001-09-17,09-Jul-2001,2001-07-09,2001,day,Egypt,,Egypt,,2001,Egypt,,,environmental,country_year_environment_version,EGY01-E68,2001,Egypt
KC832582,Evolution of type 2 vaccine derived poliovirus lineages. Evidencefor codon-specific positive selection at three distinct locationson capsid wall,Egypt 2001-2005,wild,AFP,2001-09-15,09-Jul-2001,2001-07-09,2001,day,Egypt,,Egypt,,2001,Egypt,,,environmental,country_year_environment_version,EGY01-E67-V1,2001,Egypt
KC832581,Evolution of type 2 vaccine derived poliovirus lineages. Evidencefor codon-specific positive selection at three distinct locationson capsid wall,Egypt 2001-2005,wild,AFP,2001-09-13,09-Jul-2001,2001-07-09,2001,day,Egypt,,Egypt,,2001,Egypt,,,environmental,country_year_environment_version,EGY01-E66-V1,2001,Egypt
KC832580,Evolution of type 2 vaccine derived poliovirus lineages. Evidencefor codon-specific positive selection at three distinct locationson capsid wall,Egypt 2001-2005,wild,AFP,2001-09-07,09-Jul-2001,2001-07-09,2001,day,Egypt,,Egypt,,2001,Egypt,,,environmental,country_year_environment_version,EGY01-E66,2001,Egypt
KC832579,Evolution of type 2 vaccine derived poliovirus lineages. Evidencefor codon-specific positive selection at three distinct locationson capsid wall,Egypt 2001-2005,wild,AFP,2001-09-05,09-Jul-2001,2001-07-09,2001,day,Egypt,,Egypt,,2001,Egypt,,,environmental,country_year_environment_version,EGY01-E65,2001,Egypt
KC832578,Evolution of type 2 vaccine derived poliovirus lineages. Evidencefor codon-specific positive selection at three distinct locationson capsid wall,Egypt 2001-2005,wild,AFP,2001-09-03,09-Jul-2001,2001-07-09,2001,day,Egypt,,Egypt,,2001,Egypt,,,environmental,country_year_environment_version,EGY01-E65,2001,Egypt
KC832577,Evolution of type 2 vaccine derived poliovirus lineages. Evidencefor codon-specific positive selection at three distinct locationson capsid wall,Egypt 2001-2005,wild,AFP,2001-08-25,08-Jul-2001,2001-07-08,2001,day,Egypt,,Egypt,,2001,Egypt,,,environmental,country_year_environment_version,EGY01-E64,2001,Egypt
KC832576,Evolution of type 2 vaccine derived poliovirus lineages. Evidencefor codon-specific positive selection at three distinct locationson capsid wall,Egypt 2001-2005,wild,AFP,2001-08-23,08-Jul-2001,2001-07-08,2001,day,Egypt,,Egypt,,2001,Egypt,,,environmental,country_year_environment_version,EGY01-E64,2001,Egypt
KC832575,Evolution of type 2 vaccine derived poliovirus lineages. Evidencefor codon-specific positive selection at three distinct locationson capsid wall,Egypt 2001-2005,wild,AFP,2001-08-22,02-Jul-2001,2001-07-02,2001,day,Egypt,,Egypt,,2001,Egypt,,,environmental,country_year_environment_version,EGY01-E63,2001,Egypt
KC832574,Evolution of type 2 vaccine derived poliovirus lineages. Evidencefor codon-specific positive selection at three distinct locationson capsid wall,Egypt 2001-2005,wild,AFP,2001-08-20,24-Jun-2001,2001-06-24,2001,day,Egypt,,Egypt,,2001,Egypt,,,environmental,country_year_environment_version,EGY01-E61,2001,Egypt
KC832573,Evolution of type 2 vaccine derived poliovirus lineages. Evidencefor codon-specific positive selection at three distinct locationson capsid wall,Egypt 2001-2005,wild,AFP,2001-08-17,18-Jun-2001,2001-06-18,2001,day,Egypt,,Egypt,,2001,Egypt,,,environmental,country_year_environment_version,EGY01-E58,2001,Egypt
KC832572,Evolution of type 2 vaccine derived poliovirus lineages. Evidencefor codon-specific positive selection at three distinct locationson capsid wall,Egypt 2001-2005,wild,AFP,2001-08-16,11-Jun-2001,2001-06-11,2001,day,Egypt,,Egypt,,2001,Egypt,,,environmental,country_year_environment_version,EGY01-E57,2001,Egypt
KC832571,Evolution of type 2 vaccine derived poliovirus lineages. Evidencefor codon-specific positive selection at three distinct locationson capsid wall,Egypt 2001-2005,wild,AFP,2001-08-13,11-Jun-2001,2001-06-11,2001,day,Egypt,,Egypt,,2001,Egypt,,,environmental,country_year_environment_version,EGY01-E56,2001,Egypt
KC832570,Evolution of type 2 vaccine derived poliovirus lineages. Evidencefor codon-specific positive selection at three distinct locationson capsid wall,Egypt 2001-2005,wild,AFP,2001-08-12,11-Jun-2001,2001-06-11,2001,day,Egypt,,Egypt,,2001,Egypt,,,environmental,country_year_environment_version,EGY01-E54,2001,Egypt
KC832569,Evolution of type 2 vaccine derived poliovirus lineages. Evidencefor codon-specific positive selection at three distinct locationson capsid wall,Egypt 2001-2005,wild,AFP,2001-08-06,27-May-2001,2001-05-27,2001,day,Egypt,,Egypt,,2001,Egypt,,,environmental,country_year_environment_version,EGY01-E53-V2,2001,Egypt
KC832568,Evolution of type 2 vaccine derived poliovirus lineages. Evidencefor codon-specific positive selection at three distinct locationson capsid wall,Egypt 2001-2005,wild,AFP,2001-08-02,27-May-2001,2001-05-27,2001,day,Egypt,,Egypt,,2001,Egypt,,,environmental,country_year_environment_version,EGY01-E53,2001,Egypt
KC832567,Evolution of type 2 vaccine derived poliovirus lineages. Evidencefor codon-specific positive selection at three distinct locationson capsid wall,Egypt 2001-2005,wild,AFP,2001-07-27,20-May-2001,2001-05-20,2001,day,Egypt,,Egypt,,2001,Egypt,,,environmental,country_year_environment_version,EGY01-E52-V1,2001,Egypt
KC832566,Evolution of type 2 vaccine derived poliovirus lineages. Evidencefor codon-specific positive selection at three distinct locationson capsid wall,Egypt 2001-2005,wild,AFP,2001-07-20,20-May-2001,2001-05-20,2001,day,Egypt,,Egypt,,2001,Egypt,,,environmental,country_year_environment_version,EGY01-E52,2001,Egypt
KC832565,Evolution of type 2 vaccine derived poliovirus lineages. Evidencefor codon-specific positive selection at three distinct locationson capsid wall,Egypt 2001-2005,wild,AFP,2001-07-15,15-May-2001,2001-05-15,2001,day,Egypt,,Egypt,,2001,Egypt,,,environmental,country_year_environment_version,EGY01-E50,2001,Egypt
KC832564,Evolution of type 2 vaccine derived poliovirus lineages. Evidencefor codon-specific positive selection at three distinct locationson capsid wall,Egypt 2001-2005,wild,AFP,2001-07-12,14-May-2001,2001-05-14,2001,day,Egypt,,Egypt,,2001,Egypt,,,environmental,country_year_environment_version,EGY01-E49-V2,2001,Egypt
KC832563,Evolution of type 2 vaccine derived poliovirus lineages. Evidencefor codon-specific positive selection at three distinct locationson capsid wall,Egypt 2001-2005,wild,AFP,2001-07-03,14-May-2001,2001-05-14,2001,day,Egypt,,Egypt,,2001,Egypt,,,environmental,country_year_environment_version,EGY01-E49-V1,2001,Egypt
KC832562,Evolution of type 2 vaccine derived poliovirus lineages. Evidencefor codon-specific positive selection at three distinct locationson capsid wall,Egypt 2001-2005,wild,AFP,2001-06-30,14-May-2001,2001-05-14,2001,day,Egypt,,Egypt,,2001,Egypt,,,environmental,country_year_environment_version,EGY01-E49,2001,Egypt
KC832561,Evolution of type 2 vaccine derived poliovirus lineages. Evidencefor codon-specific positive selection at three distinct locationson capsid wall,Egypt 2001-2005,wild,AFP,2001-06-28,14-May-2001,2001-05-14,2001,day,Egypt,,Egypt,,2001,Egypt,,,environmental,country_year_environment_version,EGY01-E49,2001,Egypt
KC832560,Evolution of type 2 vaccine derived poliovirus lineages. Evidencefor codon-specific positive selection at three distinct locationson capsid wall,Egypt 2001-2005,wild,AFP,2001-06-22,14-May-2001,2001-05-14,2001,day,Egypt,,Egypt,,2001,Egypt,,,environmental,country_year_environment_version,EGY01-E48,2001,Egypt
KC832559,Evolution of type 2 vaccine derived poliovirus lineages. Evidencefor codon-specific positive selection at three distinct locationson capsid wall,Egypt 2001-2005,wild,AFP,2001-06-19,09-May-2001,2001-05-09,2001,day,Egypt,,Egypt,,2001,Egypt,,,environmental,country_year_environment_version,EGY01-E47,2001,Egypt
KC832558,Evolution of type 2 vaccine derived poliovirus lineages. Evidencefor codon-specific positive selection at three distinct locationson capsid wall,Egypt 2001-2005,wild,AFP,2001-06-09,07-May-2001,2001-05-07,2001,day,Egypt,,Egypt,,2001,Egypt,,,environmental,country_year_environment_version,EGY01-E46,2001,Egypt
KC832557,Evolution of type 2 vaccine derived poliovirus lineages. Evidencefor codon-specific positive selection at three distinct locationson capsid wall,Egypt 2001-2005,wild,AFP,2001-06-03,06-May-2001,2001-05-06,2001,day,Egypt,,Egypt,,2001,Egypt,,,environmental,country_year_environment_version,EGY01-E44-V1,2001,Egypt
KC832556,Evolution of type 2 vaccine derived poliovirus lineages. Evidencefor codon-specific positive selection at three distinct locationson capsid wall,Egypt 2001-2005,wild,AFP,2001-05-29,06-May-2001,2001-05-06,2001,day,Egypt,,Egypt,,2001,Egypt,,,environmental,country_year_environment_version,EGY01-E44,2001,Egypt
KC832555,Evolution of type 2 vaccine derived poliovirus lineages. Evidencefor codon-specific positive selection at three distinct locationson capsid wall,Egypt 2001-2005,wild,AFP,2001-05-27,06-May-2001,2001-05-06,2001,day,Egypt,,Egypt,,2001,Egypt,,,environmental,country_year_environment_version,EGY01-E44,2001,Egypt
KC832554,Evolution of type 2 vaccine derived poliovirus lineages. Evidencefor codon-specific positive selection at three distinct locationson capsid wall,Egypt 2001-2005,wild,AFP,2001-05-25,29-Apr-2001,2001-04-29,2001,day,Egypt,,Egypt,,2001,Egypt,,,environmental,country_year_environment_version,EGY01-E40,2001,Egypt
KC832553,Evolution of type 2 vaccine derived poliovirus lineages. Evidencefor codon-specific positive selection at three distinct locationson capsid wall,Egypt 2001-2005,wild,AFP,2001-05-22,29-Apr-2001,2001-04-29,2001,day,Egypt,,Egypt,,2001,Egypt,,,environmental,country_year_environment_version,EGY01-E40,2001,Egypt
KC832552,Evolution of type 2 vaccine derived poliovirus lineages. Evidencefor codon-specific positive selection at three distinct locationson capsid wall,Egypt 2001-2005,wild,AFP,2001-05-20,29-Apr-2001,2001-04-29,2001,day,Egypt,,Egypt,,2001,Egypt,,,environmental,country_year_environment_version,EGY01-E39,2001,Egypt
KC832551,Evolution of type 2 vaccine derived poliovirus lineages. Evidencefor codon-specific positive selection at three distinct locationson capsid wall,Egypt 2001-2005,wild,AFP,2001-05-13,17-Apr-2001,2001-04-17,2001,day,Egypt,,Egypt,,2001,Egypt,,,environmental,country_year_environment_version,EGY01-E38,2001,Egypt
KC832550,Evolution of type 2 vaccine derived poliovirus lineages. Evidencefor codon-specific positive selection at three distinct locationson capsid wall,Egypt 2001-2005,wild,AFP,2001-05-05,17-Apr-2001,2001-04-17,2001,day,Egypt,,Egypt,,2001,Egypt,,,environmental,country_year_environment_version,EGY01-E37,2001,Egypt
KC832549,Evolution of type 2 vaccine derived poliovirus lineages. Evidencefor codon-specific positive selection at three distinct locationson capsid wall,Egypt 2001-2005,wild,AFP,2001-05-02,08-Apr-2001,2001-04-08,2001,day,Egypt,,Egypt,,2001,Egypt,,,environmental,country_year_environment_version,EGY01-E35,2001,Egypt
KC832548,Evolution of type 2 vaccine derived poliovirus lineages. Evidencefor codon-specific positive selection at three distinct locationson capsid wall,Egypt 2001-2005,wild,AFP,2001-05-01,23-Mar-2001,2001-03-23,2001,day,Egypt,,Egypt,,2001,Egypt,,,environmental,country_year_environment_version,EGY01-E32,2001,Egypt
KC832547,Evolution of type 2 vaccine derived poliovirus lineages. Evidencefor codon-specific positive selection at three distinct locationson capsid wall,Egypt 2001-2005,wild,AFP,2001-04-28,25-Feb-2001,2001-02-25,2001,day,Egypt,,Egypt,,2001,Egypt,,,environmental,country_year_environment_version,EGY01-E24-V1,2001,Egypt
KC832546,Evolution of type 2 vaccine derived poliovirus lineages. Evidencefor codon-specific positive selection at three distinct locationson capsid wall,Egypt 2001-2005,wild,AFP,2001-04-26,25-Feb-2001,2001-02-25,2001,day,Egypt,,Egypt,,2001,Egypt,,,environmental,country_year_environment_version,EGY01-E23,2001,Egypt
KC832545,Evolution of type 2 vaccine derived poliovirus lineages. Evidencefor codon-specific positive selection at three distinct locationson capsid wall,Egypt 2001-2005,wild,AFP,2001-04-18,28-Jan-2001,2001-01-28,2001,day,Egypt,,Egypt,,2001,Egypt,,,environmental,country_year_environment_version,EGY01-E14,2001,Egypt
KC832544,Evolution of type 2 vaccine derived poliovirus lineages. Evidencefor codon-specific positive selection at three distinct locationson capsid wall,Egypt 2001-2005,wild,AFP,2001-04-15,31-Dec-2001,2001-12-31,2001,day,Egypt,,Egypt,,2001,Egypt,,,environmental,country_year_environment_version,EGY01-E132-V1,2001,Egypt
KC832543,Evolution of type 2 vaccine derived poliovirus lineages. Evidencefor codon-specific positive selection at three distinct locationson capsid wall,Egypt 2001-2005,wild,AFP,2001-04-14,31-Dec-2001,2001-12-31,2001,day,Egypt,,Egypt,,2001,Egypt,,,environmental,country_year_environment_version,EGY01-E132,2001,Egypt
KC832542,Evolution of type 2 vaccine derived poliovirus lineages. Evidencefor codon-specific positive selection at three distinct locationson capsid wall,Egypt 2001-2005,wild,AFP,2001-04-06,30-Dec-2001,2001-12-30,2001,day,Egypt,,Egypt,,2001,Egypt,,,environmental,country_year_environment_version,EGY01-E131-V2,2001,Egypt
KC832541,Evolution of type 2 vaccine derived poliovirus lineages. Evidencefor codon-specific positive selection at three distinct locationson capsid wall,Egypt 2001-2005,wild,AFP,2001-03-31,30-Dec-2001,2001-12-30,2001,day,Egypt,,Egypt,,2001,Egypt,,,environmental,country_year_environment_version,EGY01-E131,2001,Egypt
KC832540,Evolution of type 2 vaccine derived poliovirus lineages. Evidencefor codon-specific positive selection at three distinct locationson capsid wall,Egypt 2001-2005,wild,AFP,2001-03-28,25-Dec-2001,2001-12-25,2001,day,Egypt,,Egypt,,2001,Egypt,,,environmental,country_year_environment_version,EGY01-E127-V1,2001,Egypt
KC832539,Evolution of type 2 vaccine derived poliovirus lineages. Evidencefor codon-specific positive selection at three distinct locationson capsid wall,Egypt 2001-2005,wild,AFP,2001-03-25,25-Dec-2001,2001-12-25,2001,day,Egypt,,Egypt,,2001,Egypt,,,environmental,country_year_environment_version,EGY01-E127,2001,Egypt
KC832538,Evolution of type 2 vaccine derived poliovirus lineages. Evidencefor codon-specific positive selection at three distinct locationson capsid wall,Egypt 2001-2005,wild,AFP,2001-03-23,29-Nov-2001,2001-11-29,2001,day,Egypt,,Egypt,,2001,Egypt,,,environmental,country_year_environment_version,EGY01-E121-V2,2001,Egypt
KC832537,Evolution of type 2 vaccine derived poliovirus lineages. Evidencefor codon-specific positive selection at three distinct locationson capsid wall,Egypt 2001-2005,wild,AFP,2001-03-15,29-Nov-2001,2001-11-29,2001,day,Egypt,,Egypt,,2001,Egypt,,,environmental,country_year_environment_version,EGY01-E121,2001,Egypt
KC832536,Evolution of type 2 vaccine derived poliovirus lineages. Evidencefor codon-specific positive selection at three distinct locationson capsid wall,Egypt 2001-2005,wild,AFP,2001-03-09,26-Nov-2001,2001-11-26,2001,day,Egypt,,Egypt,,2001,Egypt,,,environmental,country_year_environment_version,EGY01-E118,2001,Egypt
KC832535,Evolution of type 2 vaccine derived poliovirus lineages. Evidencefor codon-specific positive selection at three distinct locationson capsid wall,Egypt 2001-2005,wild,AFP,2001-03-07,19-Nov-2001,2001-11-19,2001,day,Egypt,,Egypt,,2001,Egypt,,,environmental,country_year_environment_version,EGY01-E116-V1,2001,Egypt
KC832534,Evolution of type 2 vaccine derived poliovirus lineages. Evidencefor codon-specific positive selection at three distinct locationson capsid wall,Egypt 2001-2005,wild,AFP,2001-03-05,19-Nov-2001,2001-11-19,2001,day,Egypt,,Egypt,,2001,Egypt,,,environmental,country_year_environment_version,EGY01-E116,2001,Egypt
KC832533,Evolution of type 2 vaccine derived poliovirus lineages. Evidencefor codon-specific positive selection at three distinct locationson capsid wall,Egypt 2001-2005,wild,AFP,2001-02-28,18-Nov-2001,2001-11-18,2001,day,Egypt,,Egypt,,2001,Egypt,,,environmental,country_year_environment_version,EGY01-E115,2001,Egypt
KC832532,Evolution of type 2 vaccine derived poliovirus lineages. Evidencefor codon-specific positive selection at three distinct locationson capsid wall,Egypt 2001-2005,wild,AFP,2001-02-11,12-Nov-2001,2001-11-12,2001,day,Egypt,,Egypt,,2001,Egypt,,,environmental,country_year_environment_version,EGY01-E112-V1,2001,Egypt
KC832531,Evolution of type 2 vaccine derived poliovirus lineages. Evidencefor codon-specific positive selection at three distinct locationson capsid wall,Egypt 2001-2005,wild,AFP,2001-02-05,11-Nov-2001,2001-11-11,2001,day,Egypt,,Egypt,,2001,Egypt,,,environmental,country_year_environment_version,EGY01-E111,2001,Egypt
KC832530,Evolution of type 2 vaccine derived poliovirus lineages. Evidencefor codon-specific positive selection at three distinct locationson capsid wall,Egypt 2001-2005,wild,AFP,2001-02-02,21-Feb-2001,2001-02-21,2001,day,Egypt,,Egypt,,2001,Egypt,,,environmental,country_year_environment_version,EGY01-E10,2001,Egypt
KC832529,Evolution of type 2 vaccine derived poliovirus lineages. Evidencefor codon-specific positive selection at three distinct locationson capsid wall,Egypt 2001-2005,wild,AFP,2001-01-26,05-Nov-2001,2001-11-05,2001,day,Egypt,,Egypt,,2001,Egypt,,,environmental,country_year_environment_version,EGY01-E109-V2,2001,Egypt
KC832528,Evolution of type 2 vaccine derived poliovirus lineages. Evidencefor codon-specific positive selection at three distinct locationson capsid wall,Egypt 2001-2005,wild,AFP,2001-01-25,05-Nov-2001,2001-11-05,2001,day,Egypt,,Egypt,,2001,Egypt,,,environmental,country_year_environment_version,EGY01-E109,2001,Egypt
KC832527,Evolution of type 2 vaccine derived poliovirus lineages. Evidencefor codon-specific positive selection at three distinct locationson capsid wall,Egypt 2001-2005,wild,AFP,2001-01-24,31-Oct-2001,2001-10-31,2001,day,Egypt,,Egypt,,2001,Egypt,,,environmental,country_year_environment_version,EGY01-E108-V1,2001,Egypt
KC832526,Evolution of type 2 vaccine derived poliovirus lineages. Evidencefor codon-specific positive selection at three distinct locationson capsid wall,Egypt 2001-2005,wild,AFP,2001-01-20,31-Oct-2001,2001-10-31,2001,day,Egypt,,Egypt,,2001,Egypt,,,environmental,country_year_environment_version,EGY01-E108,2001,Egypt
KC832525,Evolution of type 2 vaccine derived poliovirus lineages. Evidencefor codon-specific positive selection at three distinct locationson capsid wall,Egypt 2001-2005,wild,AFP,2001-01-16,28-Oct-2001,2001-10-28,2001,day,Egypt,,Egypt,,2001,Egypt,,,environmental,country_year_environment_version,EGY01-E107,2001,Egypt
KC832524,Evolution of type 2 vaccine derived poliovirus lineages. Evidencefor codon-specific positive selection at three distinct locationson capsid wall,Egypt 2001-2005,wild,AFP,2001-01-13,22-Oct-2001,2001-10-22,2001,day,Egypt,,Egypt,,2001,Egypt,,,environmental,country_year_environment_version,EGY01-E103,2001,Egypt
KC832523,Evolution of type 2 vaccine derived poliovirus lineages. Evidencefor codon-specific positive selection at three distinct locationson capsid wall,Egypt 2001-2005,wild,AFP,2001-01-06,16-Oct-2001,2001-10-16,2001,day,Egypt,,Egypt,,2001,Egypt,,,environmental,country_year_environment_version,EGY01-E102,2001,Egypt
KC832522,Evolution of type 2 vaccine derived poliovirus lineages. Evidencefor codon-specific positive selection at three distinct locationson capsid wall,Egypt 2001-2005,wild,AFP,2000-12-24,12-Nov-2000,2000-11-12,2000,day,Egypt,,Egypt,,2000,Egypt,,,environmental,country_year_environment_version,EGY00-E32-V2,2000,Egypt
KC832521,Evolution of type 2 vaccine derived poliovirus lineages. Evidencefor codon-specific positive selection at three distinct locationson capsid wall,Egypt 2001-2005,wild,AFP,2000-12-18,12-Nov-2000,2000-11-12,2000,day,Egypt,,Egypt,,2000,Egypt,,,environmental,country_year_environment_version,EGY00-E32,2000,Egypt
KC832520,Evolution of type 2 vaccine derived poliovirus lineages. Evidencefor codon-specific positive selection at three distinct locationson capsid wall,Egypt 2001-2005,wild,AFP,2000-12-05,12-Nov-2000,2000-11-12,2000,day,Egypt,,Egypt,,2000,Egypt,,,environmental,country_year_environment_version,EGY00-E32,2000,Egypt
KC832519,Evolution of type 2 vaccine derived poliovirus lineages. Evidencefor codon-specific positive selection at three distinct locationson capsid wall,Egypt 2001-2005,wild,AFP,2000-10-14,09-Oct-2000,2000-10-09,2000,day,Egypt,,Egypt,,2000,Egypt,,,environmental,country_year_environment_version,EGY00-E18-V1,2000,Egypt
KC880521,The 2010 Outbreak of Poliomyelitis in Tajikistan: the Nature andSome Lessons,TJK 2010,wild,AFP,2010-05-01,03-Jun-2010,2010-06-03,2010,day,,,,AFP case,,Tajikistan,,,,legacy_context_location_fallback,no source or isolate/strain location parsed; falling back to legacy context for country-level triage,2010,Tajikistan
KC880520,The 2010 Outbreak of Poliomyelitis in Tajikistan: the Nature andSome Lessons,TJK 2010,wild,AFP,2010-05-01,12-Apr-2010,2010-04-12,2010,day,,,,AFP case,,Tajikistan,,,,legacy_context_location_fallback,no source or isolate/strain location parsed; falling back to legacy context for country-level triage,2010,Tajikistan
KC880519,The 2010 Outbreak of Poliomyelitis in Tajikistan: the Nature andSome Lessons,TJK 2010,wild,AFP,2010-05-01,02-Jul-2010,2010-07-02,2010,day,Russia: Khabarovsk,,Russia: Khabarovsk,AFP case,,,,,,,,2010,Russia: Khabarovsk
KC880518,The 2010 Outbreak of Poliomyelitis in Tajikistan: the Nature andSome Lessons,TJK 2010,wild,AFP,2010-05-01,06-Oct-2010,2010-10-06,2010,day,Russia: Chechen Republic,,Russia: Chechen Republic,AFP case,,,,,,,,2010,Russia: Chechen Republic
KC880517,The 2010 Outbreak of Poliomyelitis in Tajikistan: the Nature andSome Lessons,TJK 2010,wild,AFP,2010-05-01,16-Aug-2010,2010-08-16,2010,day,Russia: Chechen Republic,,Russia: Chechen Republic,AFP case,,,,,,,,2010,Russia: Chechen Republic
KC880516,The 2010 Outbreak of Poliomyelitis in Tajikistan: the Nature andSome Lessons,TJK 2010,wild,AFP,2010-05-01,04-Aug-2010,2010-08-04,2010,day,Russia: Chechen Republic,,Russia: Chechen Republic,AFP case,,,,,,,,2010,Russia: Chechen Republic
KC880515,The 2010 Outbreak of Poliomyelitis in Tajikistan: the Nature andSome Lessons,TJK 2010,wild,AFP,2010-05-01,04-Aug-2010,2010-08-04,2010,day,Russia: Chechen Republic,,Russia: Chechen Republic,AFP case,,,,,,,,2010,Russia: Chechen Republic
KC880514,The 2010 Outbreak of Poliomyelitis in Tajikistan: the Nature andSome Lessons,TJK 2010,wild,AFP,2010-05-01,28-May-2010,2010-05-28,2010,day,Russia: Ekaterinburg,,Russia: Ekaterinburg,healthy people,,,,,,,,2010,Russia: Ekaterinburg
KC880513,The 2010 Outbreak of Poliomyelitis in Tajikistan: the Nature andSome Lessons,TJK 2010,wild,AFP,2010-05-01,10-May-2010,2010-05-10,2010,day,Russia: Chelyabinsk,,Russia: Chelyabinsk,AFP case,,,,,,,,2010,Russia: Chelyabinsk
KC880512,The 2010 Outbreak of Poliomyelitis in Tajikistan: the Nature andSome Lessons,TJK 2010,wild,AFP,2010-05-01,21-Sep-2010,2010-09-21,2010,day,Russia: Dagestan,,Russia: Dagestan,AFP case,,,,,,,,2010,Russia: Dagestan
KC880511,The 2010 Outbreak of Poliomyelitis in Tajikistan: the Nature andSome Lessons,TJK 2010,wild,AFP,2010-05-01,18-Sep-2010,2010-09-18,2010,day,Russia: Dagestan,,Russia: Dagestan,AFP case,,,,,,,,2010,Russia: Dagestan
KC880510,The 2010 Outbreak of Poliomyelitis in Tajikistan: the Nature andSome Lessons,TJK 2010,wild,AFP,2010-05-01,2010,,2010,year,Russia: Dagestan,,Russia: Dagestan,healthy people,,,,,,,,2010,Russia: Dagestan
KC880509,The 2010 Outbreak of Poliomyelitis in Tajikistan: the Nature andSome Lessons,TJK 2010,wild,AFP,2010-05-01,2010,,2010,year,Russia: Dagestan,,Russia: Dagestan,healthy people,,,,,,,,2010,Russia: Dagestan
KC880508,The 2010 Outbreak of Poliomyelitis in Tajikistan: the Nature andSome Lessons,TJK 2010,wild,AFP,2010-05-01,24-Oct-2010,2010-10-24,2010,day,Russia: Dagestan,,Russia: Dagestan,AFP case,,,,,,,,2010,Russia: Dagestan
KC880507,The 2010 Outbreak of Poliomyelitis in Tajikistan: the Nature andSome Lessons,TJK 2010,wild,AFP,2010-05-01,11-Nov-2010,2010-11-11,2010,day,Russia: Dagestan,,Russia: Dagestan,healthy people,,,,,,,,2010,Russia: Dagestan
KC880506,The 2010 Outbreak of Poliomyelitis in Tajikistan: the Nature andSome Lessons,TJK 2010,wild,AFP,2010-05-01,08-Oct-2010,2010-10-08,2010,day,Russia: Dagestan,,Russia: Dagestan,AFP case,,,,,,,,2010,Russia: Dagestan
KC880505,The 2010 Outbreak of Poliomyelitis in Tajikistan: the Nature andSome Lessons,TJK 2010,wild,AFP,2010-05-01,15-Jul-2010,2010-07-15,2010,day,Russia: Dagestan,,Russia: Dagestan,AFP case,,,,,,,,2010,Russia: Dagestan
KC880504,The 2010 Outbreak of Poliomyelitis in Tajikistan: the Nature andSome Lessons,TJK 2010,wild,AFP,2010-05-01,15-Jul-2010,2010-07-15,2010,day,Russia: Dagestan,,Russia: Dagestan,AFP case,,,,,,,,2010,Russia: Dagestan
KC880503,The 2010 Outbreak of Poliomyelitis in Tajikistan: the Nature andSome Lessons,TJK 2010,wild,AFP,2010-05-01,03-May-2010,2010-05-03,2010,day,Russia: Moscow,,Russia: Moscow,healthy people,,,,,,,,2010,Russia: Moscow
KC880502,The 2010 Outbreak of Poliomyelitis in Tajikistan: the Nature andSome Lessons,TJK 2010,wild,AFP,2010-05-01,06-May-2010,2010-05-06,2010,day,Russia: Irkutsk,,Russia: Irkutsk,healthy people,,,,,,,,2010,Russia: Irkutsk
KC880501,The 2010 Outbreak of Poliomyelitis in Tajikistan: the Nature andSome Lessons,TJK 2010,wild,AFP,2010-05-01,04-May-2010,2010-05-04,2010,day,Russia: Irkutsk,,Russia: Irkutsk,AFP case,,,,,,,,2010,Russia: Irkutsk
KC880500,The 2010 Outbreak of Poliomyelitis in Tajikistan: the Nature andSome Lessons,TJK 2010,wild,AFP,2010-05-01,25-May-2010,2010-05-25,2010,day,Russia: Ekaterinburg,,Russia: Ekaterinburg,AFP case,,,,,,,,2010,Russia: Ekaterinburg
KC880499,The 2010 Outbreak of Poliomyelitis in Tajikistan: the Nature andSome Lessons,TJK 2010,wild,AFP,2010-05-01,02-Jun-2010,2010-06-02,2010,day,Russia: Ekaterinburg,,Russia: Ekaterinburg,AFP case,,,,,,,,2010,Russia: Ekaterinburg
KC880498,The 2010 Outbreak of Poliomyelitis in Tajikistan: the Nature andSome Lessons,TJK 2010,wild,AFP,2010-05-01,02-Jun-2010,2010-06-02,2010,day,Russia: Ekaterinburg,,Russia: Ekaterinburg,AFP case,,,,,,,,2010,Russia: Ekaterinburg
KC880497,The 2010 Outbreak of Poliomyelitis in Tajikistan: the Nature andSome Lessons,TJK 2010,wild,AFP,2010-05-01,10-May-2010,2010-05-10,2010,day,Russia: Chelyabinsk,,Russia: Chelyabinsk,AFP case,,,,,,,,2010,Russia: Chelyabinsk
KC880496,The 2010 Outbreak of Poliomyelitis in Tajikistan: the Nature andSome Lessons,TJK 2010,wild,AFP,2010-05-01,05-Jun-2010,2010-06-05,2010,day,Russia: StPetersburg,,Russia: StPetersburg,healthy people,,,,,,,,2010,Russia: StPetersburg
KC880495,The 2010 Outbreak of Poliomyelitis in Tajikistan: the Nature andSome Lessons,TJK 2010,wild,AFP,2010-05-01,23-Apr-2010,2010-04-23,2010,day,Tajikistan: Jomi,,Tajikistan: Jomi,AFP case,,,,,,,,2010,Tajikistan: Jomi
KC880494,The 2010 Outbreak of Poliomyelitis in Tajikistan: the Nature andSome Lessons,TJK 2010,wild,AFP,2010-05-01,05-May-2010,2010-05-05,2010,day,Tajikistan: Hisor,,Tajikistan: Hisor,AFP case,,,,,,,,2010,Tajikistan: Hisor
KC880493,The 2010 Outbreak of Poliomyelitis in Tajikistan: the Nature andSome Lessons,TJK 2010,wild,AFP,2010-05-01,04-May-2010,2010-05-04,2010,day,Tajikistan: Tursunzoda,,Tajikistan: Tursunzoda,AFP case,,,,,,,,2010,Tajikistan: Tursunzoda
KC880492,The 2010 Outbreak of Poliomyelitis in Tajikistan: the Nature andSome Lessons,TJK 2010,wild,AFP,2010-05-01,01-May-2010,2010-05-01,2010,day,Tajikistan: Vakhsh,,Tajikistan: Vakhsh,AFP case,,,,,,,,2010,Tajikistan: Vakhsh
KC880491,The 2010 Outbreak of Poliomyelitis in Tajikistan: the Nature andSome Lessons,TJK 2010,wild,AFP,2010-05-01,01-May-2010,2010-05-01,2010,day,Tajikistan: Yovon,,Tajikistan: Yovon,AFP case,,,,,,,,2010,Tajikistan: Yovon
KC880490,The 2010 Outbreak of Poliomyelitis in Tajikistan: the Nature andSome Lessons,TJK 2010,wild,AFP,2010-05-01,03-Apr-2010,2010-04-03,2010,day,Tajikistan: Jilikul,,Tajikistan: Jilikul,AFP case,,,,,,,,2010,Tajikistan: Jilikul
KC880489,The 2010 Outbreak of Poliomyelitis in Tajikistan: the Nature andSome Lessons,TJK 2010,wild,AFP,2010-05-01,21-Apr-2010,2010-04-21,2010,day,Tajikistan: Rumi,,Tajikistan: Rumi,AFP case,,,,,,,,2010,Tajikistan: Rumi
KC880488,The 2010 Outbreak of Poliomyelitis in Tajikistan: the Nature andSome Lessons,TJK 2010,wild,AFP,2010-05-01,04-Apr-2010,2010-04-04,2010,day,Tajikistan: Bokhtar,,Tajikistan: Bokhtar,AFP case,,,,,,,,2010,Tajikistan: Bokhtar
KC880487,The 2010 Outbreak of Poliomyelitis in Tajikistan: the Nature andSome Lessons,TJK 2010,wild,AFP,2010-05-01,11-May-2010,2010-05-11,2010,day,Tajikistan: Bokhtar,,Tajikistan: Bokhtar,AFP case,,,,,,,,2010,Tajikistan: Bokhtar
KC880486,The 2010 Outbreak of Poliomyelitis in Tajikistan: the Nature andSome Lessons,TJK 2010,wild,AFP,2010-05-01,06-May-2010,2010-05-06,2010,day,Tajikistan: Hamadoni,,Tajikistan: Hamadoni,AFP case,,,,,,,,2010,Tajikistan: Hamadoni
KC880485,The 2010 Outbreak of Poliomyelitis in Tajikistan: the Nature andSome Lessons,TJK 2010,wild,AFP,2010-05-01,12-May-2010,2010-05-12,2010,day,Tajikistan: Dushanbe,,Tajikistan: Dushanbe,AFP case,,,,,,,,2010,Tajikistan: Dushanbe
KC880484,The 2010 Outbreak of Poliomyelitis in Tajikistan: the Nature andSome Lessons,TJK 2010,wild,AFP,2010-05-01,01-May-2010,2010-05-01,2010,day,Tajikistan: Danghara,,Tajikistan: Danghara,AFP case,,,,,,,,2010,Tajikistan: Danghara
KC880483,The 2010 Outbreak of Poliomyelitis in Tajikistan: the Nature andSome Lessons,TJK 2010,wild,AFP,2010-05-01,21-May-2010,2010-05-21,2010,day,Tajikistan: Rudaki,,Tajikistan: Rudaki,AFP case,,,,,,,,2010,Tajikistan: Rudaki
KC880482,The 2010 Outbreak of Poliomyelitis in Tajikistan: the Nature andSome Lessons,TJK 2010,wild,AFP,2010-05-01,15-May-2010,2010-05-15,2010,day,Tajikistan: Danghara,,Tajikistan: Danghara,AFP case,,,,,,,,2010,Tajikistan: Danghara
KC880481,The 2010 Outbreak of Poliomyelitis in Tajikistan: the Nature andSome Lessons,TJK 2010,wild,AFP,2010-05-01,05-Apr-2010,2010-04-05,2010,day,Tajikistan: Rudaki,,Tajikistan: Rudaki,AFP case,,,,,,,,2010,Tajikistan: Rudaki
KC880480,The 2010 Outbreak of Poliomyelitis in Tajikistan: the Nature andSome Lessons,TJK 2010,wild,AFP,2010-05-01,15-May-2010,2010-05-15,2010,day,Tajikistan: Tojikobob,,Tajikistan: Tojikobob,AFP case,,,,,,,,2010,Tajikistan: Tojikobob
KC880479,The 2010 Outbreak of Poliomyelitis in Tajikistan: the Nature andSome Lessons,TJK 2010,wild,AFP,2010-05-01,07-Apr-2010,2010-04-07,2010,day,Tajikistan: Shahrtuz,,Tajikistan: Shahrtuz,AFP case,,,,,,,,2010,Tajikistan: Shahrtuz
KC880478,The 2010 Outbreak of Poliomyelitis in Tajikistan: the Nature andSome Lessons,TJK 2010,wild,AFP,2010-05-01,09-Apr-2010,2010-04-09,2010,day,Tajikistan: Vahdat,,Tajikistan: Vahdat,AFP case,,,,,,,,2010,Tajikistan: Vahdat
KC880477,The 2010 Outbreak of Poliomyelitis in Tajikistan: the Nature andSome Lessons,TJK 2010,wild,AFP,2010-05-01,14-May-2010,2010-05-14,2010,day,Tajikistan: Tursunzoda,,Tajikistan: Tursunzoda,AFP case,,,,,,,,2010,Tajikistan: Tursunzoda
KC880476,The 2010 Outbreak of Poliomyelitis in Tajikistan: the Nature andSome Lessons,TJK 2010,wild,AFP,2010-05-01,05-May-2010,2010-05-05,2010,day,Tajikistan: Shahrinaw,,Tajikistan: Shahrinaw,AFP case,,,,,,,,2010,Tajikistan: Shahrinaw
KC880475,The 2010 Outbreak of Poliomyelitis in Tajikistan: the Nature andSome Lessons,TJK 2010,wild,AFP,2010-05-01,31-May-2010,2010-05-31,2010,day,Tajikistan: Tursunzoda,,Tajikistan: Tursunzoda,AFP case,,,,,,,,2010,Tajikistan: Tursunzoda
KC880474,The 2010 Outbreak of Poliomyelitis in Tajikistan: the Nature andSome Lessons,TJK 2010,wild,AFP,2010-05-01,12-Apr-2010,2010-04-12,2010,day,Tajikistan: Vahdat,,Tajikistan: Vahdat,AFP case,,,,,,,,2010,Tajikistan: Vahdat
KC880473,The 2010 Outbreak of Poliomyelitis in Tajikistan: the Nature andSome Lessons,TJK 2010,wild,AFP,2010-05-01,18-Jun-2010,2010-06-18,2010,day,Tajikistan: Kulob,,Tajikistan: Kulob,AFP case,,,,,,,,2010,Tajikistan: Kulob
KC880472,The 2010 Outbreak of Poliomyelitis in Tajikistan: the Nature andSome Lessons,TJK 2010,wild,AFP,2010-05-01,08-Apr-2010,2010-04-08,2010,day,Tajikistan: Hisor,,Tajikistan: Hisor,AFP case,,,,,,,,2010,Tajikistan: Hisor
KC880471,The 2010 Outbreak of Poliomyelitis in Tajikistan: the Nature andSome Lessons,TJK 2010,wild,AFP,2010-05-01,07-May-2010,2010-05-07,2010,day,Tajikistan: Bokhtar,,Tajikistan: Bokhtar,AFP case,,,,,,,,2010,Tajikistan: Bokhtar
KC880470,The 2010 Outbreak of Poliomyelitis in Tajikistan: the Nature andSome Lessons,TJK 2010,wild,AFP,2010-05-01,10-May-2010,2010-05-10,2010,day,Tajikistan: Jilikul,,Tajikistan: Jilikul,AFP case,,,,,,,,2010,Tajikistan: Jilikul
KC880469,The 2010 Outbreak of Poliomyelitis in Tajikistan: the Nature andSome Lessons,TJK 2010,wild,AFP,2010-05-01,23-Apr-2010,2010-04-23,2010,day,Tajikistan: Yovon,,Tajikistan: Yovon,AFP case,,,,,,,,2010,Tajikistan: Yovon
KC880468,The 2010 Outbreak of Poliomyelitis in Tajikistan: the Nature andSome Lessons,TJK 2010,wild,AFP,2010-05-01,01-May-2010,2010-05-01,2010,day,Tajikistan: Dushanbe,,Tajikistan: Dushanbe,AFP case,,,,,,,,2010,Tajikistan: Dushanbe
KC880467,The 2010 Outbreak of Poliomyelitis in Tajikistan: the Nature andSome Lessons,TJK 2010,wild,AFP,2010-05-01,26-Apr-2010,2010-04-26,2010,day,Tajikistan: Dushanbe,,Tajikistan: Dushanbe,AFP case,,,,,,,,2010,Tajikistan: Dushanbe
KC880466,The 2010 Outbreak of Poliomyelitis in Tajikistan: the Nature andSome Lessons,TJK 2010,wild,AFP,2010-05-01,28-Jun-2010,2010-06-28,2010,day,Turkmenistan,,Turkmenistan,AFP case,,,,,,,,2010,Turkmenistan
KC880465,The 2010 Outbreak of Poliomyelitis in Tajikistan: the Nature andSome Lessons,TJK 2010,wild,AFP,2010-05-01,10-May-2010,2010-05-10,2010,day,Tajikistan: Vakhsh,,Tajikistan: Vakhsh,AFP case,,,,,,,,2010,Tajikistan: Vakhsh
KC880464,The 2010 Outbreak of Poliomyelitis in Tajikistan: the Nature andSome Lessons,TJK 2010,wild,AFP,2010-05-01,09-May-2010,2010-05-09,2010,day,Tajikistan: Rudaki,,Tajikistan: Rudaki,AFP case,,,,,,,,2010,Tajikistan: Rudaki
KC880463,The 2010 Outbreak of Poliomyelitis in Tajikistan: the Nature andSome Lessons,TJK 2010,wild,AFP,2010-05-01,01-May-2010,2010-05-01,2010,day,Tajikistan: Bokhtar,,Tajikistan: Bokhtar,AFP case,,,,,,,,2010,Tajikistan: Bokhtar
KC880462,The 2010 Outbreak of Poliomyelitis in Tajikistan: the Nature andSome Lessons,TJK 2010,wild,AFP,2010-05-01,19-May-2010,2010-05-19,2010,day,Tajikistan: Tursunzoda,,Tajikistan: Tursunzoda,AFP case,,,,,,,,2010,Tajikistan: Tursunzoda
KC880461,The 2010 Outbreak of Poliomyelitis in Tajikistan: the Nature andSome Lessons,TJK 2010,wild,AFP,2010-05-01,26-Feb-2010,2010-02-26,2010,day,Tajikistan: Rudaki,,Tajikistan: Rudaki,AFP case,,,,,,,,2010,Tajikistan: Rudaki
KC880460,The 2010 Outbreak of Poliomyelitis in Tajikistan: the Nature andSome Lessons,TJK 2010,wild,AFP,2010-05-01,06-May-2010,2010-05-06,2010,day,Tajikistan: Qumsangir,,Tajikistan: Qumsangir,AFP case,,,,,,,,2010,Tajikistan: Qumsangir
KC880459,The 2010 Outbreak of Poliomyelitis in Tajikistan: the Nature andSome Lessons,TJK 2010,wild,AFP,2010-05-01,17-May-2010,2010-05-17,2010,day,Tajikistan: Norak,,Tajikistan: Norak,AFP case,,,,,,,,2010,Tajikistan: Norak
KC880458,The 2010 Outbreak of Poliomyelitis in Tajikistan: the Nature andSome Lessons,TJK 2010,wild,AFP,2010-05-01,14-Apr-2010,2010-04-14,2010,day,Tajikistan: Rudaki,,Tajikistan: Rudaki,AFP case,,,,,,,,2010,Tajikistan: Rudaki
KC880457,The 2010 Outbreak of Poliomyelitis in Tajikistan: the Nature andSome Lessons,TJK 2010,wild,AFP,2010-05-01,01-May-2010,2010-05-01,2010,day,Tajikistan: Vose,,Tajikistan: Vose,AFP case,,,,,,,,2010,Tajikistan: Vose
KC880456,The 2010 Outbreak of Poliomyelitis in Tajikistan: the Nature andSome Lessons,TJK 2010,wild,AFP,2010-05-01,24-Apr-2010,2010-04-24,2010,day,Tajikistan: Dushanbe,,Tajikistan: Dushanbe,AFP case,,,,,,,,2010,Tajikistan: Dushanbe
KC880455,The 2010 Outbreak of Poliomyelitis in Tajikistan: the Nature andSome Lessons,TJK 2010,wild,AFP,2010-05-01,13-Apr-2010,2010-04-13,2010,day,Tajikistan: Dushanbe,,Tajikistan: Dushanbe,AFP case,,,,,,,,2010,Tajikistan: Dushanbe
KC880454,The 2010 Outbreak of Poliomyelitis in Tajikistan: the Nature andSome Lessons,TJK 2010,wild,AFP,2010-05-01,19-Apr-2010,2010-04-19,2010,day,Tajikistan: Vahdat,,Tajikistan: Vahdat,AFP case,,,,,,,,2010,Tajikistan: Vahdat
KC880453,The 2010 Outbreak of Poliomyelitis in Tajikistan: the Nature andSome Lessons,TJK 2010,wild,AFP,2010-05-01,02-May-2010,2010-05-02,2010,day,Tajikistan: Varzob,,Tajikistan: Varzob,AFP case,,,,,,,,2010,Tajikistan: Varzob
KC880452,The 2010 Outbreak of Poliomyelitis in Tajikistan: the Nature andSome Lessons,TJK 2010,wild,AFP,2010-05-01,01-Mar-2010,2010-03-01,2010,day,Tajikistan: Rudaki,,Tajikistan: Rudaki,AFP case,,,,,,,,2010,Tajikistan: Rudaki
KC880451,The 2010 Outbreak of Poliomyelitis in Tajikistan: the Nature andSome Lessons,TJK 2010,wild,AFP,2010-05-01,19-Apr-2010,2010-04-19,2010,day,Tajikistan: Hisor,,Tajikistan: Hisor,AFP case,,,,,,,,2010,Tajikistan: Hisor
KC880450,The 2010 Outbreak of Poliomyelitis in Tajikistan: the Nature andSome Lessons,TJK 2010,wild,AFP,2010-05-01,08-Apr-2010,2010-04-08,2010,day,Tajikistan: Hisor,,Tajikistan: Hisor,AFP case,,,,,,,,2010,Tajikistan: Hisor
KC880449,The 2010 Outbreak of Poliomyelitis in Tajikistan: the Nature andSome Lessons,TJK 2010,wild,AFP,2010-05-01,21-Mar-2010,2010-03-21,2010,day,Tajikistan: Rudaki,,Tajikistan: Rudaki,AFP case,,,,,,,,2010,Tajikistan: Rudaki
KC880448,The 2010 Outbreak of Poliomyelitis in Tajikistan: the Nature andSome Lessons,TJK 2010,wild,AFP,2010-05-01,16-Apr-2010,2010-04-16,2010,day,Tajikistan: Hamadoni,,Tajikistan: Hamadoni,AFP case,,,,,,,,2010,Tajikistan: Hamadoni
KC880447,The 2010 Outbreak of Poliomyelitis in Tajikistan: the Nature andSome Lessons,TJK 2010,wild,AFP,2010-05-01,12-Aug-2010,2010-08-12,2010,day,Kazakhstan,,Kazakhstan,AFP case,,,,,,,,2010,Kazakhstan
KC880446,The 2010 Outbreak of Poliomyelitis in Tajikistan: the Nature andSome Lessons,TJK 2010,wild,AFP,2010-05-01,22-Apr-2010,2010-04-22,2010,day,Tajikistan: Vahdat,,Tajikistan: Vahdat,AFP case,,,,,,,,2010,Tajikistan: Vahdat
KC880445,The 2010 Outbreak of Poliomyelitis in Tajikistan: the Nature andSome Lessons,TJK 2010,wild,AFP,2010-05-01,16-Apr-2010,2010-04-16,2010,day,Tajikistan: Rudaki,,Tajikistan: Rudaki,AFP case,,,,,,,,2010,Tajikistan: Rudaki
KC880444,The 2010 Outbreak of Poliomyelitis in Tajikistan: the Nature andSome Lessons,TJK 2010,wild,AFP,2010-05-01,18-May-2010,2010-05-18,2010,day,Tajikistan: Hisor,,Tajikistan: Hisor,AFP case,,,,,,,,2010,Tajikistan: Hisor
KC880443,The 2010 Outbreak of Poliomyelitis in Tajikistan: the Nature andSome Lessons,TJK 2010,wild,AFP,2010-05-01,08-May-2010,2010-05-08,2010,day,Tajikistan: Panj,,Tajikistan: Panj,AFP case,,,,,,,,2010,Tajikistan: Panj
KC880442,The 2010 Outbreak of Poliomyelitis in Tajikistan: the Nature andSome Lessons,TJK 2010,wild,AFP,2010-05-01,23-Feb-2010,2010-02-23,2010,day,Tajikistan: Qabodiyon,,Tajikistan: Qabodiyon,AFP case,,,,,,,,2010,Tajikistan: Qabodiyon
KC880441,The 2010 Outbreak of Poliomyelitis in Tajikistan: the Nature andSome Lessons,TJK 2010,wild,AFP,2010-05-01,11-May-2010,2010-05-11,2010,day,Tajikistan: Danghara,,Tajikistan: Danghara,AFP case,,,,,,,,2010,Tajikistan: Danghara
KC880440,The 2010 Outbreak of Poliomyelitis in Tajikistan: the Nature andSome Lessons,TJK 2010,wild,AFP,2010-05-01,22-Apr-2010,2010-04-22,2010,day,Tajikistan: Rudaki,,Tajikistan: Rudaki,AFP case,,,,,,,,2010,Tajikistan: Rudaki
KC880439,The 2010 Outbreak of Poliomyelitis in Tajikistan: the Nature andSome Lessons,TJK 2010,wild,AFP,2010-05-01,01-May-2010,2010-05-01,2010,day,Tajikistan: Rudaki,,Tajikistan: Rudaki,AFP case,,,,,,,,2010,Tajikistan: Rudaki
KC880438,The 2010 Outbreak of Poliomyelitis in Tajikistan: the Nature andSome Lessons,TJK 2010,wild,AFP,2010-05-01,03-May-2010,2010-05-03,2010,day,Tajikistan: Vahdat,,Tajikistan: Vahdat,AFP case,,,,,,,,2010,Tajikistan: Vahdat
KC880437,The 2010 Outbreak of Poliomyelitis in Tajikistan: the Nature andSome Lessons,TJK 2010,wild,AFP,2010-05-01,06-Jun-2010,2010-06-06,2010,day,Tajikistan: Vahdat,,Tajikistan: Vahdat,AFP case,,,,,,,,2010,Tajikistan: Vahdat
KC880436,The 2010 Outbreak of Poliomyelitis in Tajikistan: the Nature andSome Lessons,TJK 2010,wild,AFP,2010-05-01,08-May-2010,2010-05-08,2010,day,Tajikistan: Faizobod,,Tajikistan: Faizobod,AFP case,,,,,,,,2010,Tajikistan: Faizobod
KC880435,The 2010 Outbreak of Poliomyelitis in Tajikistan: the Nature andSome Lessons,TJK 2010,wild,AFP,2010-05-01,03-Apr-2010,2010-04-03,2010,day,Tajikistan: Bokhtar,,Tajikistan: Bokhtar,AFP case,,,,,,,,2010,Tajikistan: Bokhtar
KC880434,The 2010 Outbreak of Poliomyelitis in Tajikistan: the Nature andSome Lessons,TJK 2010,wild,AFP,2010-05-01,21-May-2010,2010-05-21,2010,day,Tajikistan: Bokhtar,,Tajikistan: Bokhtar,AFP case,,,,,,,,2010,Tajikistan: Bokhtar
KC880433,The 2010 Outbreak of Poliomyelitis in Tajikistan: the Nature andSome Lessons,TJK 2010,wild,AFP,2010-05-01,21-May-2010,2010-05-21,2010,day,Tajikistan: Dushanbe,,Tajikistan: Dushanbe,AFP case,,,,,,,,2010,Tajikistan: Dushanbe
KC880432,The 2010 Outbreak of Poliomyelitis in Tajikistan: the Nature andSome Lessons,TJK 2010,wild,AFP,2010-05-01,30-Mar-2010,2010-03-30,2010,day,Tajikistan: Shahrtuz,,Tajikistan: Shahrtuz,AFP case,,,,,,,,2010,Tajikistan: Shahrtuz
KC880431,The 2010 Outbreak of Poliomyelitis in Tajikistan: the Nature andSome Lessons,TJK 2010,wild,AFP,2010-05-01,30-Mar-2010,2010-03-30,2010,day,Tajikistan: Shahrtuz,,Tajikistan: Shahrtuz,AFP case,,,,,,,,2010,Tajikistan: Shahrtuz
KC880430,The 2010 Outbreak of Poliomyelitis in Tajikistan: the Nature andSome Lessons,TJK 2010,wild,AFP,2010-05-01,24-Apr-2010,2010-04-24,2010,day,Tajikistan: Rudaki,,Tajikistan: Rudaki,AFP case,,,,,,,,2010,Tajikistan: Rudaki
KC880429,The 2010 Outbreak of Poliomyelitis in Tajikistan: the Nature andSome Lessons,TJK 2010,wild,AFP,2010-05-01,13-May-2010,2010-05-13,2010,day,Tajikistan: Vahdat,,Tajikistan: Vahdat,AFP case,,,,,,,,2010,Tajikistan: Vahdat
KC880428,The 2010 Outbreak of Poliomyelitis in Tajikistan: the Nature andSome Lessons,TJK 2010,wild,AFP,2010-05-01,15-May-2010,2010-05-15,2010,day,Tajikistan: Hisor,,Tajikistan: Hisor,AFP case,,,,,,,,2010,Tajikistan: Hisor
KC880427,The 2010 Outbreak of Poliomyelitis in Tajikistan: the Nature andSome Lessons,TJK 2010,wild,AFP,2010-05-01,11-May-2010,2010-05-11,2010,day,Tajikistan: Khuroson,,Tajikistan: Khuroson,AFP case,,,,,,,,2010,Tajikistan: Khuroson
KC880426,The 2010 Outbreak of Poliomyelitis in Tajikistan: the Nature andSome Lessons,TJK 2010,wild,AFP,2010-05-01,04-Apr-2010,2010-04-04,2010,day,Tajikistan: Hisor,,Tajikistan: Hisor,AFP case,,,,,,,,2010,Tajikistan: Hisor
KC880425,The 2010 Outbreak of Poliomyelitis in Tajikistan: the Nature andSome Lessons,TJK 2010,wild,AFP,2010-05-01,23-May-2010,2010-05-23,2010,day,Tajikistan: Qabodiyon,,Tajikistan: Qabodiyon,AFP case,,,,,,,,2010,Tajikistan: Qabodiyon
KC880424,The 2010 Outbreak of Poliomyelitis in Tajikistan: the Nature andSome Lessons,TJK 2010,wild,AFP,2010-05-01,25-Jun-2010,2010-06-25,2010,day,Turkmenistan,,Turkmenistan,AFP case,,,,,,,,2010,Turkmenistan
KC880423,The 2010 Outbreak of Poliomyelitis in Tajikistan: the Nature andSome Lessons,TJK 2010,wild,AFP,2010-05-01,09-Apr-2010,2010-04-09,2010,day,Tajikistan: Qabodiyon,,Tajikistan: Qabodiyon,AFP case,,,,,,,,2010,Tajikistan: Qabodiyon
KC880422,The 2010 Outbreak of Poliomyelitis in Tajikistan: the Nature andSome Lessons,TJK 2010,wild,AFP,2010-05-01,03-Apr-2010,2010-04-03,2010,day,Tajikistan: Qabodiyon,,Tajikistan: Qabodiyon,AFP case,,,,,,,,2010,Tajikistan: Qabodiyon
KC880421,The 2010 Outbreak of Poliomyelitis in Tajikistan: the Nature andSome Lessons,TJK 2010,wild,AFP,2010-05-01,07-Apr-2010,2010-04-07,2010,day,Tajikistan: Qabodiyon,,Tajikistan: Qabodiyon,AFP case,,,,,,,,2010,Tajikistan: Qabodiyon
KC880420,The 2010 Outbreak of Poliomyelitis in Tajikistan: the Nature andSome Lessons,TJK 2010,wild,AFP,2010-05-01,09-Apr-2010,2010-04-09,2010,day,Tajikistan: Vahdat,,Tajikistan: Vahdat,AFP case,,,,,,,,2010,Tajikistan: Vahdat
KC880419,The 2010 Outbreak of Poliomyelitis in Tajikistan: the Nature andSome Lessons,TJK 2010,wild,AFP,2010-05-01,10-Apr-2010,2010-04-10,2010,day,Tajikistan: Hisor,,Tajikistan: Hisor,AFP case,,,,,,,,2010,Tajikistan: Hisor
KC880418,The 2010 Outbreak of Poliomyelitis in Tajikistan: the Nature andSome Lessons,TJK 2010,wild,AFP,2010-05-01,23-Apr-2010,2010-04-23,2010,day,Tajikistan: Tursunzoda,,Tajikistan: Tursunzoda,AFP case,,,,,,,,2010,Tajikistan: Tursunzoda
KC880417,The 2010 Outbreak of Poliomyelitis in Tajikistan: the Nature andSome Lessons,TJK 2010,wild,AFP,2010-05-01,12-Apr-2010,2010-04-12,2010,day,Tajikistan: Hisor,,Tajikistan: Hisor,AFP case,,,,,,,,2010,Tajikistan: Hisor
KC880416,The 2010 Outbreak of Poliomyelitis in Tajikistan: the Nature andSome Lessons,TJK 2010,wild,AFP,2010-05-01,29-May-2010,2010-05-29,2010,day,Tajikistan: Shahrtuz,,Tajikistan: Shahrtuz,AFP case,,,,,,,,2010,Tajikistan: Shahrtuz
KC880415,The 2010 Outbreak of Poliomyelitis in Tajikistan: the Nature andSome Lessons,TJK 2010,wild,AFP,2010-05-01,31-May-2010,2010-05-31,2010,day,Tajikistan: Rudaki,,Tajikistan: Rudaki,AFP case,,,,,,,,2010,Tajikistan: Rudaki
KC880414,The 2010 Outbreak of Poliomyelitis in Tajikistan: the Nature andSome Lessons,TJK 2010,wild,AFP,2010-05-01,15-Apr-2010,2010-04-15,2010,day,Tajikistan: Hisor,,Tajikistan: Hisor,AFP case,,,,,,,,2010,Tajikistan: Hisor
KC880413,The 2010 Outbreak of Poliomyelitis in Tajikistan: the Nature andSome Lessons,TJK 2010,wild,AFP,2010-05-01,22-Apr-2010,2010-04-22,2010,day,Tajikistan: Hisor,,Tajikistan: Hisor,AFP case,,,,,,,,2010,Tajikistan: Hisor
KC880412,The 2010 Outbreak of Poliomyelitis in Tajikistan: the Nature andSome Lessons,TJK 2010,wild,AFP,2010-05-01,13-Apr-2010,2010-04-13,2010,day,Tajikistan: Hisor,,Tajikistan: Hisor,AFP case,,,,,,,,2010,Tajikistan: Hisor
KC880411,The 2010 Outbreak of Poliomyelitis in Tajikistan: the Nature andSome Lessons,TJK 2010,wild,AFP,2010-05-01,08-Apr-2010,2010-04-08,2010,day,Tajikistan: Shahrinaw,,Tajikistan: Shahrinaw,AFP case,,,,,,,,2010,Tajikistan: Shahrinaw
KC880410,The 2010 Outbreak of Poliomyelitis in Tajikistan: the Nature andSome Lessons,TJK 2010,wild,AFP,2010-05-01,30-Mar-2010,2010-03-30,2010,day,Tajikistan: Qabodiyon,,Tajikistan: Qabodiyon,AFP case,,,,,,,,2010,Tajikistan: Qabodiyon
KC880409,The 2010 Outbreak of Poliomyelitis in Tajikistan: the Nature andSome Lessons,TJK 2010,wild,AFP,2010-05-01,10-Mar-2010,2010-03-10,2010,day,Tajikistan: Hisor,,Tajikistan: Hisor,AFP case,,,,,,,,2010,Tajikistan: Hisor
KC880408,The 2010 Outbreak of Poliomyelitis in Tajikistan: the Nature andSome Lessons,TJK 2010,wild,AFP,2010-05-01,13-Mar-2010,2010-03-13,2010,day,Tajikistan: Hisor,,Tajikistan: Hisor,AFP case,,,,,,,,2010,Tajikistan: Hisor
KC880407,The 2010 Outbreak of Poliomyelitis in Tajikistan: the Nature andSome Lessons,TJK 2010,wild,AFP,2010-05-01,05-May-2010,2010-05-05,2010,day,Tajikistan: Jilikul,,Tajikistan: Jilikul,AFP case,,,,,,,,2010,Tajikistan: Jilikul
KC880406,The 2010 Outbreak of Poliomyelitis in Tajikistan: the Nature andSome Lessons,TJK 2010,wild,AFP,2010-05-01,31-Mar-2010,2010-03-31,2010,day,Tajikistan: Qabodiyon,,Tajikistan: Qabodiyon,AFP case,,,,,,,,2010,Tajikistan: Qabodiyon
KC880405,The 2010 Outbreak of Poliomyelitis in Tajikistan: the Nature andSome Lessons,TJK 2010,wild,AFP,2010-05-01,08-Apr-2010,2010-04-08,2010,day,Tajikistan: Hisor,,Tajikistan: Hisor,AFP case,,,,,,,,2010,Tajikistan: Hisor
KC880404,The 2010 Outbreak of Poliomyelitis in Tajikistan: the Nature andSome Lessons,TJK 2010,wild,AFP,2010-05-01,14-Apr-2010,2010-04-14,2010,day,Tajikistan: Vahdat,,Tajikistan: Vahdat,AFP case,,,,,,,,2010,Tajikistan: Vahdat
KC880403,The 2010 Outbreak of Poliomyelitis in Tajikistan: the Nature andSome Lessons,TJK 2010,wild,AFP,2010-05-01,01-Apr-2010,2010-04-01,2010,day,Tajikistan: Dushanbe,,Tajikistan: Dushanbe,AFP case,,,,,,,,2010,Tajikistan: Dushanbe
KC880402,The 2010 Outbreak of Poliomyelitis in Tajikistan: the Nature andSome Lessons,TJK 2010,wild,AFP,2010-05-01,19-Apr-2010,2010-04-19,2010,day,Tajikistan: Rasht,,Tajikistan: Rasht,AFP case,,,,,,,,2010,Tajikistan: Rasht
KC880401,The 2010 Outbreak of Poliomyelitis in Tajikistan: the Nature andSome Lessons,TJK 2010,wild,AFP,2010-05-01,18-Apr-2010,2010-04-18,2010,day,Tajikistan: Dushanbe,,Tajikistan: Dushanbe,AFP case,,,,,,,,2010,Tajikistan: Dushanbe
KC880400,The 2010 Outbreak of Poliomyelitis in Tajikistan: the Nature andSome Lessons,TJK 2010,wild,AFP,2010-05-01,20-Apr-2010,2010-04-20,2010,day,Tajikistan: Hisor,,Tajikistan: Hisor,AFP case,,,,,,,,2010,Tajikistan: Hisor
KC880399,The 2010 Outbreak of Poliomyelitis in Tajikistan: the Nature andSome Lessons,TJK 2010,wild,AFP,2010-05-01,24-Apr-2010,2010-04-24,2010,day,Tajikistan: Dushanbe,,Tajikistan: Dushanbe,AFP case,,,,,,,,2010,Tajikistan: Dushanbe
KC880398,The 2010 Outbreak of Poliomyelitis in Tajikistan: the Nature andSome Lessons,TJK 2010,wild,AFP,2010-05-01,04-Apr-2010,2010-04-04,2010,day,Tajikistan: Rudaki,,Tajikistan: Rudaki,AFP case,,,,,,,,2010,Tajikistan: Rudaki
KC880397,The 2010 Outbreak of Poliomyelitis in Tajikistan: the Nature andSome Lessons,TJK 2010,wild,AFP,2010-05-01,05-Apr-2010,2010-04-05,2010,day,Tajikistan: Qabodiyon,,Tajikistan: Qabodiyon,AFP case,,,,,,,,2010,Tajikistan: Qabodiyon
KC880396,The 2010 Outbreak of Poliomyelitis in Tajikistan: the Nature andSome Lessons,TJK 2010,wild,AFP,2010-05-01,12-Feb-2010,2010-02-12,2010,day,Tajikistan: Rudaki,,Tajikistan: Rudaki,AFP case,,,,,,,,2010,Tajikistan: Rudaki
KC880395,The 2010 Outbreak of Poliomyelitis in Tajikistan: the Nature andSome Lessons,TJK 2010,wild,AFP,2010-05-01,19-Apr-2010,2010-04-19,2010,day,Tajikistan: Faizobod,,Tajikistan: Faizobod,AFP case,,,,,,,,2010,Tajikistan: Faizobod
KC880394,The 2010 Outbreak of Poliomyelitis in Tajikistan: the Nature andSome Lessons,TJK 2010,wild,AFP,2010-05-01,13-Mar-2010,2010-03-13,2010,day,Tajikistan: Hisor,,Tajikistan: Hisor,AFP case,,,,,,,,2010,Tajikistan: Hisor
KC880393,The 2010 Outbreak of Poliomyelitis in Tajikistan: the Nature andSome Lessons,TJK 2010,wild,AFP,2010-05-01,15-Mar-2010,2010-03-15,2010,day,Tajikistan: Shahrtuz,,Tajikistan: Shahrtuz,AFP case,,,,,,,,2010,Tajikistan: Shahrtuz
KC880392,The 2010 Outbreak of Poliomyelitis in Tajikistan: the Nature andSome Lessons,TJK 2010,wild,AFP,2010-05-01,14-May-2010,2010-05-14,2010,day,Tajikistan: Varzob,,Tajikistan: Varzob,AFP case,,,,,,,,2010,Tajikistan: Varzob
KC880391,The 2010 Outbreak of Poliomyelitis in Tajikistan: the Nature andSome Lessons,TJK 2010,wild,AFP,2010-05-01,03-Mar-2010,2010-03-03,2010,day,Tajikistan: Rudaki,,Tajikistan: Rudaki,AFP case,,,,,,,,2010,Tajikistan: Rudaki
KC880390,The 2010 Outbreak of Poliomyelitis in Tajikistan: the Nature andSome Lessons,TJK 2010,wild,AFP,2010-05-01,08-Apr-2010,2010-04-08,2010,day,Tajikistan: Hisor,,Tajikistan: Hisor,AFP case,,,,,,,,2010,Tajikistan: Hisor
KC880389,The 2010 Outbreak of Poliomyelitis in Tajikistan: the Nature andSome Lessons,TJK 2010,wild,AFP,2010-05-01,18-Mar-2010,2010-03-18,2010,day,Tajikistan: Rudaki,,Tajikistan: Rudaki,AFP case,,,,,,,,2010,Tajikistan: Rudaki
KC880388,The 2010 Outbreak of Poliomyelitis in Tajikistan: the Nature andSome Lessons,TJK 2010,wild,AFP,2010-05-01,05-Mar-2010,2010-03-05,2010,day,Tajikistan: Hisor,,Tajikistan: Hisor,AFP case,,,,,,,,2010,Tajikistan: Hisor
KC880387,The 2010 Outbreak of Poliomyelitis in Tajikistan: the Nature andSome Lessons,TJK 2010,wild,AFP,2010-05-01,12-Apr-2010,2010-04-12,2010,day,Tajikistan: Varzob,,Tajikistan: Varzob,AFP case,,,,,,,,2010,Tajikistan: Varzob
KC880386,The 2010 Outbreak of Poliomyelitis in Tajikistan: the Nature andSome Lessons,TJK 2010,wild,AFP,2010-05-01,10-May-2010,2010-05-10,2010,day,Tajikistan: Ayni,,Tajikistan: Ayni,AFP case,,,,,,,,2010,Tajikistan: Ayni
KC880385,The 2010 Outbreak of Poliomyelitis in Tajikistan: the Nature andSome Lessons,TJK 2010,wild,AFP,2010-05-01,04-Apr-2010,2010-04-04,2010,day,Tajikistan: Shahrtuz,,Tajikistan: Shahrtuz,AFP case,,,,,,,,2010,Tajikistan: Shahrtuz
KC880384,The 2010 Outbreak of Poliomyelitis in Tajikistan: the Nature andSome Lessons,TJK 2010,wild,AFP,2010-05-01,20-May-2010,2010-05-20,2010,day,Tajikistan: Vahdat,,Tajikistan: Vahdat,AFP case,,,,,,,,2010,Tajikistan: Vahdat
KC880383,The 2010 Outbreak of Poliomyelitis in Tajikistan: the Nature andSome Lessons,TJK 2010,wild,AFP,2010-05-01,10-Apr-2010,2010-04-10,2010,day,Tajikistan: Dushanbe,,Tajikistan: Dushanbe,AFP case,,,,,,,,2010,Tajikistan: Dushanbe
KC800683,VP1 sequence analysis of poliovirus type 1 isolated in India,India 2008-2009,wild,AFP,2009-05-01,2009,,2009,year,India,,India,AFP case; feces,,,,,,,,2009,India
KC800682,VP1 sequence analysis of poliovirus type 1 isolated in India,India 2008-2009,wild,AFP,2009-05-01,2009,,2009,year,India,,India,AFP case; feces,,,,,,,,2009,India
KC800681,VP1 sequence analysis of poliovirus type 1 isolated in India,India 2008-2009,wild,AFP,2009-05-01,2009,,2009,year,India,,India,AFP case; feces,,,,,,,,2009,India
KC800680,VP1 sequence analysis of poliovirus type 1 isolated in India,India 2008-2009,wild,AFP,2009-05-01,2009,,2009,year,India,,India,AFP case; feces,,,,,,,,2009,India
KC800679,VP1 sequence analysis of poliovirus type 1 isolated in India,India 2008-2009,wild,AFP,2009-05-01,2009,,2009,year,India,,India,AFP case; feces,,,,,,,,2009,India
KC800678,VP1 sequence analysis of poliovirus type 1 isolated in India,India 2008-2009,wild,AFP,2009-05-01,2009,,2009,year,India,,India,AFP case; feces,,,,,,,,2009,India
KC800677,VP1 sequence analysis of poliovirus type 1 isolated in India,India 2008-2009,wild,AFP,2009-05-01,2009,,2009,year,India,,India,AFP case; feces,,,,,,,,2009,India
KC800676,VP1 sequence analysis of poliovirus type 1 isolated in India,India 2008-2009,wild,AFP,2009-05-01,2009,,2009,year,India,,India,AFP case; feces,,,,,,,,2009,India
KC800675,VP1 sequence analysis of poliovirus type 1 isolated in India,India 2008-2009,wild,AFP,2009-05-01,2009,,2009,year,India,,India,AFP case; feces,,,,,,,,2009,India
KC800674,VP1 sequence analysis of poliovirus type 1 isolated in India,India 2008-2009,wild,AFP,2009-05-01,2009,,2009,year,India,,India,AFP case; feces,,,,,,,,2009,India
KC800673,VP1 sequence analysis of poliovirus type 1 isolated in India,India 2008-2009,wild,AFP,2009-05-01,2009,,2009,year,India,,India,AFP case; feces,,,,,,,,2009,India
KC800672,VP1 sequence analysis of poliovirus type 1 isolated in India,India 2008-2009,wild,AFP,2009-05-01,2009,,2009,year,India,,India,AFP case; feces,,,,,,,,2009,India
KC800671,VP1 sequence analysis of poliovirus type 1 isolated in India,India 2008-2009,wild,AFP,2009-05-01,2009,,2009,year,India,,India,AFP case; feces,,,,,,,,2009,India
KC800670,VP1 sequence analysis of poliovirus type 1 isolated in India,India 2008-2009,wild,AFP,2009-05-01,2009,,2009,year,India,,India,AFP case; feces,,,,,,,,2009,India
KC800669,VP1 sequence analysis of poliovirus type 1 isolated in India,India 2008-2009,wild,AFP,2009-05-01,2009,,2009,year,India,,India,AFP case; feces,,,,,,,,2009,India
KC800668,VP1 sequence analysis of poliovirus type 1 isolated in India,India 2008-2009,wild,AFP,2009-05-01,2009,,2009,year,India,,India,AFP case; feces,,,,,,,,2009,India
KC800667,VP1 sequence analysis of poliovirus type 1 isolated in India,India 2008-2009,wild,AFP,2009-05-01,2008,,2008,year,India,,India,AFP case; feces,,,,,,,,2008,India
KC800666,VP1 sequence analysis of poliovirus type 1 isolated in India,India 2008-2009,wild,AFP,2009-05-01,2008,,2008,year,India,,India,AFP case; feces,,,,,,,,2008,India
KC800665,VP1 sequence analysis of poliovirus type 1 isolated in India,India 2008-2009,wild,AFP,2009-05-01,2008,,2008,year,India,,India,AFP case; feces,,,,,,,,2008,India
KC800664,VP1 sequence analysis of poliovirus type 1 isolated in India,India 2008-2009,wild,AFP,2009-05-01,2008,,2008,year,India,,India,AFP case; feces,,,,,,,,2008,India
KC800663,VP1 sequence analysis of poliovirus type 1 isolated in India,India 2008-2009,wild,AFP,2009-05-01,2008,,2008,year,India,,India,AFP case; feces,,,,,,,,2008,India
KC800662,VP1 sequence analysis of poliovirus type 1 isolated in India,India 2008-2009,wild,AFP,2009-05-01,2008,,2008,year,India,,India,AFP case; feces,,,,,,,,2008,India
JN393077,Interruption of poliovirus transmission in Ghana: molecular epidemiology of wild-type 1 poliovirus isolated from 1995 to 2008,Ghana 1995-2008,wild,AFP,1995-02-16,,,,unknown,Ghana,,Ghana,,2008,Ghana,NOR,ZTD,,gpei_epid_country_admin_year_case,GHA-NOR-ZTD-08-003,2008,Ghana
JN393076,Interruption of poliovirus transmission in Ghana: molecular epidemiology of wild-type 1 poliovirus isolated from 1995 to 2008,Ghana 1995-2008,wild,AFP,1995-04-28,,,,unknown,Ghana,,Ghana,,2008,Ghana,NOR,YEN,,gpei_epid_country_admin_year_case,GHA-NOR-YEN-08-002,2008,Ghana
JN393075,Interruption of poliovirus transmission in Ghana: molecular epidemiology of wild-type 1 poliovirus isolated from 1995 to 2008,Ghana 1995-2008,wild,AFP,1995-07-20,,,,unknown,Ghana,,Ghana,,2008,Ghana,NOR,YEN,,gpei_epid_country_admin_year_case,GHA-NOR-YEN-08-001,2008,Ghana
JN393074,Interruption of poliovirus transmission in Ghana: molecular epidemiology of wild-type 1 poliovirus isolated from 1995 to 2008,Ghana 1995-2008,wild,AFP,1995-08-13,,,,unknown,Ghana,,Ghana,,2008,Ghana,NOR,XXX,,gpei_epid_country_admin_year_case,GHA-NOR-XXX-08-001,2008,Ghana
JN393073,Interruption of poliovirus transmission in Ghana: molecular epidemiology of wild-type 1 poliovirus isolated from 1995 to 2008,Ghana 1995-2008,wild,AFP,1995-08-16,,,,unknown,Ghana,,Ghana,,2008,Ghana,NOR,SAN,,gpei_epid_country_admin_year_case,GHA-NOR-SAN-08-002B,2008,Ghana
JN393072,Interruption of poliovirus transmission in Ghana: molecular epidemiology of wild-type 1 poliovirus isolated from 1995 to 2008,Ghana 1995-2008,wild,AFP,1996-08-07,,,,unknown,Ghana,,Ghana,,2008,Ghana,NOR,TKD,,gpei_epid_country_admin_year_case,GHA-NOR-TKD-08-003,2008,Ghana
JN393071,Interruption of poliovirus transmission in Ghana: molecular epidemiology of wild-type 1 poliovirus isolated from 1995 to 2008,Ghana 1995-2008,wild,AFP,1997-01-18,,,,unknown,Ghana,,Ghana,,2008,Ghana,NOR,SAN,,gpei_epid_country_admin_year_case,GHA-NOR-SAN-08-002A,2008,Ghana
JN393070,Interruption of poliovirus transmission in Ghana: molecular epidemiology of wild-type 1 poliovirus isolated from 1995 to 2008,Ghana 1995-2008,wild,AFP,1997-04-04,,,,unknown,Ghana,,Ghana,,2008,Ghana,NOR,EMA,,gpei_epid_country_admin_year_case,GHA-NOR-EMA-08-005,2008,Ghana
JN393069,Interruption of poliovirus transmission in Ghana: molecular epidemiology of wild-type 1 poliovirus isolated from 1995 to 2008,Ghana 1995-2008,wild,AFP,1997-08-21,,,,unknown,Ghana,,Ghana,,2008,Ghana,NOR,SAC,,gpei_epid_country_admin_year_case,GHA-NOR-SAC-08-001,2008,Ghana
JN393068,Interruption of poliovirus transmission in Ghana: molecular epidemiology of wild-type 1 poliovirus isolated from 1995 to 2008,Ghana 1995-2008,wild,AFP,1997-11-26,,,,unknown,Ghana,,Ghana,,2003,Ghana,NOR,EAM,,gpei_epid_country_admin_year_case,GHA-NOR-EAM-03-001,2003,Ghana
JN393067,Interruption of poliovirus transmission in Ghana: molecular epidemiology of wild-type 1 poliovirus isolated from 1995 to 2008,Ghana 1995-2008,wild,AFP,1998-02-05,,,,unknown,Ghana,,Ghana,,2003,Ghana,EAS,KBR,,gpei_epid_country_admin_year_case,GHA-EAS-KBR-03-001,2003,Ghana
JN393066,Interruption of poliovirus transmission in Ghana: molecular epidemiology of wild-type 1 poliovirus isolated from 1995 to 2008,Ghana 1995-2008,wild,AFP,1998-03-23,,,,unknown,Ghana,,Ghana,,2003,Ghana,NOR,SAB,,gpei_epid_country_admin_year_case,HGHA-NOR-SAB-03-013,2003,Ghana
JN393065,Interruption of poliovirus transmission in Ghana: molecular epidemiology of wild-type 1 poliovirus isolated from 1995 to 2008,Ghana 1995-2008,wild,AFP,1998-08-16,,,,unknown,Ghana,,Ghana,,2003,Ghana,ASH,ATM,,gpei_epid_country_admin_year_case,GHA-ASH-ATM-03-001,2003,Ghana
JN393064,Interruption of poliovirus transmission in Ghana: molecular epidemiology of wild-type 1 poliovirus isolated from 1995 to 2008,Ghana 1995-2008,wild,AFP,1998-08-17,,,,unknown,Ghana,,Ghana,,2003,Ghana,NOR,GUK,,gpei_epid_country_admin_year_case,HGHA-NOR-GUK-03-010,2003,Ghana
JN393063,Interruption of poliovirus transmission in Ghana: molecular epidemiology of wild-type 1 poliovirus isolated from 1995 to 2008,Ghana 1995-2008,wild,AFP,1998-11-06,,,,unknown,Ghana,,Ghana,,2003,Ghana,NOR,GUK,,gpei_epid_country_admin_year_case,HGHA-NOR-GUK-03-089,2003,Ghana
JN393062,Interruption of poliovirus transmission in Ghana: molecular epidemiology of wild-type 1 poliovirus isolated from 1995 to 2008,Ghana 1995-2008,wild,AFP,1998-12-26,,,,unknown,Ghana,,Ghana,,2003,Ghana,NOR,YEN,,gpei_epid_country_admin_year_case,GHA-NOR-YEN-03-001,2003,Ghana
JN393061,Interruption of poliovirus transmission in Ghana: molecular epidemiology of wild-type 1 poliovirus isolated from 1995 to 2008,Ghana 1995-2008,wild,AFP,1999-03-28,,,,unknown,Ghana,,Ghana,,2003,Ghana,NOR,GUK,,gpei_epid_country_admin_year_case,HGHA-NOR-GUK-03-038,2003,Ghana
JN393060,Interruption of poliovirus transmission in Ghana: molecular epidemiology of wild-type 1 poliovirus isolated from 1995 to 2008,Ghana 1995-2008,wild,AFP,1999-06-23,,,,unknown,Ghana,,Ghana,,2003,Ghana,NOR,GUK,,gpei_epid_country_admin_year_case,HGHA-NOR-GUK-03-088,2003,Ghana
JN393059,Interruption of poliovirus transmission in Ghana: molecular epidemiology of wild-type 1 poliovirus isolated from 1995 to 2008,Ghana 1995-2008,wild,AFP,1999-09-28,,,,unknown,Ghana,,Ghana,,2003,Ghana,NOR,GUK,,gpei_epid_country_admin_year_case,HGHA-NOR-GUK-03-061,2003,Ghana
JN393058,Interruption of poliovirus transmission in Ghana: molecular epidemiology of wild-type 1 poliovirus isolated from 1995 to 2008,Ghana 1995-2008,wild,AFP,2000-04-02,,,,unknown,Ghana,,Ghana,,2003,Ghana,BAR,KPN,,gpei_epid_country_admin_year_case,GHA-BAR-KPN-03-002,2003,Ghana
JN393057,Interruption of poliovirus transmission in Ghana: molecular epidemiology of wild-type 1 poliovirus isolated from 1995 to 2008,Ghana 1995-2008,wild,AFP,2000-05-06,,,,unknown,Ghana,,Ghana,,2003,Ghana,NOR,GUK,,gpei_epid_country_admin_year_case,HGHA-NOR-GUK-03-071,2003,Ghana
JN393056,Interruption of poliovirus transmission in Ghana: molecular epidemiology of wild-type 1 poliovirus isolated from 1995 to 2008,Ghana 1995-2008,wild,AFP,2000-05-20,,,,unknown,Ghana,,Ghana,,2003,Ghana,GAR,ACC,,gpei_epid_country_admin_year_case,GHA-GAR-ACC-03-024,2003,Ghana
JN393055,Interruption of poliovirus transmission in Ghana: molecular epidemiology of wild-type 1 poliovirus isolated from 1995 to 2008,Ghana 1995-2008,wild,AFP,2000-10-05,,,,unknown,Ghana,,Ghana,,2003,Ghana,NOR,GUK,,gpei_epid_country_admin_year_case,HGHA-NOR-GUK-03-087,2003,Ghana
JN393054,Interruption of poliovirus transmission in Ghana: molecular epidemiology of wild-type 1 poliovirus isolated from 1995 to 2008,Ghana 1995-2008,wild,AFP,2001-04-20,,,,unknown,Ghana,,Ghana,,2003,Ghana,WES,JOM,,gpei_epid_country_admin_year_case,GHA-WES-JOM-03-001,2003,Ghana
JN393053,Interruption of poliovirus transmission in Ghana: molecular epidemiology of wild-type 1 poliovirus isolated from 1995 to 2008,Ghana 1995-2008,wild,AFP,2001-05-01,,,,unknown,Ghana,,Ghana,,2003,Ghana,NOR,SAB,,gpei_epid_country_admin_year_case,HGHA-NOR-SAB-03-035,2003,Ghana
JN393052,Interruption of poliovirus transmission in Ghana: molecular epidemiology of wild-type 1 poliovirus isolated from 1995 to 2008,Ghana 1995-2008,wild,AFP,2001-05-15,,,,unknown,Ghana,,Ghana,,2003,Ghana,NOR,GUK,,gpei_epid_country_admin_year_case,HGHA-NOR-GUK-03-090,2003,Ghana
JN393051,Interruption of poliovirus transmission in Ghana: molecular epidemiology of wild-type 1 poliovirus isolated from 1995 to 2008,Ghana 1995-2008,wild,AFP,2001-08-17,,,,unknown,Ghana,,Ghana,,2003,Ghana,NOR,GUK,,gpei_epid_country_admin_year_case,HGHA-NOR-GUK-03-052,2003,Ghana
JN393050,Interruption of poliovirus transmission in Ghana: molecular epidemiology of wild-type 1 poliovirus isolated from 1995 to 2008,Ghana 1995-2008,wild,AFP,2001-10-13,,,,unknown,Ghana,,Ghana,,2003,Ghana,NOR,GUK,,gpei_epid_country_admin_year_case,HGHA-NOR-GUK-03-072,2003,Ghana
JN393049,Interruption of poliovirus transmission in Ghana: molecular epidemiology of wild-type 1 poliovirus isolated from 1995 to 2008,Ghana 1995-2008,wild,AFP,2001-10-24,,,,unknown,Ghana,,Ghana,,2003,Ghana,NOR,GUK,,gpei_epid_country_admin_year_case,HGHA-NOR-GUK-03-060,2003,Ghana
JN393048,Interruption of poliovirus transmission in Ghana: molecular epidemiology of wild-type 1 poliovirus isolated from 1995 to 2008,Ghana 1995-2008,wild,AFP,2001-11-14,,,,unknown,Ghana,,Ghana,,2003,Ghana,NOR,GUK,,gpei_epid_country_admin_year_case,HGHA-NOR-GUK-03-014,2003,Ghana
JN393047,Interruption of poliovirus transmission in Ghana: molecular epidemiology of wild-type 1 poliovirus isolated from 1995 to 2008,Ghana 1995-2008,wild,AFP,2001-11-18,,,,unknown,Ghana,,Ghana,,2003,Ghana,NOR,GUK,,gpei_epid_country_admin_year_case,HGHA-NOR-GUK-03-011,2003,Ghana
JN393046,Interruption of poliovirus transmission in Ghana: molecular epidemiology of wild-type 1 poliovirus isolated from 1995 to 2008,Ghana 1995-2008,wild,AFP,2002-01-31,,,,unknown,Ghana,,Ghana,,2003,Ghana,NOR,EGO,,gpei_epid_country_admin_year_case,GHA-NOR-EGO-03-001,2003,Ghana
JN393045,Interruption of poliovirus transmission in Ghana: molecular epidemiology of wild-type 1 poliovirus isolated from 1995 to 2008,Ghana 1995-2008,wild,AFP,2002-05-01,,,,unknown,Ghana,,Ghana,,1998,Ghana,NOR,YEN,,gpei_epid_country_admin_year_case,GHA-NOR-YEN-98-003,1998,Ghana
JN393044,Interruption of poliovirus transmission in Ghana: molecular epidemiology of wild-type 1 poliovirus isolated from 1995 to 2008,Ghana 1995-2008,wild,AFP,2002-06-13,,,,unknown,Ghana,,Ghana,,1998,Ghana,NOR,YEN,,gpei_epid_country_admin_year_case,GHA-NOR-YEN-98-004,1998,Ghana
JN393043,Interruption of poliovirus transmission in Ghana: molecular epidemiology of wild-type 1 poliovirus isolated from 1995 to 2008,Ghana 1995-2008,wild,AFP,2002-08-24,,,,unknown,Ghana,,Ghana,,1998,Ghana,UPE,BOG,,gpei_epid_country_admin_year_case,GHA-UPE-BOG-98-002,1998,Ghana
JN393042,Interruption of poliovirus transmission in Ghana: molecular epidemiology of wild-type 1 poliovirus isolated from 1995 to 2008,Ghana 1995-2008,wild,AFP,2002-09-29,,,,unknown,Ghana,,Ghana,,1998,Ghana,NOR,TOK,,gpei_epid_country_admin_year_case,GHA-NOR-TOK-98-004,1998,Ghana
JN393041,Interruption of poliovirus transmission in Ghana: molecular epidemiology of wild-type 1 poliovirus isolated from 1995 to 2008,Ghana 1995-2008,wild,AFP,2002-10-04,,,,unknown,Ghana,,Ghana,,1998,Ghana,ASH,ATW,,gpei_epid_country_admin_year_case,GHA-ASH-ATW-98-002,1998,Ghana
JN393040,Interruption of poliovirus transmission in Ghana: molecular epidemiology of wild-type 1 poliovirus isolated from 1995 to 2008,Ghana 1995-2008,wild,AFP,2002-11-29,,,,unknown,Ghana,,Ghana,,1999,Ghana,NOR,BOL,,gpei_epid_country_admin_year_case,GHA-NOR-BOL-99-001,1999,Ghana
JN393039,Interruption of poliovirus transmission in Ghana: molecular epidemiology of wild-type 1 poliovirus isolated from 1995 to 2008,Ghana 1995-2008,wild,AFP,2003-01-18,,,,unknown,Ghana,,Ghana,,1998,Ghana,BAR,ATE,,gpei_epid_country_admin_year_case,GHA-BAR-ATE-98-003,1998,Ghana
JN393038,Interruption of poliovirus transmission in Ghana: molecular epidemiology of wild-type 1 poliovirus isolated from 1995 to 2008,Ghana 1995-2008,wild,AFP,2003-03-02,,,,unknown,Ghana,,Ghana,,1998,Ghana,NOR,EGO,,gpei_epid_country_admin_year_case,GHA-NOR-EGO-98-001,1998,Ghana
JN393037,Interruption of poliovirus transmission in Ghana: molecular epidemiology of wild-type 1 poliovirus isolated from 1995 to 2008,Ghana 1995-2008,wild,AFP,2003-04-27,,,,unknown,Ghana,,Ghana,,1998,Ghana,NOR,TAM,,gpei_epid_country_admin_year_case,GHA-NOR-TAM-98-002,1998,Ghana
JN393036,Interruption of poliovirus transmission in Ghana: molecular epidemiology of wild-type 1 poliovirus isolated from 1995 to 2008,Ghana 1995-2008,wild,AFP,2003-06-10,,,,unknown,Ghana,,Ghana,,1998,Ghana,NOR,SAN,,gpei_epid_country_admin_year_case,GHA-NOR-SAN-98-001,1998,Ghana
JN393035,Interruption of poliovirus transmission in Ghana: molecular epidemiology of wild-type 1 poliovirus isolated from 1995 to 2008,Ghana 1995-2008,wild,AFP,2003-10-13,,,,unknown,Ghana,,Ghana,,1998,Ghana,NOR,TOK,,gpei_epid_country_admin_year_case,GHA-NOR-TOK-98-002,1998,Ghana
JN393034,Interruption of poliovirus transmission in Ghana: molecular epidemiology of wild-type 1 poliovirus isolated from 1995 to 2008,Ghana 1995-2008,wild,AFP,2004-01-07,,,,unknown,Ghana,,Ghana,,1998,Ghana,NOR,YEN,,gpei_epid_country_admin_year_case,GHA-NOR-YEN-98-002,1998,Ghana
JN393033,Interruption of poliovirus transmission in Ghana: molecular epidemiology of wild-type 1 poliovirus isolated from 1995 to 2008,Ghana 1995-2008,wild,AFP,2004-04-20,,,,unknown,Ghana,,Ghana,,1998,Ghana,NOR,BOL,,gpei_epid_country_admin_year_case,GHA-NOR-BOL-98-001,1998,Ghana
JN393032,Interruption of poliovirus transmission in Ghana: molecular epidemiology of wild-type 1 poliovirus isolated from 1995 to 2008,Ghana 1995-2008,wild,AFP,2004-07-08,,,,unknown,Ghana,,Ghana,,1998,Ghana,ASH,KUM,,gpei_epid_country_admin_year_case,GHA-ASH-KUM-98-004,1998,Ghana
JN393031,Interruption of poliovirus transmission in Ghana: molecular epidemiology of wild-type 1 poliovirus isolated from 1995 to 2008,Ghana 1995-2008,wild,AFP,2004-07-23,,,,unknown,Ghana,,Ghana,,1998,Ghana,NOR,WGO,,gpei_epid_country_admin_year_case,GHA-NOR-WGO-98-004,1998,Ghana
JN393030,Interruption of poliovirus transmission in Ghana: molecular epidemiology of wild-type 1 poliovirus isolated from 1995 to 2008,Ghana 1995-2008,wild,AFP,2004-08-08,,,,unknown,Ghana,,Ghana,,1998,Ghana,BAR,ATE,,gpei_epid_country_admin_year_case,GHA-BAR-ATE-98-001,1998,Ghana
JN393029,Interruption of poliovirus transmission in Ghana: molecular epidemiology of wild-type 1 poliovirus isolated from 1995 to 2008,Ghana 1995-2008,wild,AFP,2004-12-04,,,,unknown,Ghana,,Ghana,,1998,Ghana,NOR,GUK,,gpei_epid_country_admin_year_case,GHA-NOR-GUK-98-001,1998,Ghana
JN393028,Interruption of poliovirus transmission in Ghana: molecular epidemiology of wild-type 1 poliovirus isolated from 1995 to 2008,Ghana 1995-2008,wild,AFP,2005-02-03,,,,unknown,Ghana,,Ghana,,1998,Ghana,NOR,WGO,,gpei_epid_country_admin_year_case,GHA-NOR-WGO-98-003,1998,Ghana
JN393027,Interruption of poliovirus transmission in Ghana: molecular epidemiology of wild-type 1 poliovirus isolated from 1995 to 2008,Ghana 1995-2008,wild,AFP,2005-09-16,,,,unknown,Ghana,,Ghana,,1998,Ghana,NOR,WGO,,gpei_epid_country_admin_year_case,GHA-NOR-WGO-98-005,1998,Ghana
JN393026,Interruption of poliovirus transmission in Ghana: molecular epidemiology of wild-type 1 poliovirus isolated from 1995 to 2008,Ghana 1995-2008,wild,AFP,2005-10-02,,,,unknown,Ghana,,Ghana,,2000,Ghana,NOR,BOL,,gpei_epid_country_admin_year_case,GHA-NOR-BOL-00-003,2000,Ghana
JN393025,Interruption of poliovirus transmission in Ghana: molecular epidemiology of wild-type 1 poliovirus isolated from 1995 to 2008,Ghana 1995-2008,wild,AFP,2005-11-15,,,,unknown,Ghana,,Ghana,,1997,Ghana,ASH,AAS,,gpei_epid_country_admin_year_case,GHA-ASH-AAS-97-001,1997,Ghana
JN393024,Interruption of poliovirus transmission in Ghana: molecular epidemiology of wild-type 1 poliovirus isolated from 1995 to 2008,Ghana 1995-2008,wild,AFP,2006-01-14,,,,unknown,Ghana,,Ghana,,1997,Ghana,ASH,AME,,gpei_epid_country_admin_year_case,GHA-ASH-AME-97-001,1997,Ghana
JN393023,Interruption of poliovirus transmission in Ghana: molecular epidemiology of wild-type 1 poliovirus isolated from 1995 to 2008,Ghana 1995-2008,wild,AFP,2006-02-04,,,,unknown,Ghana,,Ghana,,1996,Ghana,WES,BAB,,gpei_epid_country_admin_year_case,GHA-WES-BAB-96-002,1996,Ghana
JN393022,Interruption of poliovirus transmission in Ghana: molecular epidemiology of wild-type 1 poliovirus isolated from 1995 to 2008,Ghana 1995-2008,wild,AFP,2006-05-05,,,,unknown,Ghana,,Ghana,,1996,Ghana,GAR,ACC,,gpei_epid_country_admin_year_case,GHA-GAR-ACC-96-001,1996,Ghana
JN393021,Interruption of poliovirus transmission in Ghana: molecular epidemiology of wild-type 1 poliovirus isolated from 1995 to 2008,Ghana 1995-2008,wild,AFP,2006-05-15,,,,unknown,Ghana,,Ghana,,1996,Ghana,BAR,ATE,,gpei_epid_country_admin_year_case,GHA-BAR-ATE-96-001,1996,Ghana
JN393020,Interruption of poliovirus transmission in Ghana: molecular epidemiology of wild-type 1 poliovirus isolated from 1995 to 2008,Ghana 1995-2008,wild,AFP,2006-06-26,,,,unknown,Ghana,,Ghana,,1996,Ghana,GAR,ACC,,gpei_epid_country_admin_year_case,GHA-GAR-ACC-96-002,1996,Ghana
JN393019,Interruption of poliovirus transmission in Ghana: molecular epidemiology of wild-type 1 poliovirus isolated from 1995 to 2008,Ghana 1995-2008,wild,AFP,2006-11-25,,,,unknown,Ghana,,Ghana,,1996,Ghana,ASH,KUM,,gpei_epid_country_admin_year_case,GHA-ASH-KUM-96-001,1996,Ghana
JN393018,Interruption of poliovirus transmission in Ghana: molecular epidemiology of wild-type 1 poliovirus isolated from 1995 to 2008,Ghana 1995-2008,wild,AFP,2007-03-09,,,,unknown,Ghana,,Ghana,,1996,Ghana,CEN,AES,,gpei_epid_country_admin_year_case,GHA-CEN-AES-96-002,1996,Ghana
JN393017,Interruption of poliovirus transmission in Ghana: molecular epidemiology of wild-type 1 poliovirus isolated from 1995 to 2008,Ghana 1995-2008,wild,AFP,2007-04-02,,,,unknown,Ghana,,Ghana,,1996,Ghana,ASH,KEA,,gpei_epid_country_admin_year_case,GHA-ASH-KEA-96-002,1996,Ghana
JN393016,Interruption of poliovirus transmission in Ghana: molecular epidemiology of wild-type 1 poliovirus isolated from 1995 to 2008,Ghana 1995-2008,wild,AFP,2008-01-29,,,,unknown,Ghana,,Ghana,,1996,Ghana,ASH,KUM,,gpei_epid_country_admin_year_case,GHA-ASH-KUM-96-002,1996,Ghana
JN393015,Interruption of poliovirus transmission in Ghana: molecular epidemiology of wild-type 1 poliovirus isolated from 1995 to 2008,Ghana 1995-2008,wild,AFP,2008-03-17,,,,unknown,Ghana,,Ghana,,1995,Ghana,GAR,ACC,,gpei_epid_country_admin_year_case,GHA-GAR-ACC-95-001,1995,Ghana
JN393014,Interruption of poliovirus transmission in Ghana: molecular epidemiology of wild-type 1 poliovirus isolated from 1995 to 2008,Ghana 1995-2008,wild,AFP,2008-06-05,,,,unknown,Ghana,,Ghana,,1995,Ghana,VOL,HOV,,gpei_epid_country_admin_year_case,GHA-VOL-HOV-95-001,1995,Ghana
JN812638,Phylogenetic study of wild poliovirus that circulated inpre-eradication era in Brazil,Brazil 1986-1988,wild,AFP,1988-01-19,1986,,1986,year,Brazil,,Brazil,paralytic polio case,1986,Brazil,Rn,,,country_admin_slash_year,BRA-RN/86,1986,Brazil
JN812637,Phylogenetic study of wild poliovirus that circulated inpre-eradication era in Brazil,Brazil 1986-1988,wild,AFP,1987-12-08,1985,,1985,year,Brazil,,Brazil,paralytic polio case,1985,Brazil,Ba,,,country_admin_slash_year,BRA-BA/85,1985,Brazil
JN812636,Phylogenetic study of wild poliovirus that circulated inpre-eradication era in Brazil,Brazil 1986-1988,wild,AFP,1988-03-20,1988,,1988,year,Brazil,,Brazil,paralytic polio case,1985,Brazil,Pe,,,country_admin_slash_year,BRA-PE/85,1988,Brazil
JN812635,Phylogenetic study of wild poliovirus that circulated inpre-eradication era in Brazil,Brazil 1986-1988,wild,AFP,1988-01-31,1988,,1988,year,Brazil,,Brazil,paralytic polio case,1984,Brazil,Al,,,country_admin_slash_year,BRA-AL/84,1988,Brazil
JN812634,Phylogenetic study of wild poliovirus that circulated inpre-eradication era in Brazil,Brazil 1986-1988,wild,AFP,1988-07-01,1988,,1988,year,Brazil,,Brazil,paralytic polio case,1984,Brazil,Se,,,country_admin_slash_year,BRA-SE/84,1988,Brazil
JN812633,Phylogenetic study of wild poliovirus that circulated inpre-eradication era in Brazil,Brazil 1986-1988,wild,AFP,1987-03-24,1984,,1984,year,Brazil,,Brazil,paralytic polio case,1984,Brazil,Pe,,,country_admin_slash_year,BRA-PE/84,1984,Brazil
JN812632,Phylogenetic study of wild poliovirus that circulated inpre-eradication era in Brazil,Brazil 1986-1988,wild,AFP,1987-10-31,1982,,1982,year,Brazil,,Brazil,paralytic polio case,1982,Brazil,Pe,,,country_admin_slash_year,BRA-PE/82,1982,Brazil
JN812631,Phylogenetic study of wild poliovirus that circulated inpre-eradication era in Brazil,Brazil 1986-1988,wild,AFP,1987-05-12,1982,,1982,year,Brazil,,Brazil,paralytic polio case,1982,Brazil,Pe,,,country_admin_slash_year,BRA-PE/82,1982,Brazil
JN812630,Phylogenetic study of wild poliovirus that circulated inpre-eradication era in Brazil,Brazil 1986-1988,wild,AFP,1988-08-31,1981,,1981,year,Brazil,,Brazil,paralytic polio case,1981,Brazil,Pe,,,country_admin_slash_year,BRA-PE/81,1981,Brazil
JN812629,Phylogenetic study of wild poliovirus that circulated inpre-eradication era in Brazil,Brazil 1986-1988,wild,AFP,1987-02-14,1981,,1981,year,Brazil,,Brazil,paralytic polio case,1981,Brazil,Pe,,,country_admin_slash_year,BRA-PE/81,1981,Brazil
JN812628,Phylogenetic study of wild poliovirus that circulated inpre-eradication era in Brazil,Brazil 1986-1988,wild,AFP,1988-05-18,1981,,1981,year,Brazil,,Brazil,paralytic polio case,1981,Brazil,Sp,,,country_admin_slash_year,BRA-SP/81,1981,Brazil
JN812627,Phylogenetic study of wild poliovirus that circulated inpre-eradication era in Brazil,Brazil 1986-1988,wild,AFP,1988-02-27,1983,,1983,year,Brazil,,Brazil,paralytic polio case,1983,Brazil,Pe,,,country_admin_slash_year,BRA-PE/83,1983,Brazil
JN812626,Phylogenetic study of wild poliovirus that circulated inpre-eradication era in Brazil,Brazil 1986-1988,wild,AFP,1988-01-02,1986,,1986,year,Brazil,,Brazil,paralytic polio case,1986,Brazil,Mg,,,country_admin_slash_year,BRA-MG/86,1986,Brazil
JN812625,Phylogenetic study of wild poliovirus that circulated inpre-eradication era in Brazil,Brazil 1986-1988,wild,AFP,1988-10-25,1988,,1988,year,Brazil,,Brazil,paralytic polio case,1988,Brazil,Pe,,,country_admin_slash_year,BRA-PE/88,1988,Brazil
JN812624,Phylogenetic study of wild poliovirus that circulated inpre-eradication era in Brazil,Brazil 1986-1988,wild,AFP,1986-03-27,1988,,1988,year,Brazil,,Brazil,paralytic polio case,1988,Brazil,Pe,,,country_admin_slash_year,BRA-PE/88,1988,Brazil
JN812623,Phylogenetic study of wild poliovirus that circulated inpre-eradication era in Brazil,Brazil 1986-1988,wild,AFP,1987-08-03,1988,,1988,year,Brazil,,Brazil,paralytic polio case,1988,Brazil,Ba,,,country_admin_slash_year,BRA-BA/88,1988,Brazil
JN812622,Phylogenetic study of wild poliovirus that circulated inpre-eradication era in Brazil,Brazil 1986-1988,wild,AFP,1988-03-24,1988,,1988,year,Brazil,,Brazil,paralytic polio case,1988,Brazil,Ba,,,country_admin_slash_year,BRA-BA/88,1988,Brazil
JN812621,Phylogenetic study of wild poliovirus that circulated inpre-eradication era in Brazil,Brazil 1986-1988,wild,AFP,1986-10-12,1988,,1988,year,Brazil,,Brazil,paralytic polio case,1988,Brazil,Pb,,,country_admin_slash_year,BRA-PB/88,1988,Brazil
JN812620,Phylogenetic study of wild poliovirus that circulated inpre-eradication era in Brazil,Brazil 1986-1988,wild,AFP,1987-12-25,1988,,1988,year,Brazil,,Brazil,paralytic polio case,1988,Brazil,Ba,,,country_admin_slash_year,BRA-BA/88,1988,Brazil
JN812619,Phylogenetic study of wild poliovirus that circulated inpre-eradication era in Brazil,Brazil 1986-1988,wild,AFP,1988-10-11,1988,,1988,year,Brazil,,Brazil,paralytic polio case,1988,Brazil,Pe,,,country_admin_slash_year,BRA-PE/88,1988,Brazil
JN812618,Phylogenetic study of wild poliovirus that circulated inpre-eradication era in Brazil,Brazil 1986-1988,wild,AFP,1987-04-11,1988,,1988,year,Brazil,,Brazil,paralytic polio case,1988,Brazil,Pb,,,country_admin_slash_year,BRA-PB/88,1988,Brazil
JN812617,Phylogenetic study of wild poliovirus that circulated inpre-eradication era in Brazil,Brazil 1986-1988,wild,AFP,1988-08-23,1988,,1988,year,Brazil,,Brazil,paralytic polio case,1988,Brazil,Rn,,,country_admin_slash_year,BRA-RN/88,1988,Brazil
JN812616,Phylogenetic study of wild poliovirus that circulated inpre-eradication era in Brazil,Brazil 1986-1988,wild,AFP,1988-04-02,1988,,1988,year,Brazil,,Brazil,paralytic polio case,1988,Brazil,Rn,,,country_admin_slash_year,BRA-RN/88,1988,Brazil
JN812615,Phylogenetic study of wild poliovirus that circulated inpre-eradication era in Brazil,Brazil 1986-1988,wild,AFP,1986-01-01,1982,,1982,year,Brazil,,Brazil,paralytic polio case,1982,Brazil,Pr,,,country_admin_slash_year,BRA-PR/82,1982,Brazil
JN812614,Phylogenetic study of wild poliovirus that circulated inpre-eradication era in Brazil,Brazil 1986-1988,wild,AFP,1988-02-01,1982,,1982,year,Brazil,,Brazil,paralytic polio case,1982,Brazil,Pr,,,country_admin_slash_year,BRA-PR/82,1982,Brazil
JN812613,Phylogenetic study of wild poliovirus that circulated inpre-eradication era in Brazil,Brazil 1986-1988,wild,AFP,1986-03-01,1982,,1982,year,Brazil,,Brazil,paralytic polio case,1982,Brazil,Pr,,,country_admin_slash_year,BRA-PR/82,1982,Brazil
JN812612,Phylogenetic study of wild poliovirus that circulated inpre-eradication era in Brazil,Brazil 1986-1988,wild,AFP,1988-03-18,1982,,1982,year,Brazil,,Brazil,paralytic polio case,1982,Brazil,Pr,,,country_admin_slash_year,BRA-PR/82,1982,Brazil
JN812611,Phylogenetic study of wild poliovirus that circulated inpre-eradication era in Brazil,Brazil 1986-1988,wild,AFP,1986-07-26,1988,,1988,year,Brazil,,Brazil,paralytic polio case,1988,Brazil,Se,,,country_admin_slash_year,BRA-SE/88,1988,Brazil
JN812610,Phylogenetic study of wild poliovirus that circulated inpre-eradication era in Brazil,Brazil 1986-1988,wild,AFP,1986-06-24,1988,,1988,year,Brazil,,Brazil,paralytic polio case,1988,Brazil,Rn,,,country_admin_slash_year,BRA-RN/88,1988,Brazil
JN812609,Phylogenetic study of wild poliovirus that circulated inpre-eradication era in Brazil,Brazil 1986-1988,wild,AFP,1987-03-19,1988,,1988,year,Brazil,,Brazil,paralytic polio case,1988,Brazil,Se,,,country_admin_slash_year,BRA-SE/88,1988,Brazil
JN812608,Phylogenetic study of wild poliovirus that circulated inpre-eradication era in Brazil,Brazil 1986-1988,wild,AFP,1988-04-18,1988,,1988,year,Brazil,,Brazil,paralytic polio case,1988,Brazil,Rn,,,country_admin_slash_year,BRA-RN/88,1988,Brazil
JQ228564,Bioterrorism and surveillance for infectious diseases - lessonsfrom poliovirus and enteric virus surveillance,Middle East WPV 1991-1995,wild,environmental,1995-05-01,25-Jun-1995,1995-06-25,1995,day,Israel: Ashdod,,Israel: Ashdod,sewage,1995,Israel,,,,country_year_optional_case,ISR95,1995,Israel: Ashdod
JQ228563,Bioterrorism and surveillance for infectious diseases - lessonsfrom poliovirus and enteric virus surveillance,Middle East WPV 1991-1995,wild,environmental,1995-05-01,01-Mar-1995,1995-03-01,1995,day,Gaza Strip: Beit Lahia,,Gaza Strip: Beit Lahia,sewage,1995,Palestine,,,,country_year_optional_case,PAL95,1995,Gaza Strip: Beit Lahia
JQ228562,Bioterrorism and surveillance for infectious diseases - lessonsfrom poliovirus and enteric virus surveillance,Middle East WPV 1991-1995,wild,environmental,1995-05-01,01-Feb-1995,1995-02-01,1995,day,Gaza Strip: N. Gaza,,Gaza Strip: N. Gaza,sewage,1995,Palestine,,,,country_year_optional_case,PAL95,1995,Gaza Strip: N. Gaza
JQ228561,Bioterrorism and surveillance for infectious diseases - lessonsfrom poliovirus and enteric virus surveillance,Middle East WPV 1991-1995,wild,environmental,1995-05-01,01-Feb-1995,1995-02-01,1995,day,Gaza Strip: N. Gaza,,Gaza Strip: N. Gaza,sewage,1995,Palestine,,,,country_year_optional_case,PAL95,1995,Gaza Strip: N. Gaza
JQ228560,Bioterrorism and surveillance for infectious diseases - lessonsfrom poliovirus and enteric virus surveillance,Middle East WPV 1991-1995,wild,environmental,1995-05-01,01-Feb-1995,1995-02-01,1995,day,Gaza Strip: Sch. Raduan,,Gaza Strip: Sch. Raduan,sewage,1995,Palestine,,,,country_year_optional_case,PAL95,1995,Gaza Strip: Sch. Raduan
JQ228559,Bioterrorism and surveillance for infectious diseases - lessonsfrom poliovirus and enteric virus surveillance,Middle East WPV 1991-1995,wild,environmental,1995-05-01,10-Dec-1994,1994-12-10,1994,day,Gaza Strip: Rafah,,Gaza Strip: Rafah,sewage,1994,Palestine,,,,country_year_optional_case,PAL94,1994,Gaza Strip: Rafah
JQ228558,Bioterrorism and surveillance for infectious diseases - lessonsfrom poliovirus and enteric virus surveillance,Middle East WPV 1991-1995,wild,environmental,1995-05-01,10-Dec-1994,1994-12-10,1994,day,Gaza Strip: Rafah,,Gaza Strip: Rafah,sewage,1994,Palestine,,,,country_year_optional_case,PAL94,1994,Gaza Strip: Rafah
JQ228557,Bioterrorism and surveillance for infectious diseases - lessonsfrom poliovirus and enteric virus surveillance,Middle East WPV 1991-1995,wild,environmental,1994-05-01,10-Dec-1994,1994-12-10,1994,day,Gaza Strip: Beit Lahia,,Gaza Strip: Beit Lahia,sewage,1994,Palestine,,,,country_year_optional_case,PAL94,1994,Gaza Strip: Beit Lahia
JQ228556,Bioterrorism and surveillance for infectious diseases - lessonsfrom poliovirus and enteric virus surveillance,Middle East WPV 1991-1995,wild,environmental,1994-05-01,06-Oct-1994,1994-10-06,1994,day,Gaza Strip: Qualquila,,Gaza Strip: Qualquila,sewage,1994,Palestine,,,,country_year_optional_case,PAL94,1994,Gaza Strip: Qualquila
JQ228555,Bioterrorism and surveillance for infectious diseases - lessonsfrom poliovirus and enteric virus surveillance,Middle East WPV 1991-1995,wild,environmental,1994-05-01,06-Oct-1994,1994-10-06,1994,day,Gaza Strip: Qualquila,,Gaza Strip: Qualquila,sewage,1994,Palestine,,,,country_year_optional_case,PAL94,1994,Gaza Strip: Qualquila
JQ228554,Bioterrorism and surveillance for infectious diseases - lessonsfrom poliovirus and enteric virus surveillance,Middle East WPV 1991-1995,wild,environmental,1991-05-01,01-Sep-1991,1991-09-01,1991,day,Gaza Strip: Beit Lahia,,Gaza Strip: Beit Lahia,sewage,1991,Palestine,,,,country_year_optional_case,PAL91,1991,Gaza Strip: Beit Lahia
JQ228553,Bioterrorism and surveillance for infectious diseases - lessonsfrom poliovirus and enteric virus surveillance,Middle East WPV 1991-1995,wild,environmental,1991-05-01,01-Sep-1991,1991-09-01,1991,day,Gaza Strip: Beit Lahia,,Gaza Strip: Beit Lahia,sewage,1991,Palestine,,,,country_year_optional_case,PAL91,1991,Gaza Strip: Beit Lahia
JQ613997,Detection of imported wild polioviruses and of vaccine-derivedpolioviruses by environmental surveillance in egypt,ES in Egypt 2008 and 2010,wild,environmental,2008-12-30,30-Dec-2008,2008-12-30,2008,day,Egypt,,Egypt,sewage,2008,Egypt,,,,country_year_optional_case,EGY08,2008,Egypt
JQ613996,Detection of imported wild polioviruses and of vaccine-derivedpolioviruses by environmental surveillance in egypt,ES in Egypt 2008 and 2010,wild,environmental,2008-09-28,29-Sep-2008,2008-09-29,2008,day,Egypt,,Egypt,sewage,2008,Egypt,,,,country_year_optional_case,EGY08,2008,Egypt
JQ613982,Detection of imported wild polioviruses and of vaccine-derivedpolioviruses by environmental surveillance in egypt,ES in Egypt 2008 and 2010,wild,environmental,2010-12-21,21-Dec-2010,2010-12-21,2010,day,Egypt,,Egypt,sewage,2010,Egypt,,,,country_year_optional_case,EGY10,2010,Egypt
JQ906536,Genetic relationships and epidemiological links between wild type 1poliovirus isolates in Pakistan and Afghanistan,Afg-Pak 2005-2006,wild,AFP,2005-01-21,13-Sep-2006,2006-09-13,2006,day,Afghanistan,,Afghanistan,stool,2008,Afghanistan,Kandhar,,,gpei_slash_country_year,AFG/08/06/560_KANDHAR,2006,Afghanistan
JQ906535,Genetic relationships and epidemiological links between wild type 1poliovirus isolates in Pakistan and Afghanistan,Afg-Pak 2005-2006,wild,AFP,2005-01-25,2007,,2007,year,Afghanistan,,Afghanistan,stool,2008,Afghanistan,,,,gpei_slash_country_year,AFG/08/07/759_,2007,Afghanistan
JQ906534,Genetic relationships and epidemiological links between wild type 1poliovirus isolates in Pakistan and Afghanistan,Afg-Pak 2005-2006,wild,AFP,2005-02-05,25-Dec-2007,2007-12-25,2007,day,Afghanistan,,Afghanistan,stool,2008,Afghanistan,Helmand,,,gpei_slash_country_year,AFG/08/07/757_HELMAND,2007,Afghanistan
JQ906533,Genetic relationships and epidemiological links between wild type 1poliovirus isolates in Pakistan and Afghanistan,Afg-Pak 2005-2006,wild,AFP,2005-02-14,18-Jun-2007,2007-06-18,2007,day,Afghanistan,,Afghanistan,stool,2006,Afghanistan,Nangarhar,,,gpei_slash_country_year,AFG/06/07/578_NANGARHAR,2007,Afghanistan
JQ906532,Genetic relationships and epidemiological links between wild type 1poliovirus isolates in Pakistan and Afghanistan,Afg-Pak 2005-2006,wild,AFP,2005-02-19,26-May-2007,2007-05-26,2007,day,Afghanistan,,Afghanistan,stool,2006,Afghanistan,Lagman,,,gpei_slash_country_year,AFG/06/07/568_LAGMAN,2007,Afghanistan
JQ906531,Genetic relationships and epidemiological links between wild type 1poliovirus isolates in Pakistan and Afghanistan,Afg-Pak 2005-2006,wild,AFP,2005-02-24,16-Apr-2007,2007-04-16,2007,day,Afghanistan,,Afghanistan,stool,2008,Afghanistan,Kandhar,,,gpei_slash_country_year,AFG/08/07/645_KANDHAR,2007,Afghanistan
JQ906530,Genetic relationships and epidemiological links between wild type 1poliovirus isolates in Pakistan and Afghanistan,Afg-Pak 2005-2006,wild,AFP,2005-02-27,10-Apr-2007,2007-04-10,2007,day,Afghanistan,,Afghanistan,stool,2008,Afghanistan,Helmand,,,gpei_slash_country_year,AFG/08/07/641_HELMAND,2007,Afghanistan
JQ906529,Genetic relationships and epidemiological links between wild type 1poliovirus isolates in Pakistan and Afghanistan,Afg-Pak 2005-2006,wild,AFP,2005-03-12,28-Nov-2006,2006-11-28,2006,day,Afghanistan,,Afghanistan,stool,2001,Afghanistan,Baghan,,,gpei_slash_country_year,AFG/01/06/562_BAGHAN,2006,Afghanistan
JQ906528,Genetic relationships and epidemiological links between wild type 1poliovirus isolates in Pakistan and Afghanistan,Afg-Pak 2005-2006,wild,AFP,2005-04-06,29-Sep-2006,2006-09-29,2006,day,Afghanistan,,Afghanistan,stool,2006,Afghanistan,Nangarhar,,,gpei_slash_country_year,AFG/06/06/494_NANGARHAR,2006,Afghanistan
JQ906527,Genetic relationships and epidemiological links between wild type 1poliovirus isolates in Pakistan and Afghanistan,Afg-Pak 2005-2006,wild,AFP,2005-04-09,02-Sep-2006,2006-09-02,2006,day,Afghanistan,,Afghanistan,stool,2008,Afghanistan,Oruzgan,,,gpei_slash_country_year,AFG/08/06/581_ORUZGAN,2006,Afghanistan
JQ906526,Genetic relationships and epidemiological links between wild type 1poliovirus isolates in Pakistan and Afghanistan,Afg-Pak 2005-2006,wild,AFP,2005-04-14,07-Sep-2006,2006-09-07,2006,day,Afghanistan,,Afghanistan,stool,2008,Afghanistan,Oruzgan,,,gpei_slash_country_year,AFG/08/06/579_ORUZGAN,2006,Afghanistan
JQ906525,Genetic relationships and epidemiological links between wild type 1poliovirus isolates in Pakistan and Afghanistan,Afg-Pak 2005-2006,wild,AFP,2005-04-16,24-Jul-2006,2006-07-24,2006,day,Afghanistan,,Afghanistan,stool,2008,Afghanistan,Kandhar,,,gpei_slash_country_year,AFG/08/06/565_KANDHAR,2006,Afghanistan
JQ906524,Genetic relationships and epidemiological links between wild type 1poliovirus isolates in Pakistan and Afghanistan,Afg-Pak 2005-2006,wild,AFP,2005-04-30,27-Jul-2006,2006-07-27,2006,day,Afghanistan,,Afghanistan,stool,2008,Afghanistan,Kandhar,,,gpei_slash_country_year,AFG/08/06/556_KANDHAR,2006,Afghanistan
JQ906523,Genetic relationships and epidemiological links between wild type 1poliovirus isolates in Pakistan and Afghanistan,Afg-Pak 2005-2006,wild,AFP,2005-05-13,10-Jul-2006,2006-07-10,2006,day,Afghanistan,,Afghanistan,stool,2008,Afghanistan,Kandhar,,,gpei_slash_country_year,AFG/08/06/557_KANDHAR,2006,Afghanistan
JQ906522,Genetic relationships and epidemiological links between wild type 1poliovirus isolates in Pakistan and Afghanistan,Afg-Pak 2005-2006,wild,AFP,2005-05-16,17-Jun-2006,2006-06-17,2006,day,Afghanistan,,Afghanistan,stool,2008,Afghanistan,Kandhar,,,gpei_slash_country_year,AFG/08/06/552_KANDHAR,2006,Afghanistan
JQ906521,Genetic relationships and epidemiological links between wild type 1poliovirus isolates in Pakistan and Afghanistan,Afg-Pak 2005-2006,wild,AFP,2005-05-17,10-Jun-2006,2006-06-10,2006,day,Afghanistan,,Afghanistan,stool,2008,Afghanistan,Kandhar,,,gpei_slash_country_year,AFG/08/06/545_KANDHAR,2006,Afghanistan
JQ906520,Genetic relationships and epidemiological links between wild type 1poliovirus isolates in Pakistan and Afghanistan,Afg-Pak 2005-2006,wild,AFP,2005-05-24,2006,,2006,year,Afghanistan,,Afghanistan,stool,2008,Afghanistan,Ourzgan,,,gpei_slash_country_year,AFG/08/06/530_OURZGAN,2006,Afghanistan
JQ906519,Genetic relationships and epidemiological links between wild type 1poliovirus isolates in Pakistan and Afghanistan,Afg-Pak 2005-2006,wild,AFP,2005-05-25,19-Jun-2006,2006-06-19,2006,day,Afghanistan,,Afghanistan,stool,2008,Afghanistan,Helmand,,,gpei_slash_country_year,AFG/08/06/543_HELMAND,2006,Afghanistan
JQ906518,Genetic relationships and epidemiological links between wild type 1poliovirus isolates in Pakistan and Afghanistan,Afg-Pak 2005-2006,wild,AFP,2005-06-12,12-Jun-2006,2006-06-12,2006,day,Afghanistan,,Afghanistan,stool,2008,Afghanistan,Helmand,,,gpei_slash_country_year,AFG/08/06/540_HELMAND,2006,Afghanistan
JQ906517,Genetic relationships and epidemiological links between wild type 1poliovirus isolates in Pakistan and Afghanistan,Afg-Pak 2005-2006,wild,AFP,2005-06-14,15-Jun-2006,2006-06-15,2006,day,Afghanistan,,Afghanistan,stool,2008,Afghanistan,Helmand,,,gpei_slash_country_year,AFG/08/06/541_HELMAND,2006,Afghanistan
JQ906516,Genetic relationships and epidemiological links between wild type 1poliovirus isolates in Pakistan and Afghanistan,Afg-Pak 2005-2006,wild,AFP,2005-06-17,2006,,2006,year,Afghanistan,,Afghanistan,stool,2003,Afghanistan,,,,gpei_slash_country_year,AFG/03/06/611_,2006,Afghanistan
JQ906515,Genetic relationships and epidemiological links between wild type 1poliovirus isolates in Pakistan and Afghanistan,Afg-Pak 2005-2006,wild,AFP,2005-06-25,2006,,2006,year,Afghanistan,,Afghanistan,stool,2003,Afghanistan,,,,gpei_slash_country_year,AFG/03/06/611_,2006,Afghanistan
JQ906514,Genetic relationships and epidemiological links between wild type 1poliovirus isolates in Pakistan and Afghanistan,Afg-Pak 2005-2006,wild,AFP,2005-06-28,08-Jun-2006,2006-06-08,2006,day,Afghanistan,,Afghanistan,stool,2008,Afghanistan,Kandhar,,,gpei_slash_country_year,AFG/08/06/532_KANDHAR,2006,Afghanistan
JQ906513,Genetic relationships and epidemiological links between wild type 1poliovirus isolates in Pakistan and Afghanistan,Afg-Pak 2005-2006,wild,AFP,2005-06-29,26-May-2006,2006-05-26,2006,day,Afghanistan,,Afghanistan,stool,2008,Afghanistan,Kandhar,,,gpei_slash_country_year,AFG/08/06/528_KANDHAR,2006,Afghanistan
JQ906512,Genetic relationships and epidemiological links between wild type 1poliovirus isolates in Pakistan and Afghanistan,Afg-Pak 2005-2006,wild,AFP,2005-07-08,23-May-2006,2006-05-23,2006,day,Afghanistan,,Afghanistan,stool,2003,Afghanistan,Farah,,,gpei_slash_country_year,AFG/03/06/611_FARAH,2006,Afghanistan
JQ906511,Genetic relationships and epidemiological links between wild type 1poliovirus isolates in Pakistan and Afghanistan,Afg-Pak 2005-2006,wild,AFP,2005-07-09,17-May-2006,2006-05-17,2006,day,Afghanistan,,Afghanistan,stool,2008,Afghanistan,Zabul,,,gpei_slash_country_year,AFG/08/06/524_ZABUL,2006,Afghanistan
JQ906510,Genetic relationships and epidemiological links between wild type 1poliovirus isolates in Pakistan and Afghanistan,Afg-Pak 2005-2006,wild,AFP,2005-07-14,18-May-2006,2006-05-18,2006,day,Afghanistan,,Afghanistan,stool,2008,Afghanistan,Oruzgan,,,gpei_slash_country_year,AFG/08/06/523_ORUZGAN,2006,Afghanistan
JQ906509,Genetic relationships and epidemiological links between wild type 1poliovirus isolates in Pakistan and Afghanistan,Afg-Pak 2005-2006,wild,AFP,2005-07-19,04-May-2006,2006-05-04,2006,day,Afghanistan,,Afghanistan,stool,2008,Afghanistan,Kandhar,,,gpei_slash_country_year,AFG/08/06/518_KANDHAR,2006,Afghanistan
JQ906508,Genetic relationships and epidemiological links between wild type 1poliovirus isolates in Pakistan and Afghanistan,Afg-Pak 2005-2006,wild,AFP,2005-07-25,10-May-2006,2006-05-10,2006,day,Afghanistan,,Afghanistan,stool,2008,Afghanistan,Helmand,,,gpei_slash_country_year,AFG/08/06/517_HELMAND,2006,Afghanistan
JQ906507,Genetic relationships and epidemiological links between wild type 1poliovirus isolates in Pakistan and Afghanistan,Afg-Pak 2005-2006,wild,AFP,2005-07-28,01-May-2006,2006-05-01,2006,day,Afghanistan,,Afghanistan,stool,2008,Afghanistan,Kandhar,,,gpei_slash_country_year,AFG/08/06/509_KANDHAR,2006,Afghanistan
JQ906506,Genetic relationships and epidemiological links between wild type 1poliovirus isolates in Pakistan and Afghanistan,Afg-Pak 2005-2006,wild,AFP,2005-07-31,18-Jan-2006,2006-01-18,2006,day,Afghanistan,,Afghanistan,stool,2008,Afghanistan,Kandhar,,,gpei_slash_country_year,AFG/08/06/458_KANDHAR,2006,Afghanistan
JQ906505,Genetic relationships and epidemiological links between wild type 1poliovirus isolates in Pakistan and Afghanistan,Afg-Pak 2005-2006,wild,AFP,2005-08-04,24-Jul-2006,2006-07-24,2006,day,Afghanistan,,Afghanistan,stool,2008,Afghanistan,Helmand,,,gpei_slash_country_year,AFG/08/06/508_HELMAND,2006,Afghanistan
JQ906504,Genetic relationships and epidemiological links between wild type 1poliovirus isolates in Pakistan and Afghanistan,Afg-Pak 2005-2006,wild,AFP,2005-08-06,08-Mar-2006,2006-03-08,2006,day,Afghanistan,,Afghanistan,stool,2008,Afghanistan,Kandhar,,,gpei_slash_country_year,AFG/08/06/490_KANDHAR,2006,Afghanistan
JQ906503,Genetic relationships and epidemiological links between wild type 1poliovirus isolates in Pakistan and Afghanistan,Afg-Pak 2005-2006,wild,AFP,2005-08-19,19-Mar-2006,2006-03-19,2006,day,Afghanistan,,Afghanistan,stool,2008,Afghanistan,Kandhar,,,gpei_slash_country_year,AFG/08/06/487_KANDHAR,2006,Afghanistan
JQ906502,Genetic relationships and epidemiological links between wild type 1poliovirus isolates in Pakistan and Afghanistan,Afg-Pak 2005-2006,wild,AFP,2005-08-24,10-Feb-2006,2006-02-10,2006,day,Afghanistan,,Afghanistan,stool,2008,Afghanistan,Kandhar,,,gpei_slash_country_year,AFG/08/06/465_KANDHAR,2006,Afghanistan
JQ906501,Genetic relationships and epidemiological links between wild type 1poliovirus isolates in Pakistan and Afghanistan,Afg-Pak 2005-2006,wild,AFP,2005-09-10,08-Feb-2006,2006-02-08,2006,day,Afghanistan,,Afghanistan,stool,2008,Afghanistan,Kandhar,,,gpei_slash_country_year,AFG/08/06/463_KANDHAR,2006,Afghanistan
JQ906500,Genetic relationships and epidemiological links between wild type 1poliovirus isolates in Pakistan and Afghanistan,Afg-Pak 2005-2006,wild,AFP,2005-09-22,04-Feb-2006,2006-02-04,2006,day,Afghanistan,,Afghanistan,stool,2008,Afghanistan,Kandhar,,,gpei_slash_country_year,AFG/08/06/461_KANDHAR,2006,Afghanistan
JQ906499,Genetic relationships and epidemiological links between wild type 1poliovirus isolates in Pakistan and Afghanistan,Afg-Pak 2005-2006,wild,AFP,2005-09-23,08-Mar-2006,2006-03-08,2006,day,Afghanistan,,Afghanistan,stool,2008,Afghanistan,Kandhar,,,gpei_slash_country_year,AFG/08/06/490_KANDHAR,2006,Afghanistan
JQ906498,Genetic relationships and epidemiological links between wild type 1poliovirus isolates in Pakistan and Afghanistan,Afg-Pak 2005-2006,wild,AFP,2005-09-24,30-Dec-2005,2005-12-30,2005,day,Afghanistan,,Afghanistan,stool,2008,Afghanistan,Kandhar,,,gpei_slash_country_year,AFG/08/05/456_KANDHAR,2005,Afghanistan
JQ906497,Genetic relationships and epidemiological links between wild type 1poliovirus isolates in Pakistan and Afghanistan,Afg-Pak 2005-2006,wild,AFP,2005-09-26,11-Dec-2005,2005-12-11,2005,day,Afghanistan,,Afghanistan,stool,2008,Afghanistan,Helmand,,,gpei_slash_country_year,AFG/08/05/439_HELMAND,2005,Afghanistan
JQ906496,Genetic relationships and epidemiological links between wild type 1poliovirus isolates in Pakistan and Afghanistan,Afg-Pak 2005-2006,wild,AFP,2005-09-29,06-Nov-2005,2005-11-06,2005,day,Afghanistan,,Afghanistan,stool,2008,Afghanistan,Helmand,,,gpei_slash_country_year,AFG/08/05/427_HELMAND,2005,Afghanistan
JQ906495,Genetic relationships and epidemiological links between wild type 1poliovirus isolates in Pakistan and Afghanistan,Afg-Pak 2005-2006,wild,AFP,2005-10-07,29-Oct-2005,2005-10-29,2005,day,Afghanistan,,Afghanistan,stool,2008,Afghanistan,Helmand,,,gpei_slash_country_year,AFG/08/05/425_HELMAND,2005,Afghanistan
JQ906494,Genetic relationships and epidemiological links between wild type 1poliovirus isolates in Pakistan and Afghanistan,Afg-Pak 2005-2006,wild,AFP,2005-10-11,2005,,2005,year,Afghanistan,,Afghanistan,stool,2006,Afghanistan,,,,gpei_slash_country_year,AFG/06/05/375_,2005,Afghanistan
JQ906493,Genetic relationships and epidemiological links between wild type 1poliovirus isolates in Pakistan and Afghanistan,Afg-Pak 2005-2006,wild,AFP,2005-10-12,2005,,2005,year,Afghanistan,,Afghanistan,stool,2006,Afghanistan,,,,gpei_slash_country_year,AFG/06/05/375_,2005,Afghanistan
JQ906492,Genetic relationships and epidemiological links between wild type 1poliovirus isolates in Pakistan and Afghanistan,Afg-Pak 2005-2006,wild,AFP,2005-10-18,27-Jun-2007,2007-06-27,2007,day,Pakistan,,Pakistan,stool,2007,Pakistan,NW,Australia,,pakistan_slash_region_year,NW/24/07/800_AUSTRALIA,2007,Pakistan
JQ906491,Genetic relationships and epidemiological links between wild type 1poliovirus isolates in Pakistan and Afghanistan,Afg-Pak 2005-2006,wild,AFP,2005-10-24,22-Jul-2005,2005-07-22,2005,day,Pakistan,,Pakistan,stool,2005,Pakistan,BN,Musakhel,healthy_contact,pakistan_slash_region_year,BN/24/05/003_MUSAKHEL_C2,2005,Pakistan
JQ906490,Genetic relationships and epidemiological links between wild type 1poliovirus isolates in Pakistan and Afghanistan,Afg-Pak 2005-2006,wild,AFP,2005-10-28,27-Mar-2005,2005-03-27,2005,day,Pakistan,,Pakistan,stool,2005,Pakistan,BN,Sibi,,pakistan_slash_region_year,BN/31/05/005_SIBI,2005,Pakistan
JQ906489,Genetic relationships and epidemiological links between wild type 1poliovirus isolates in Pakistan and Afghanistan,Afg-Pak 2005-2006,wild,AFP,2005-10-31,29-Jan-2005,2005-01-29,2005,day,Pakistan,,Pakistan,stool,2005,Pakistan,PB,Multan,,pakistan_slash_region_year,PB/61/05/005_MULTAN,2005,Pakistan
JQ906488,Genetic relationships and epidemiological links between wild type 1poliovirus isolates in Pakistan and Afghanistan,Afg-Pak 2005-2006,wild,AFP,2005-11-07,29-Sep-2005,2005-09-29,2005,day,Pakistan,,Pakistan,stool,2005,Pakistan,SD,Larkana,,pakistan_slash_region_year,SD/51/05/037_LARKANA,2005,Pakistan
JQ906487,Genetic relationships and epidemiological links between wild type 1poliovirus isolates in Pakistan and Afghanistan,Afg-Pak 2005-2006,wild,AFP,2005-11-11,25-Jul-2005,2005-07-25,2005,day,Pakistan,,Pakistan,stool,2005,Pakistan,SD,Ghotki,,pakistan_slash_region_year,SD/42/05/017_GHOTKI,2005,Pakistan
JQ906486,Genetic relationships and epidemiological links between wild type 1poliovirus isolates in Pakistan and Afghanistan,Afg-Pak 2005-2006,wild,AFP,2005-11-15,24-Jun-2007,2007-06-24,2007,day,Pakistan,,Pakistan,stool,2007,Pakistan,NW,Peshawar,,pakistan_slash_region_year,NW/30/07/058_PESHAWAR,2007,Pakistan
JQ906485,Genetic relationships and epidemiological links between wild type 1poliovirus isolates in Pakistan and Afghanistan,Afg-Pak 2005-2006,wild,AFP,2005-11-18,28-Jul-2006,2006-07-28,2006,day,Pakistan,,Pakistan,stool,2006,Pakistan,NW,Bannu,,pakistan_slash_region_year,NW/61/06/024_BANNU,2006,Pakistan
JQ906484,Genetic relationships and epidemiological links between wild type 1poliovirus isolates in Pakistan and Afghanistan,Afg-Pak 2005-2006,wild,AFP,2005-11-30,22-Dec-2007,2007-12-22,2007,day,Pakistan,,Pakistan,stool,2007,Pakistan,NW,Khyber,,pakistan_slash_region_year,NW/34/07/036_KHYBER,2007,Pakistan
JQ906483,Genetic relationships and epidemiological links between wild type 1poliovirus isolates in Pakistan and Afghanistan,Afg-Pak 2005-2006,wild,AFP,2005-12-04,21-Dec-2007,2007-12-21,2007,day,Pakistan,,Pakistan,stool,2007,Pakistan,NW,Mardan,,pakistan_slash_region_year,NW/40/07/089_MARDAN,2007,Pakistan
JQ906482,Genetic relationships and epidemiological links between wild type 1poliovirus isolates in Pakistan and Afghanistan,Afg-Pak 2005-2006,wild,AFP,2005-12-08,15-Dec-2007,2007-12-15,2007,day,Pakistan,,Pakistan,stool,2007,Pakistan,NW,Mardan,,pakistan_slash_region_year,NW/40/07/088_MARDAN,2007,Pakistan
JQ906481,Genetic relationships and epidemiological links between wild type 1poliovirus isolates in Pakistan and Afghanistan,Afg-Pak 2005-2006,wild,AFP,2005-12-11,16-Dec-2007,2007-12-16,2007,day,Pakistan,,Pakistan,stool,2007,Pakistan,NW,Mardan,,pakistan_slash_region_year,NW/40/07/086_MARDAN,2007,Pakistan
JQ906480,Genetic relationships and epidemiological links between wild type 1poliovirus isolates in Pakistan and Afghanistan,Afg-Pak 2005-2006,wild,AFP,2005-12-12,12-Nov-2007,2007-11-12,2007,day,Pakistan,,Pakistan,stool,2007,Pakistan,NW,Mardan,,pakistan_slash_region_year,NW/40/07/082_MARDAN,2007,Pakistan
JQ906479,Genetic relationships and epidemiological links between wild type 1poliovirus isolates in Pakistan and Afghanistan,Afg-Pak 2005-2006,wild,AFP,2005-12-29,20-Oct-2006,2006-10-20,2006,day,Pakistan,,Pakistan,stool,2006,Pakistan,NW,Khyber,,pakistan_slash_region_year,NW/34/06/021_KHYBER,2006,Pakistan
JQ906478,Genetic relationships and epidemiological links between wild type 1poliovirus isolates in Pakistan and Afghanistan,Afg-Pak 2005-2006,wild,AFP,2006-01-19,10-Jul-2006,2006-07-10,2006,day,Pakistan,,Pakistan,stool,2006,Pakistan,NW,Bannu,,pakistan_slash_region_year,NW/61/06/036_BANNU,2006,Pakistan
JQ906477,Genetic relationships and epidemiological links between wild type 1poliovirus isolates in Pakistan and Afghanistan,Afg-Pak 2005-2006,wild,AFP,2006-01-26,09-Mar-2006,2006-03-09,2006,day,Pakistan,,Pakistan,stool,2006,Pakistan,NW,,,pakistan_slash_region_year,NW/64/06/006_,2006,Pakistan
JQ906476,Genetic relationships and epidemiological links between wild type 1poliovirus isolates in Pakistan and Afghanistan,Afg-Pak 2005-2006,wild,AFP,2006-01-28,25-Jul-2006,2006-07-25,2006,day,Pakistan,,Pakistan,stool,2006,Pakistan,NW,Bannu,,pakistan_slash_region_year,NW/61/06/027_BANNU,2006,Pakistan
JQ906475,Genetic relationships and epidemiological links between wild type 1poliovirus isolates in Pakistan and Afghanistan,Afg-Pak 2005-2006,wild,AFP,2006-01-31,26-Aug-2006,2006-08-26,2006,day,Pakistan,,Pakistan,stool,2006,Pakistan,NW,Lakkimarwat,,pakistan_slash_region_year,NW/62/06/024_LAKKIMARWAT,2006,Pakistan
JQ906474,Genetic relationships and epidemiological links between wild type 1poliovirus isolates in Pakistan and Afghanistan,Afg-Pak 2005-2006,wild,AFP,2006-02-01,25-May-2006,2006-05-25,2006,day,Pakistan,,Pakistan,stool,2006,Pakistan,NW,Bannu,,pakistan_slash_region_year,NW/61/06/019_BANNU,2006,Pakistan
JQ906473,Genetic relationships and epidemiological links between wild type 1poliovirus isolates in Pakistan and Afghanistan,Afg-Pak 2005-2006,wild,AFP,2006-02-13,18-May-2006,2006-05-18,2006,day,Pakistan,,Pakistan,stool,2006,Pakistan,NW,Bannu,healthy_contact,pakistan_slash_region_year,NW/61/06/016_BANNU_C2,2006,Pakistan
JQ906472,Genetic relationships and epidemiological links between wild type 1poliovirus isolates in Pakistan and Afghanistan,Afg-Pak 2005-2006,wild,AFP,2006-02-14,13-Sep-2006,2006-09-13,2006,day,Pakistan,,Pakistan,stool,2006,Pakistan,NW,,,pakistan_slash_region_year,NW/64/06/008_,2006,Pakistan
JQ906471,Genetic relationships and epidemiological links between wild type 1poliovirus isolates in Pakistan and Afghanistan,Afg-Pak 2005-2006,wild,AFP,2006-02-27,15-Oct-2005,2005-10-15,2005,day,Pakistan,,Pakistan,stool,2005,Pakistan,NW,Peshawar,,pakistan_slash_region_year,NW/30/05/098_PESHAWAR,2005,Pakistan
JQ906470,Genetic relationships and epidemiological links between wild type 1poliovirus isolates in Pakistan and Afghanistan,Afg-Pak 2005-2006,wild,AFP,2006-03-05,07-Nov-2005,2005-11-07,2005,day,Pakistan,,Pakistan,stool,2005,Pakistan,NW,Bajour,,pakistan_slash_region_year,NW/33/05/029_BAJOUR,2005,Pakistan
JQ906469,Genetic relationships and epidemiological links between wild type 1poliovirus isolates in Pakistan and Afghanistan,Afg-Pak 2005-2006,wild,AFP,2006-03-06,02-Aug-2005,2005-08-02,2005,day,Pakistan,,Pakistan,stool,2005,Pakistan,NW,Bajour,,pakistan_slash_region_year,NW/33/05/014_BAJOUR,2005,Pakistan
JQ906468,Genetic relationships and epidemiological links between wild type 1poliovirus isolates in Pakistan and Afghanistan,Afg-Pak 2005-2006,wild,AFP,2006-03-22,11-Jan-2005,2005-01-11,2005,day,Pakistan,,Pakistan,stool,2005,Pakistan,NW,Peshawar,,pakistan_slash_region_year,NW/30/05/001_PESHAWAR,2005,Pakistan
JQ906467,Genetic relationships and epidemiological links between wild type 1poliovirus isolates in Pakistan and Afghanistan,Afg-Pak 2005-2006,wild,AFP,2006-03-23,23-Nov-2007,2007-11-23,2007,day,Pakistan,,Pakistan,stool,2007,Pakistan,BN,Lasbella,,pakistan_slash_region_year,BN/55/07/011_LASBELLA,2007,Pakistan
JQ906466,Genetic relationships and epidemiological links between wild type 1poliovirus isolates in Pakistan and Afghanistan,Afg-Pak 2005-2006,wild,AFP,2006-03-24,21-Nov-2007,2007-11-21,2007,day,Pakistan,,Pakistan,stool,2007,Pakistan,,,,geo_loc_slash_or_dash_year,NW65/07,2007,Pakistan
JQ906465,Genetic relationships and epidemiological links between wild type 1poliovirus isolates in Pakistan and Afghanistan,Afg-Pak 2005-2006,wild,AFP,2006-03-26,14-May-2007,2007-05-14,2007,day,Pakistan,,Pakistan,stool,2007,Pakistan,NW,Nowshera,,pakistan_slash_region_year,NW/32/07/024_NOWSHERA,2007,Pakistan
JQ906464,Genetic relationships and epidemiological links between wild type 1poliovirus isolates in Pakistan and Afghanistan,Afg-Pak 2005-2006,wild,AFP,2006-04-06,30-Jan-2007,2007-01-30,2007,day,Pakistan,,Pakistan,stool,2007,Pakistan,NW,Khyber,,pakistan_slash_region_year,NW/34/07/001_KHYBER,2007,Pakistan
JQ906463,Genetic relationships and epidemiological links between wild type 1poliovirus isolates in Pakistan and Afghanistan,Afg-Pak 2005-2006,wild,AFP,2006-04-09,2007,,2007,year,Pakistan,,Pakistan,stool,2007,Pakistan,SD,,,pakistan_slash_region_year,SD/55/07/042_,2007,Pakistan
JQ906462,Genetic relationships and epidemiological links between wild type 1poliovirus isolates in Pakistan and Afghanistan,Afg-Pak 2005-2006,wild,AFP,2006-04-17,11-Aug-2007,2007-08-11,2007,day,Pakistan,,Pakistan,stool,2007,Pakistan,SD,Kamber,healthy_contact,pakistan_slash_region_year,SD/55/07/042_KAMBER_C1,2007,Pakistan
JQ906461,Genetic relationships and epidemiological links between wild type 1poliovirus isolates in Pakistan and Afghanistan,Afg-Pak 2005-2006,wild,AFP,2006-04-24,30-Sep-2007,2007-09-30,2007,day,Pakistan,,Pakistan,stool,2007,Pakistan,SD,Kamber,,pakistan_slash_region_year,SD/55/07/034_KAMBER,2007,Pakistan
JQ906460,Genetic relationships and epidemiological links between wild type 1poliovirus isolates in Pakistan and Afghanistan,Afg-Pak 2005-2006,wild,AFP,2006-04-28,09-Nov-2007,2007-11-09,2007,day,Pakistan,,Pakistan,stool,2007,Pakistan,SD,Kamber,,pakistan_slash_region_year,SD/55/07/028_KAMBER,2007,Pakistan
JQ906459,Genetic relationships and epidemiological links between wild type 1poliovirus isolates in Pakistan and Afghanistan,Afg-Pak 2005-2006,wild,AFP,2006-04-29,07-Aug-2007,2007-08-07,2007,day,Pakistan,,Pakistan,stool,2007,Pakistan,SD,Thatta,,pakistan_slash_region_year,SD/22/07/019_THATTA,2007,Pakistan
JQ906458,Genetic relationships and epidemiological links between wild type 1poliovirus isolates in Pakistan and Afghanistan,Afg-Pak 2005-2006,wild,AFP,2006-05-08,17-Sep-2006,2006-09-17,2006,day,Pakistan,,Pakistan,stool,2006,Pakistan,NW,Bajour,,pakistan_slash_region_year,NW/33/06/030_BAJOUR,2006,Pakistan
JQ906457,Genetic relationships and epidemiological links between wild type 1poliovirus isolates in Pakistan and Afghanistan,Afg-Pak 2005-2006,wild,AFP,2006-05-18,30-Nov-2006,2006-11-30,2006,day,Pakistan,,Pakistan,stool,2006,Pakistan,SD,Khi,,pakistan_slash_region_year,SD/68/06/027_KHI,2006,Pakistan
JQ906456,Genetic relationships and epidemiological links between wild type 1poliovirus isolates in Pakistan and Afghanistan,Afg-Pak 2005-2006,wild,AFP,2006-05-22,14-Sep-2006,2006-09-14,2006,day,Pakistan,,Pakistan,stool,2006,Pakistan,SD,Khi,,pakistan_slash_region_year,SD/68/06/021_KHI,2006,Pakistan
JQ906455,Genetic relationships and epidemiological links between wild type 1poliovirus isolates in Pakistan and Afghanistan,Afg-Pak 2005-2006,wild,AFP,2006-05-28,12-Mar-2005,2005-03-12,2005,day,Pakistan,,Pakistan,stool,2005,Pakistan,BN,Pishin,,pakistan_slash_region_year,BN/12/05/007_PISHIN,2005,Pakistan
JQ906454,Genetic relationships and epidemiological links between wild type 1poliovirus isolates in Pakistan and Afghanistan,Afg-Pak 2005-2006,wild,AFP,2006-06-04,16-Aug-2006,2006-08-16,2006,day,Pakistan,,Pakistan,stool,2006,Pakistan,BN,,,pakistan_slash_region_year,BN/14/06/016_,2006,Pakistan
JQ906453,Genetic relationships and epidemiological links between wild type 1poliovirus isolates in Pakistan and Afghanistan,Afg-Pak 2005-2006,wild,AFP,2006-06-07,23-Feb-2006,2006-02-23,2006,day,Pakistan,,Pakistan,stool,2006,Pakistan,NW,,,pakistan_slash_region_year,NW/60/06/002_,2006,Pakistan
JQ906452,Genetic relationships and epidemiological links between wild type 1poliovirus isolates in Pakistan and Afghanistan,Afg-Pak 2005-2006,wild,AFP,2006-06-08,24-Nov-2005,2005-11-24,2005,day,Pakistan,,Pakistan,stool,2005,Pakistan,BN,,,pakistan_slash_region_year,BN/14/05/015_,2005,Pakistan
JQ906451,Genetic relationships and epidemiological links between wild type 1poliovirus isolates in Pakistan and Afghanistan,Afg-Pak 2005-2006,wild,AFP,2006-06-23,27-Dec-2007,2007-12-27,2007,day,Pakistan,,Pakistan,stool,2007,Pakistan,SD,Ghotki,,pakistan_slash_region_year,SD/42/07/049_GHOTKI,2007,Pakistan
JQ906450,Genetic relationships and epidemiological links between wild type 1poliovirus isolates in Pakistan and Afghanistan,Afg-Pak 2005-2006,wild,AFP,2006-06-28,11-Nov-2007,2007-11-11,2007,day,Pakistan,,Pakistan,stool,2007,Pakistan,BN,,,pakistan_slash_region_year,BN/14/07/012_,2007,Pakistan
JQ906449,Genetic relationships and epidemiological links between wild type 1poliovirus isolates in Pakistan and Afghanistan,Afg-Pak 2005-2006,wild,AFP,2006-07-05,05-Aug-2007,2007-08-05,2007,day,Pakistan,,Pakistan,stool,2007,Pakistan,SD,Khi,,pakistan_slash_region_year,SD/61/07/009_KHI,2007,Pakistan
JQ906448,Genetic relationships and epidemiological links between wild type 1poliovirus isolates in Pakistan and Afghanistan,Afg-Pak 2005-2006,wild,AFP,2006-07-06,02-Jun-2006,2006-06-02,2006,day,Pakistan,,Pakistan,stool,2006,Pakistan,BN,,,pakistan_slash_region_year,BN/14/06/014_,2006,Pakistan
JQ906447,Genetic relationships and epidemiological links between wild type 1poliovirus isolates in Pakistan and Afghanistan,Afg-Pak 2005-2006,wild,AFP,2006-07-12,23-May-2006,2006-05-23,2006,day,Pakistan,,Pakistan,stool,2006,Pakistan,BN,Quetta,,pakistan_slash_region_year,BN/11/06/011_QUETTA,2006,Pakistan
JQ906446,Genetic relationships and epidemiological links between wild type 1poliovirus isolates in Pakistan and Afghanistan,Afg-Pak 2005-2006,wild,AFP,2006-07-16,23-Feb-2006,2006-02-23,2006,day,Pakistan,,Pakistan,stool,2006,Pakistan,BN,,,pakistan_slash_region_year,BN/14/06/005_,2006,Pakistan
JQ906445,Genetic relationships and epidemiological links between wild type 1poliovirus isolates in Pakistan and Afghanistan,Afg-Pak 2005-2006,wild,AFP,2006-07-20,13-Sep-2005,2005-09-13,2005,day,Pakistan,,Pakistan,stool,2005,Pakistan,BN,Quetta,,pakistan_slash_region_year,BN/11/05/021_QUETTA,2005,Pakistan
JQ906444,Genetic relationships and epidemiological links between wild type 1poliovirus isolates in Pakistan and Afghanistan,Afg-Pak 2005-2006,wild,AFP,2006-08-07,21-Mar-2005,2005-03-21,2005,day,Pakistan,,Pakistan,stool,2005,Pakistan,SD,Larkana,,pakistan_slash_region_year,SD/51/05/007_LARKANA,2005,Pakistan
JQ906443,Genetic relationships and epidemiological links between wild type 1poliovirus isolates in Pakistan and Afghanistan,Afg-Pak 2005-2006,wild,AFP,2006-08-10,21-Jul-2006,2006-07-21,2006,day,Pakistan,,Pakistan,stool,2006,Pakistan,PB,Muzafarghar,,pakistan_slash_region_year,PB/83/06/043_MUZAFARGHAR,2006,Pakistan
JQ906442,Genetic relationships and epidemiological links between wild type 1poliovirus isolates in Pakistan and Afghanistan,Afg-Pak 2005-2006,wild,AFP,2006-08-13,28-Nov-2005,2005-11-28,2005,day,Pakistan,,Pakistan,stool,2005,Pakistan,PB,,,pakistan_slash_region_year,PB/81/05/062_,2005,Pakistan
JQ906441,Genetic relationships and epidemiological links between wild type 1poliovirus isolates in Pakistan and Afghanistan,Afg-Pak 2005-2006,wild,AFP,2006-08-22,06-Jun-2005,2005-06-06,2005,day,Pakistan,,Pakistan,stool,2005,Pakistan,PB,,,pakistan_slash_region_year,PB/81/05/031_,2005,Pakistan
JQ906440,Genetic relationships and epidemiological links between wild type 1poliovirus isolates in Pakistan and Afghanistan,Afg-Pak 2005-2006,wild,AFP,2006-08-29,17-May-2005,2005-05-17,2005,day,Pakistan,,Pakistan,stool,2005,Pakistan,PB,,,pakistan_slash_region_year,PB/81/05/059_,2005,Pakistan
JQ906439,Genetic relationships and epidemiological links between wild type 1poliovirus isolates in Pakistan and Afghanistan,Afg-Pak 2005-2006,wild,AFP,2006-09-04,20-May-2005,2005-05-20,2005,day,Pakistan,,Pakistan,stool,2005,Pakistan,PB,,,pakistan_slash_region_year,PB/81/05/021_,2005,Pakistan
JQ906438,Genetic relationships and epidemiological links between wild type 1poliovirus isolates in Pakistan and Afghanistan,Afg-Pak 2005-2006,wild,AFP,2006-09-06,10-May-2005,2005-05-10,2005,day,Pakistan,,Pakistan,stool,2005,Pakistan,PB,,,pakistan_slash_region_year,PB/81/05/019_,2005,Pakistan
JQ906437,Genetic relationships and epidemiological links between wild type 1poliovirus isolates in Pakistan and Afghanistan,Afg-Pak 2005-2006,wild,AFP,2006-09-07,11-Apr-2005,2005-04-11,2005,day,Pakistan,,Pakistan,stool,2005,Pakistan,PB,,,pakistan_slash_region_year,PB/81/05/012_,2005,Pakistan
JQ906436,Genetic relationships and epidemiological links between wild type 1poliovirus isolates in Pakistan and Afghanistan,Afg-Pak 2005-2006,wild,AFP,2006-09-08,06-Jan-2005,2005-01-06,2005,day,Pakistan,,Pakistan,stool,2005,Pakistan,PB,Khanewal,,pakistan_slash_region_year,PB/62/05/001_KHANEWAL,2005,Pakistan
JQ906435,Genetic relationships and epidemiological links between wild type 1poliovirus isolates in Pakistan and Afghanistan,Afg-Pak 2005-2006,wild,AFP,2006-09-11,01-Dec-2007,2007-12-01,2007,day,Pakistan,,Pakistan,stool,2007,Pakistan,SD,Khi,,pakistan_slash_region_year,SD/61/07/001_KHI,2007,Pakistan
JQ906434,Genetic relationships and epidemiological links between wild type 1poliovirus isolates in Pakistan and Afghanistan,Afg-Pak 2005-2006,wild,AFP,2006-09-23,21-Nov-2006,2006-11-21,2006,day,Pakistan,,Pakistan,stool,2006,Pakistan,SD,Sanghar,,pakistan_slash_region_year,SD/32/06/049_SANGHAR,2006,Pakistan
JQ906433,Genetic relationships and epidemiological links between wild type 1poliovirus isolates in Pakistan and Afghanistan,Afg-Pak 2005-2006,wild,AFP,2006-09-24,28-Feb-2006,2006-02-28,2006,day,Pakistan,,Pakistan,stool,2006,Pakistan,SD,Khi,,pakistan_slash_region_year,SD/65/06/003_KHI,2006,Pakistan
JQ906432,Genetic relationships and epidemiological links between wild type 1poliovirus isolates in Pakistan and Afghanistan,Afg-Pak 2005-2006,wild,AFP,2006-09-25,05-Jun-2005,2005-06-05,2005,day,Pakistan,,Pakistan,stool,2005,Pakistan,NW,Tank,,pakistan_slash_region_year,NW/63/05/006_TANK,2005,Pakistan
JQ906431,Genetic relationships and epidemiological links between wild type 1poliovirus isolates in Pakistan and Afghanistan,Afg-Pak 2005-2006,wild,AFP,2006-10-13,21-Jul-2005,2005-07-21,2005,day,Pakistan,,Pakistan,stool,2005,Pakistan,PB,,,pakistan_slash_region_year,PB/72/05/051_,2005,Pakistan
JQ906430,Genetic relationships and epidemiological links between wild type 1poliovirus isolates in Pakistan and Afghanistan,Afg-Pak 2005-2006,wild,AFP,2006-10-23,27-Sep-2005,2005-09-27,2005,day,Pakistan,,Pakistan,stool,2005,Pakistan,BN,Jafarabad,,pakistan_slash_region_year,BN/43/05/029_JAFARABAD,2005,Pakistan
JQ906429,Genetic relationships and epidemiological links between wild type 1poliovirus isolates in Pakistan and Afghanistan,Afg-Pak 2005-2006,wild,AFP,2006-11-12,10-Aug-2005,2005-08-10,2005,day,Pakistan,,Pakistan,stool,2005,Pakistan,BN,,,pakistan_slash_region_year,BN/25/05/002_,2005,Pakistan
JQ906428,Genetic relationships and epidemiological links between wild type 1poliovirus isolates in Pakistan and Afghanistan,Afg-Pak 2005-2006,wild,AFP,2006-11-14,21-May-2005,2005-05-21,2005,day,Pakistan,,Pakistan,stool,2005,Pakistan,PB,Khanewal,,pakistan_slash_region_year,PB/62/05/016_KHANEWAL,2005,Pakistan
JQ906427,Genetic relationships and epidemiological links between wild type 1poliovirus isolates in Pakistan and Afghanistan,Afg-Pak 2005-2006,wild,AFP,2006-12-01,30-Dec-2005,2005-12-30,2005,day,Pakistan,,Pakistan,stool,2005,Pakistan,SD,Jacobabad,,pakistan_slash_region_year,SD/53/05/082_JACOBABAD,2005,Pakistan
JQ906426,Genetic relationships and epidemiological links between wild type 1poliovirus isolates in Pakistan and Afghanistan,Afg-Pak 2005-2006,wild,AFP,2006-12-09,06-Jan-2005,2005-01-06,2005,day,Pakistan,,Pakistan,stool,2005,Pakistan,SD,,,pakistan_slash_region_year,SD/32/05/001,2005,Pakistan
JQ906425,Genetic relationships and epidemiological links between wild type 1poliovirus isolates in Pakistan and Afghanistan,Afg-Pak 2005-2006,wild,AFP,1993-07-19,1993,,1993,year,Pakistan,,Pakistan,stool,1993,Pakistan,,,,country_year_optional_case,PAK93-5218,1993,Pakistan
FJ436996,Environmental Poliovirus Surveillance in Switzerland 2006-2008,ES in Switzerland 2007,wild,environmental,2007-05-01,2007,,2007,year,Switzerland,,Switzerland,sewage,2007,Switzerland,,,,geo_loc_slash_or_dash_year,GE/07,2007,Switzerland
AB180069,Circulation of type 1 vaccine-derived poliovirus in the Philippinesin 2001,cVDPV1 Philippines context,wild,AFP,1999-05-01,,,,unknown,China,,China,,1999,China,,,,geo_loc_slash_or_dash_year,3427QUI/99,1999,China
AB180068,Circulation of type 1 vaccine-derived poliovirus in the Philippinesin 2001,cVDPV1 Philippines context,wild,AFP,1996-05-01,,,,unknown,Laos,,Laos,,1996,Laos,,,,geo_loc_slash_or_dash_year,LAO11/96,1996,Laos
AB180067,Circulation of type 1 vaccine-derived poliovirus in the Philippinesin 2001,cVDPV1 Philippines context,wild,AFP,1992-05-01,,,,unknown,Cambodia,,Cambodia,,1992,Cambodia,,,,country_lab_slash_year,CAM122/92,1992,Cambodia
AB180066,Circulation of type 1 vaccine-derived poliovirus in the Philippinesin 2001,cVDPV1 Philippines context,wild,AFP,1993-05-01,,,,unknown,Viet Nam,,Viet Nam,,1993,Viet Nam,,,,geo_loc_slash_or_dash_year,NV134/93,1993,Viet Nam
AB180065,Circulation of type 1 vaccine-derived poliovirus in the Philippinesin 2001,cVDPV1 Philippines context,wild,AFP,1990-05-01,,,,unknown,China,,China,,1990,China,,,,geo_loc_slash_or_dash_year,C121/90,1990,China
AB180064,Circulation of type 1 vaccine-derived poliovirus in the Philippinesin 2001,cVDPV1 Philippines context,wild,AFP,1992-05-01,,,,unknown,China,,China,,1992,China,,,,geo_loc_slash_or_dash_year,C120/92,1992,China
AB180063,Circulation of type 1 vaccine-derived poliovirus in the Philippinesin 2001,cVDPV1 Philippines context,wild,AFP,1992-05-01,,,,unknown,China,,China,,1992,China,,,,geo_loc_slash_or_dash_year,C118/92,1992,China
AB180062,Circulation of type 1 vaccine-derived poliovirus in the Philippinesin 2001,cVDPV1 Philippines context,wild,AFP,1993-05-01,,,,unknown,China,,China,,1993,China,,,,geo_loc_slash_or_dash_year,C113/93,1993,China
AB180061,Circulation of type 1 vaccine-derived poliovirus in the Philippinesin 2001,cVDPV1 Philippines context,wild,AFP,1992-05-01,,,,unknown,Viet Nam,,Viet Nam,,1992,Viet Nam,,,,geo_loc_slash_or_dash_year,NV102/92,1992,Viet Nam
AB180060,Circulation of type 1 vaccine-derived poliovirus in the Philippinesin 2001,cVDPV1 Philippines context,wild,AFP,1992-05-01,,,,unknown,Philippines,,Philippines,,1992,Philippines,,,,geo_loc_slash_or_dash_year,PJ5/92,1992,Philippines
AB180059,Circulation of type 1 vaccine-derived poliovirus in the Philippinesin 2001,cVDPV1 Philippines context,wild,AFP,1992-05-01,,,,unknown,Philippines,,Philippines,,1992,Philippines,,,,geo_loc_slash_or_dash_year,PJ7/92,1992,Philippines
AB180058,Circulation of type 1 vaccine-derived poliovirus in the Philippinesin 2001,cVDPV1 Philippines context,wild,AFP,1993-05-01,,,,unknown,Philippines,,Philippines,,1993,Philippines,,,,geo_loc_slash_or_dash_year,5380-93,1993,Philippines
AJ007969,Antigenic and molecular characterization of wild type 1 polioviruscausing outbreaks of poliomyelitis in Albania and neighboring countries in 1996,Albania 1996,wild,AFP,1996-05-01,,,,unknown,,,,,1996,Albania,,,,case_country_year,3925ALB96,1996,Albania
AJ007968,Antigenic and molecular characterization of wild type 1 polioviruscausing outbreaks of poliomyelitis in Albania and neighboring countries in 1996,Albania 1996,wild,AFP,1996-05-01,,,,unknown,,,,,1996,Albania,,,,case_country_year,3887ALB96,1996,Albania
AJ007967,Antigenic and molecular characterization of wild type 1 polioviruscausing outbreaks of poliomyelitis in Albania and neighboring countries in 1996,Albania 1996,wild,AFP,1996-05-01,,,,unknown,,,,,1996,Albania,,,,case_country_year,3864ALB96,1996,Albania
AJ007966,Antigenic and molecular characterization of wild type 1 polioviruscausing outbreaks of poliomyelitis in Albania and neighboring countries in 1996,Albania 1996,wild,AFP,1996-05-01,,,,unknown,,,,,1996,Albania,,,,case_country_year,3786ALB96,1996,Albania
AJ237880,Resolution of the pathways of poliovirus type 1 transmission duringan outbreak,Israel 1988,wild,environmental,1988-05-01,,,,unknown,,,,,1988,Israel,,,,country_year_optional_case,ISR88,1988,Israel
AJ237878,Resolution of the pathways of poliovirus type 1 transmission duringan outbreak,Israel 1988,wild,environmental,1988-05-01,,,,unknown,,,,,1988,Israel,,,,country_year_optional_case,ISR88,1988,Israel
AJ237877,Resolution of the pathways of poliovirus type 1 transmission duringan outbreak,Israel 1988,wild,environmental,1988-05-01,,,,unknown,,,,,1988,Israel,,,,country_year_optional_case,ISR88,1988,Israel
