legacy_row,legacy_accession,legacy_title,legacy_pubmed,match_methods,matched_accessions,matched_count,bridge_status,possibleClassifications,possibleSamplingFrames,discard,reason,notes
2,A01868,DNA FRAGMENTS CARRYING PORTIONS OF GENETIC INFORMATION OF :POLIOVIRUS_ PARTICULARLY OF THE PV1 TYPE_ AND METHOD FOR OBTAINING:THEM :,,accession,A01868,1,single_exact_match,,,yes,patent;fragment,
3,A03852,POLYPEPTIDES USEFUL IN VACCINATION AGAINST ENTEROVIRUSES:,,accession,A03852,1,single_exact_match,,,yes,patent;fragment,
4,A07272,Attenuated viruses:,,accession,A07272,1,single_exact_match,,,yes,patent;fragment,
5,A09260,Peptides useful in vaccination against enteroviruses:,,accession,A09260,1,single_exact_match,,,yes,patent;fragment,
6,A37539,MULTICISTRONIC EXPRESSION UNITS AND THEIR USE:,,accession,A37539,1,single_exact_match,,,yes,patent;fragment,
7,A37564,PRODUCTION OF HETERODIMER PDGF-AB BY MEANS OF A BICISTRONIC VECTOR:SYSTEM IN MAMMALIAN CELLS :,,accession,A37564,1,single_exact_match,,,yes,patent;fragment,
8,AB054212,Two major strains of type 1 wild poliovirus circulating in:Indochina :,9129093,accession;pubmed,AB052561;AB052562;AB052563;AB052564;AB052565;AB053575;AB053576;AB053577;AB053578;AB053579;AB053580;AB053581;AB053582;AB053583;AB053584;AB053585;AB053586;AB053587;AB053588;AB053589;AB053590;AB053591;AB053592;AB053593;AB053594;AB053595;AB053596;AB053597;AB053598;AB053599;AB053600;AB053601;AB053602;AB053603;AB053604;AB053956;AB053957;AB053958;AB053959;AB053960;AB053961;AB053962;AB053963;AB053964;AB053965;AB054069;AB054070;AB054071;AB054072;AB054073;AB054074;AB054075;AB054076;AB054077;AB054078;AB054079;AB054080;AB054081;AB054082;AB054189;AB054190;AB054191;AB054192;AB054193;AB054194;AB054195;AB054196;AB054197;AB054198;AB054199;AB054200;AB054201;AB054202;AB054203;AB054204;AB054205;AB054206;AB054207;AB054208;AB054209;AB054210;AB054211;AB054212,83,multiple_exact_matches,wild,AFP,,,
9,AB060337,Circulation of type 1 wild poliovirus in northern Vietnam during:1991-1994 :,8940986,accession;pubmed,AB060337,1,single_exact_match,wild,AFP,,,
10,AB061280,Assessment of poliovirus eradication in Japan: genomic analysis of:polioviruses isolated from river water and sewage in toyama :prefecture :,11055968,accession;pubmed,AB061279;AB061280;AB061281;AB061282;AB061283;AB061284;AB061285;AB061286;AB061287;AB061288;AB061289;AB061290;AB061291;AB061292;AB061293;AB061294;AB061295;AB061296;AB061297;AB061298;AB061299;AB061300;AB061301;AB061302;AB061303;AB061304;AB061348;AB061349;AB061350;AB061351;AB061352;AB061353;AB061354;AB061355,34,multiple_exact_matches,vaccineOrigin,environmental,,,
11,AB111515,Phylogenetic diagnosis of polioviruses and other enteroviruses :isolated in Turkey during 1994 and 1999 by use of the VP4 sequence:,,accession,AB111515,1,single_exact_match,wild;vaccineOrigin,AFP,,,
12,AB111826,Phylogenetic analysis of wild type 1 polioviruses isolated at the:latest period of transmission in Turkey :,,accession,AB111826,1,single_exact_match,wild,AFP,,,
13,AB162761,sequence of enterovirus:,,accession,AB162761,1,single_exact_match,vaccineOrigin,AFP-throat;AFP:,,,
14,AB180073,Circulation of type 1 vaccine-derived poliovirus in the Philippines:in 2001 :,15564462,accession;pubmed,AB180058;AB180059;AB180060;AB180061;AB180062;AB180063;AB180064;AB180065;AB180066;AB180067;AB180068;AB180069;AB180070;AB180071;AB180072;AB180073,16,multiple_exact_matches,cVDPV;wild,AFP,,,
15,AB282824,[Influence of genome extraction kits on enterovirus detection using:RT-PCR] :,18306682,accession;pubmed,AB282824,1,single_exact_match,unknown,AFP,,isolate follows EPID naming structure,
16,AB467771,Shedding of vaccine viruses with increased antigenic and genetic:divergence after vaccination of newborns with monovalent type 1 :oral poliovirus vaccine :,19515771,accession;pubmed,AB467375;AB467376;AB467377;AB467378;AB467379;AB467380;AB467381;AB467382;AB467383;AB467384;AB467385;AB467386;AB467387;AB467388;AB467389;AB467390;AB467391;AB467392;AB467393;AB467394;AB467395;AB467396;AB467397;AB467398;AB467399;AB467400;AB467401;AB467402;AB467403;AB467404;AB467405;AB467406;AB467407;AB467408;AB467409;AB467410;AB467411;AB467412;AB467413;AB467414;AB467415;AB467416;AB467417;AB467418;AB467419;AB467420;AB467421;AB467422;AB467423;AB467424;AB467425;AB467426;AB467427;AB467428;AB467429;AB467430;AB467431;AB467432;AB467433;AB467434;AB467435;AB467436;AB467437;AB467438;AB467439;AB467440;AB467441;AB467442;AB467443;AB467444;AB467445;AB467446;AB467447;AB467448;AB467449;AB467450;AB467451;AB467452;AB467453;AB467454;AB467455;AB467456;AB467457;AB467458;AB467459;AB467460;AB467461;AB467462;AB467463;AB467464;AB467465;AB467466;AB467467;AB467468;AB467469;AB467470;AB467471;AB467472;AB467473;AB467474;AB467475;AB467476;AB467477;AB467478;AB467479;AB467480;AB467481;AB467482;AB467483;AB467484;AB467485;AB467486;AB467487;AB467488;AB467489;AB467490;AB467491;AB467492;AB467493;AB467494;AB467495;AB467496;AB467497;AB467498;AB467499;AB467500;AB467501;AB467502;AB467503;AB467504;AB467505;AB467506;AB467507;AB467508;AB467509;AB467510;AB467511;AB467512;AB467513;AB467514;AB467515;AB467516;AB467517;AB467518;AB467519;AB467520;AB467521;AB467522;AB467523;AB467524;AB467525;AB467526;AB467527;AB467528;AB467529;AB467530;AB467531;AB467532;AB467533;AB467534;AB467535;AB467536;AB467537;AB467538;AB467539;AB467540;AB467541;AB467542;AB467543;AB467544;AB467545;AB467546;AB467547;AB467548;AB467549;AB467550;AB467551;AB467552;AB467553;AB467554;AB467555;AB467556;AB467557;AB467558;AB467559;AB467560;AB467561;AB467562;AB467563;AB467564;AB467565;AB467566;AB467567;AB467568;AB467569;AB467570;AB467571;AB467572;AB467573;AB467574;AB467575;AB467576;AB467577;AB467578;AB467579;AB467580;AB467581;AB467582;AB467583;AB467584;AB467585;AB467586;AB467587;AB467588;AB467589;AB467590;AB467591;AB467592;AB467593;AB467594;AB467595;AB467596;AB467597;AB467598;AB467599;AB467600;AB467601;AB467602;AB467603;AB467604;AB467605;AB467606;AB467607;AB467608;AB467609;AB467610;AB467611;AB467612;AB467613;AB467614;AB467615;AB467616;AB467617;AB467618;AB467619;AB467620;AB467621;AB467622;AB467623;AB467624;AB467625;AB467626;AB467627;AB467628;AB467629;AB467630;AB467631;AB467632;AB467633;AB467634;AB467635;AB467636;AB467637;AB467638;AB467639;AB467640;AB467641;AB467642;AB467643;AB467644;AB467645;AB467646;AB467647;AB467648;AB467649;AB467650;AB467651;AB467652;AB467653;AB467654;AB467655;AB467656;AB467657;AB467658;AB467659;AB467660;AB467661;AB467662;AB467663;AB467664;AB467665;AB467666;AB467667;AB467668;AB467669;AB467670;AB467671;AB467672;AB467673;AB467674;AB467675;AB467676;AB467677;AB467678;AB467679;AB467680;AB467681;AB467682;AB467683;AB467684;AB467685;AB467686;AB467687;AB467688;AB467689;AB467690;AB467691;AB467692;AB467693;AB467694;AB467695;AB467696;AB467697;AB467698;AB467699;AB467700;AB467701;AB467702;AB467703;AB467704;AB467705;AB467706;AB467707;AB467708;AB467709;AB467710;AB467711;AB467712;AB467713;AB467714;AB467715;AB467716;AB467717;AB467718;AB467719;AB467720;AB467721;AB467722;AB467723;AB467724;AB467725;AB467726;AB467727;AB467728;AB467729;AB467730;AB467731;AB467732;AB467733;AB467734;AB467735;AB467736;AB467737;AB467738;AB467739;AB467740;AB467741;AB467742;AB467743;AB467744;AB467745;AB467746;AB467747;AB467748;AB467749;AB467750;AB467751;AB467752;AB467753;AB467754;AB467755;AB467756;AB467757;AB467758;AB467759;AB467760;AB467761;AB467762;AB467763;AB467764;AB467765;AB467766;AB467767;AB467768;AB467769;AB467770;AB467771;AB467772;AB467773;AB467774;AB467775;AB467776;AB467777;AB467778;AB467779;AB467780;AB467781;AB467782;AB467783;AB467784;AB467785;AB467786;AB467787;AB467788;AB467789;AB467790;AB467791;AB467792;AB467793;AB467794;AB467795;AB467796;AB467797;AB467798;AB467799;AB467800;AB467801;AB467802;AB467803;AB467804;AB467805;AB467806;AB467807;AB467808;AB467809;AB467810;AB467811;AB467812;AB467813;AB467814;AB467815;AB467816;AB467817;AB467818;AB467819;AB467820;AB467821;AB467822;AB467823;AB467824;AB467825;AB467826;AB467827;AB467828;AB467829;AB467830;AB467831;AB467832;AB467833;AB467834;AB467835;AB467836;AB467837;AB467838;AB467839;AB467840;AB467841;AB467842;AB467843;AB467844;AB467845;AB467846;AB467847;AB467848;AB467849;AB467850;AB467851;AB467852;AB467853;AB467854;AB467855;AB467856;AB467857;AB467858;AB467859;AB467860;AB467861;AB467862;AB467863;AB467864;AB467865;AB467866;AB467867,493,multiple_exact_matches,SabinLike,healthy,,,
17,AB629955,Development of real-time PCR to detect oral vaccine-like poliovirus:and its application to environmental surveillance :,24134937,accession;pubmed,AB629948;AB629949;AB629950;AB629951;AB629952;AB629953;AB629954;AB629955,8,multiple_exact_matches,unknown,environmental;healthy,,,
18,AB739059,Molecular typing of human enteroviruses from healthy children in:Yunnan province_ 2011 :,,accession,AB739059,1,single_exact_match,unknown,healthy,,,
19,AB781741,Molecular typing of human enteroviruses from healthy children in:Yunnan province_ 2012 (part 2) :,,accession,AB781741,1,single_exact_match,unknown,healthy,,,
20,AB794138,Molecular typing of enteroviruses in Yuxi city_Yunnan:province_China_2011(part 1) :,,accession,AB794138,1,single_exact_match,unknown,unknownStool,,,
21,AB813054,Molecular typing of enteroviruses in Yuxi city_ Yunnan province_:China_ 2011(part 2) :,,accession,AB813054,1,single_exact_match,unknown,unknownStool,,,
22,AB861646,Molecular typing of enteroviruses from healthy Children_ Yunnan:Province_ China_ 2013 :,,accession,AB861646,1,single_exact_match,unknown,healthy,,,
23,AB976096,Molecular typing of enteroviruses isolated from sewage samples_:Yunnan province_ China_ 2013 :,,accession,AB976096,1,single_exact_match,unknown,environmental,,,
24,AB980994,Environmental surveillance of poliovirus in sewage water around the:introduction period for inactivated polio vaccine in Japan :,25556189,accession;pubmed,AB829540;AB829541;AB829542;AB829543;AB829544;AB829545;AB829546;AB829547;AB829548;AB829549;AB829551;AB829553;AB829554;AB829555;AB829556;AB829557;AB829558;AB829559;AB829560;AB829561;AB829562;AB829564;AB829565;AB829566;AB829567;AB829568;AB829569;AB829570;AB829571;AB829572;AB829574;AB829575;AB829576;AB829577;AB829578;AB829579;AB829580;AB829581;AB829582;AB829583;AB829584;AB829585;AB829586;AB829587;AB829588;AB829589;AB829590;AB829591;AB829592;AB829593;AB829594;AB829595;AB829596;AB829597;AB829598;AB829599;AB829600;AB921169;AB921170;AB921171;AB921172;AB921173;AB921174;AB921175;AB921176;AB921177;AB921178;AB921179;AB921180;AB980981;AB980982;AB980983;AB980984;AB980985;AB980986;AB980987;AB980988;AB980989;AB980990;AB980991;AB980992;AB980993;AB980994,83,multiple_exact_matches,unknown,environmental,,,
25,AF065158,A Sabin vaccine-derived field isolate of poliovirus type 1 :displaying aberrant phenotypic and genetic features_ including a:deletion in antigenic site 1 :,10211959,accession;pubmed,AF065158,1,single_exact_match,VDPV,AFP,,,I suspect iVDPV based on presentation concurrent with measles and unusual genotype
26,AF068878,Multicenter quality assessment of PCR methods for detection of:enteroviruses :,10203496,accession;pubmed,AF068878;AF068880;AF068881;AF076999,4,multiple_exact_matches,,,yes,Sabin2 for lab protocol testing,
27,AF083944,Prolonged replication of a type 1 vaccine-derived poliovirus in an:immunodeficient patient :,9738040,accession;pubmed,AF083931;AF083932;AF083933;AF083934;AF083935;AF083936;AF083937;AF083938;AF083939;AF083940;AF083941;AF083942;AF083943;AF083944,14,multiple_exact_matches,iVDPV,AFP,,,
28,AF111953,Distribution of wild type 1 poliovirus genotypes in China:,8245521,accession;pubmed,AF111953;AF111984,2,multiple_exact_matches,wild,AFP,,,
29,AF139291,Resolution of the pathways of poliovirus type 1 transmission during:an outbreak :,10698978,accession;pubmed,AF139251;AF139252;AF139253;AF139254;AF139255;AF139256;AF139257;AF139258;AF139259;AF139260;AF139261;AF139262;AF139263;AF139264;AF139265;AF139266;AF139267;AF139268;AF139269;AF139270;AF139271;AF139272;AF139273;AF139274;AF139275;AF139276;AF139277;AF139278;AF139279;AF139280;AF139281;AF139282;AF139283;AF139284;AF139285;AF139286;AF139287;AF139288;AF139289;AF139290;AF139291;AJ237871;AJ237872;AJ237873;AJ237874;AJ237875;AJ237876;AJ237877;AJ237878;AJ237879;AJ237880;AJ237881;AJ237882;AJ237883;AJ237884;AJ237885,56,multiple_exact_matches,wild,AFP;environmental,,,
30,AF233222,Evolution of circulating wild poliovirus and of vaccine-derived:poliovirus in an immunodeficient patient: a unifying model :,10906191,accession;pubmed,AF233098;AF233099;AF233100;AF233101;AF233102;AF233103;AF233104;AF233105;AF233106;AF233107;AF233108;AF233109;AF233110;AF233111;AF233112;AF233113;AF233114;AF233115;AF233116;AF233117;AF233118;AF233119;AF233120;AF233121;AF233122;AF233123;AF233124;AF233125;AF233126;AF233127;AF233128;AF233129;AF233130;AF233131;AF233132;AF233133;AF233134;AF233135;AF233136;AF233137;AF233138;AF233139;AF233140;AF233141;AF233142;AF233143;AF233144;AF233145;AF233146;AF233147;AF233148;AF233149;AF233150;AF233151;AF233152;AF233153;AF233154;AF233155;AF233156;AF233157;AF233158;AF233159;AF233160;AF233161;AF233162;AF233163;AF233164;AF233165;AF233166;AF233167;AF233168;AF233169;AF233170;AF233171;AF233172;AF233173;AF233174;AF233175;AF233176;AF233177;AF233178;AF233179;AF233180;AF233181;AF233182;AF233183;AF233184;AF233185;AF233186;AF233187;AF233188;AF233189;AF233190;AF233191;AF233192;AF233193;AF233194;AF233195;AF233196;AF233197;AF233198;AF233199;AF233200;AF233201;AF233202;AF233203;AF233204;AF233205;AF233206;AF233207;AF233208;AF233209;AF233210;AF233211;AF233212;AF233213;AF233214;AF233215;AF233216;AF233217;AF233218;AF233219;AF233220;AF233221;AF233222,125,multiple_exact_matches,wild;iVDPV,AFP,,,
31,AF236796,Nucleotide sequencing coat protein (VP1-VP3) of poliovirus type I:Mahoney-var :,,accession,AF236796,1,single_exact_match,,,yes,,
32,AF236797,Nucleotide sequencing coat protein (VP1-VP3) of poliovirus type I:Mahoney-var_ hor7 :,,accession,AF236797,1,single_exact_match,,,yes,no metadata to explain sample origin,
33,AF249265,Molecular and antigenic characterization of a highly evolved :derivative of the type 2 oral poliovaccine strain isolated from:sewage in Israel :,11015392,accession;pubmed,AF249260;AF249261;AF249262;AF249263;AF249264;AF249265;AJ288062,7,multiple_exact_matches,,,yes,no metadata to explain sample origin,
34,AF252165,Molecular characterization of human enteroviruses in clinical :samples: comparison between VP2_ VP1_ and RNA polymerase regions:using RT nested PCR assays and direct sequencing of products :,11505456,accession;pubmed,AF252161;AF252165;AF252214,3,multiple_exact_matches,,,yes,lab assay study,
35,AF261763,Vaccine-associated Paralytic Poliomyelitis: Report of Successful:Treatment With Pleconaril :,,accession,AF261763,1,single_exact_match,iVDPV,AFP-CNS,,,
36,AF334953,Antigenic sites of poliovirus type 3 eliciting IgA monoclonal:antibodies in orally immunized mice :,11277698,accession;pubmed,AF334949;AF334950;AF334951;AF334952;AF334953,5,multiple_exact_matches,,,yes,mouse immunology study,
37,AF380615,Detection and Typing of Enteroviruses by Analysis of the 2C Gene:Sequence :,,accession,AF380615,1,single_exact_match,unknown,unknown,yes,no metadata to explain sample origin,2C so I want to keep if possible
38,AF405657,Outbreak of poliomyelitis in Hispaniola associated with circulating:type 1 vaccine-derived poliovirus :,11896235,accession;pubmed,AF405607;AF405608;AF405609;AF405610;AF405611;AF405612;AF405613;AF405614;AF405615;AF405616;AF405617;AF405618;AF405619;AF405620;AF405621;AF405622;AF405623;AF405624;AF405625;AF405626;AF405627;AF405628;AF405629;AF405630;AF405631;AF405632;AF405633;AF405634;AF405635;AF405636;AF405637;AF405638;AF405639;AF405640;AF405641;AF405642;AF405643;AF405644;AF405645;AF405646;AF405647;AF405648;AF405649;AF405650;AF405652;AF405653;AF405654;AF405655;AF405656;AF405657;AF405658;AF405659;AF405660;AF405661;AF405666;AF405669;AF405682;AF405690;AY056058;AY741366,60,multiple_exact_matches,wild;cVDPV,AFP,,,
39,AF405689,Circulating type 1 vaccine-derived poliovirus recombinants:,,accession,AF405689,1,single_exact_match,cVDPV,AFP;healthy,,,
40,AF462419,Long-term circulation of vaccine-derived poliovirus that causes:paralytic disease :,12050392,accession;pubmed,AF462418;AF462419,2,multiple_exact_matches,vaccineOrigin,AFP,,,
41,AF528821,Calibration of a Clock for VP1 Nucleotide Evolution in Poliovirus:Type 1 :,,accession,AF528821,1,single_exact_match,wild,AFP,,,
42,AF538842,Intratypic Recombination among Lineages of Type 1 Vaccine-Derived :Poliovirus Emerging during Chronic Infection of an Immunodeficient:Patient :,16188964,accession;pubmed,AF538840;AF538841;AF538842;AF538843;AY928383;AY928384;AY928385;AY928386;AY928387,9,multiple_exact_matches,iVDPV,AFP,,,
43,AF541919,Characterization of a recombinant type 3/type 2 poliovirus isolated:from a healthy vaccinee and containing a chimeric capsid protein :VP1 :,12604808,accession;pubmed,AF541919,1,single_exact_match,vaccineOrigin,healthy,,,
44,AF545181,Prolonged detection of indigenous wild polioviruses in sewage from:communities in Egypt :,14561671,accession;pubmed,AF545107;AF545108;AF545109;AF545110;AF545111;AF545112;AF545113;AF545114;AF545115;AF545116;AF545117;AF545118;AF545119;AF545120;AF545121;AF545122;AF545123;AF545124;AF545125;AF545126;AF545127;AF545128;AF545129;AF545130;AF545131;AF545132;AF545133;AF545134;AF545135;AF545136;AF545137;AF545138;AF545139;AF545140;AF545141;AF545142;AF545143;AF545144;AF545145;AF545146;AF545147;AF545148;AF545149;AF545150;AF545151;AF545152;AF545153;AF545154;AF545155;AF545156;AF545157;AF545158;AF545159;AF545160;AF545161;AF545162;AF545163;AF545164;AF545165;AF545166;AF545167;AF545168;AF545169;AF545170;AF545171;AF545172;AF545173;AF545174;AF545175;AF545176;AF545177;AF545178;AF545179;AF545180;AF545181,75,multiple_exact_matches,wild,AFP,,,
45,AF551841,Circulation of endemic type 2 vaccine-derived poliovirus in Egypt:from 1983 to 1993 :,12857906,accession;pubmed,AF448782;AF448783;AF551795;AF551796;AF551797;AF551798;AF551799;AF551800;AF551801;AF551802;AF551803;AF551804;AF551805;AF551806;AF551807;AF551808;AF551809;AF551810;AF551811;AF551812;AF551813;AF551814;AF551815;AF551816;AF551817;AF551818;AF551819;AF551820;AF551821;AF551822;AF551823;AF551824;AF551825;AF551826;AF551827;AF551828;AF551829;AF551830;AF551831;AF551832;AF551833;AF551834;AF551835;AF551836;AF551837;AF551838;AF551839;AF551840;AF551841,49,multiple_exact_matches,wild;cVDPV,AFP,,,
46,AH004344 S66302 S66304,Genomic analysis of type 3 wild poliovirus isolates in southern:Alberta :,8395279,pubmed,AH004344,1,single_exact_match,wild,healthy,,,"source for ""healthy"": MMWR 42(17);337-339 http://www.cdc.gov/mmwr/preview/mmwrhtml/00020490.htm"
47,AJ007969,Antigenic and molecular characterization of wild type 1 poliovirus:causing outbreaks of poliomyelitis in Albania and neighboring :countries in 1996 :,9650935,accession;pubmed,AJ007959;AJ007960;AJ007961;AJ007962;AJ007963;AJ007964;AJ007965;AJ007966;AJ007967;AJ007968;AJ007969,11,multiple_exact_matches,wild,AFP,,,
48,AJ132961,Evolution of poliovirus type I during 5.5 years of prolonged:enteral replication in an immunodeficient patient :,10600590,accession;pubmed,AJ132960;AJ132961,2,multiple_exact_matches,iVDPV,AFP,,,
49,AJ248524,Direct Submission:,,accession,AJ248524,1,single_exact_match,wild,AFP,,,source for AFP: country is India in 1990's and /isolate looks like polio surveillance EPID (case ID)
50,AJ248525,Direct Submission:,,accession,AJ248525,1,single_exact_match,wild,AFP,,,source for AFP: country is India in 1990's and /isolate looks like polio surveillance EPID (case ID)
51,AJ248526,Direct Submission:,,accession,AJ248526,1,single_exact_match,wild,AFP,,,source for AFP: country is India in 1990's and /isolate looks like polio surveillance EPID (case ID)
52,AJ248527,Direct Submission:,,accession,AJ248527,1,single_exact_match,wild,AFP,,,source for AFP: country is India in 1990's and /isolate looks like polio surveillance EPID (case ID)
53,AJ248528,Direct Submission:,,accession,AJ248528,1,single_exact_match,wild,AFP,,,source for AFP: country is India in 1990's and /isolate looks like polio surveillance EPID (case ID)
54,AJ248529,Direct Submission:,,accession,AJ248529,1,single_exact_match,wild,AFP,,,source for AFP: country is India in 1990's and /isolate looks like polio surveillance EPID (case ID)
55,AJ248530,Direct Submission:,,accession,AJ248530,1,single_exact_match,wild,AFP,,,source for AFP: country is India in 1990's and /isolate looks like polio surveillance EPID (case ID)
56,AJ248531,Direct Submission:,,accession,AJ248531,1,single_exact_match,wild,AFP,,,source for AFP: country is India in 1990's and /isolate looks like polio surveillance EPID (case ID)
57,AJ248532,Direct Submission:,,accession,AJ248532,1,single_exact_match,wild,AFP,,,source for AFP: country is India in 1990's and /isolate looks like polio surveillance EPID (case ID)
58,AJ248533,Direct Submission:,,accession,AJ248533,1,single_exact_match,wild,AFP,,,source for AFP: country is India in 1990's and /isolate looks like polio surveillance EPID (case ID)
59,AJ248534,Direct Submission:,,accession,AJ248534,1,single_exact_match,wild,AFP,,,source for AFP: country is India in 1990's and /isolate looks like polio surveillance EPID (case ID)
60,AJ248535,Direct Submission:,,accession,AJ248535,1,single_exact_match,wild,AFP,,,source for AFP: country is India in 1990's and /isolate looks like polio surveillance EPID (case ID)
61,AJ248536,Direct Submission:,,accession,AJ248536,1,single_exact_match,wild,AFP,,,source for AFP: country is India in 1990's and /isolate looks like polio surveillance EPID (case ID)
62,AJ248537,Direct Submission:,,accession,AJ248537,1,single_exact_match,wild,AFP,,,source for AFP: country is India in 1990's and /isolate looks like polio surveillance EPID (case ID)
63,AJ248538,Direct Submission:,,accession,AJ248538,1,single_exact_match,wild,AFP,,,source for AFP: country is India in 1990's and /isolate looks like polio surveillance EPID (case ID)
64,AJ248539,Direct Submission:,,accession,AJ248539,1,single_exact_match,wild,AFP,,,source for AFP: country is India in 1990's and /isolate looks like polio surveillance EPID (case ID)
65,AJ248540,Direct Submission:,,accession,AJ248540,1,single_exact_match,wild,AFP,,,source for AFP: country is India in 1990's and /isolate looks like polio surveillance EPID (case ID)
66,AJ248541,Direct Submission:,,accession,AJ248541,1,single_exact_match,wild,AFP,,,source for AFP: country is India in 1990's and /isolate looks like polio surveillance EPID (case ID)
67,AJ248542,Direct Submission:,,accession,AJ248542,1,single_exact_match,wild,AFP,,,source for AFP: country is India in 1990's and /isolate looks like polio surveillance EPID (case ID)
68,AJ248543,Direct Submission:,,accession,AJ248543,1,single_exact_match,wild,AFP,,,source for AFP: country is India in 1990's and /isolate looks like polio surveillance EPID (case ID)
69,AJ248544,Direct Submission:,,accession,AJ248544,1,single_exact_match,wild,AFP,,,source for AFP: country is India in 1990's and /isolate looks like polio surveillance EPID (case ID)
70,AJ248545,Direct Submission:,,accession,AJ248545,1,single_exact_match,wild,AFP,,,source for AFP: country is India in 1990's and /isolate looks like polio surveillance EPID (case ID)
71,AJ249036,Genetic recombination in wild-type poliovirus:,12466487,accession;pubmed,AJ248475;AJ248476;AJ248477;AJ248478;AJ248479;AJ248480;AJ248481;AJ248482;AJ248483;AJ248484;AJ248485;AJ248486;AJ248487;AJ248488;AJ248489;AJ248490;AJ248491;AJ248492;AJ248493;AJ248494;AJ248495;AJ248496;AJ248497;AJ248498;AJ248499;AJ248500;AJ248501;AJ248502;AJ248503;AJ248504;AJ248505;AJ248506;AJ248507;AJ248508;AJ248509;AJ248510;AJ248511;AJ248512;AJ248513;AJ248514;AJ248515;AJ248516;AJ248517;AJ248518;AJ248519;AJ248520;AJ248521;AJ248522;AJ248523;AJ248989;AJ248990;AJ248991;AJ248992;AJ248993;AJ248994;AJ248995;AJ248996;AJ248997;AJ248998;AJ248999;AJ249000;AJ249001;AJ249002;AJ249003;AJ249004;AJ249005;AJ249006;AJ249007;AJ249008;AJ249009;AJ249010;AJ249011;AJ249012;AJ249013;AJ249014;AJ249015;AJ249016;AJ249017;AJ249018;AJ249019;AJ249020;AJ249021;AJ249022;AJ249023;AJ249024;AJ249025;AJ249026;AJ249027;AJ249028;AJ249029;AJ249030;AJ249031;AJ249032;AJ249033;AJ249034;AJ249035;AJ249036,97,multiple_exact_matches,wild,AFP,,,
72,AJ249073,Epidemiologie moleculaire des poliovirus de type 1 en Afrique de:l'ouest :,,accession,AJ249073,1,single_exact_match,unknown,AFP,,,
73,AJ277196,Genomic characterization of type 3 polioviruses isolated from:vaccine-associated poliomyelitis cases in Brazil :,7581041,accession;pubmed,AJ277195;AJ277196;AJ277197;AJ277198;AJ277199;AJ277200;AJ277201;AJ277202,8,multiple_exact_matches,vaccineOrigin,unknown,,,"cannot determine case type (AFP, non-polio, healthy) from Genbank entries and cannot locate copy of paper"
74,AJ288081,A highly evolved derivative of the type 2 oral poliovaccine strain:isolated from sewage in Israel: molecular and antigenic :characterization :,,accession,AJ288081,1,single_exact_match,VDPV;wild,environmental;AFP,,,
75,AJ290808,Genomic characterization of type 2 polioviruses isolated from:vaccine-associated cases in Brazil :,8580863,accession;pubmed,AJ290787;AJ290788;AJ290789;AJ290790;AJ290791;AJ290792;AJ290793;AJ290794;AJ290795;AJ290796;AJ290797;AJ290798;AJ290799;AJ290800;AJ290801;AJ290802;AJ290803;AJ290804;AJ290805;AJ290806;AJ290807;AJ290808,22,multiple_exact_matches,vaccineOrigin,unknown,,,"cannot determine case type (AFP, non-polio, healthy) from Genbank entries and cannot locate copy of paper"
76,AJ293918,The vaccine origin of the 1968 epidemic of type 3 poliomyelitis in:Poland :,11112479,accession;pubmed,AJ293918,1,single_exact_match,USOL-D-bac,AFP,,,
77,AJ295189,Molecular identification and typing of enteroviruses isolated from:clinical specimens :,12454151,accession;pubmed,AJ295187;AJ295188;AJ295189;AJ295190,4,multiple_exact_matches,unknown,unknown,,,clinical specimens from hospital freezer
78,AJ400336,Type 2 poliovirus recombinants isolated from vaccine-associated:cases and from healthy contacts in Brazil :,8886095,accession;pubmed,AJ400321;AJ400322;AJ400323;AJ400324;AJ400325;AJ400326;AJ400327;AJ400328;AJ400329;AJ400330;AJ400331;AJ400332;AJ400333;AJ400334;AJ400335;AJ400336,16,multiple_exact_matches,vaccineOrigin,unknown,,,"cannot determine case type (AFP, non-polio, healthy) from Genbank entries and cannot locate copy of paper"
79,AJ430385,Characterization of CHAT and Cox type 1 live-attenuated poliovirus:vaccine strains :,11991962,accession;pubmed,AJ416942;AJ430385,2,multiple_exact_matches,CHAT;Cox,CHAT;Cox,,,
80,AJ512792,Presence of poliovirus type 1 in working stocks of typed human:rhinoviruses: implications for laboratory containment :,,accession,AJ512792,1,single_exact_match,,,yes,unknown lab history,
81,AJ544513,Characterisation of a type 2 poliovirus strain from long-term:excretor with CVID immunodeficiency :,,accession,AJ544513,1,single_exact_match,iVDPV,healthy,,,"early isolate from ""Birmingham man"""
82,AJ635238,Genomic mutations in oral poliovirus vaccine strains: implications:for the eradication of poliovirus :,,accession,AJ635238,1,single_exact_match,iVDPV;vaccineOrigin,unknown,,,
83,AJ699402,Genomic mutations in oral poliovirus vaccine strains:implications:for the eradication of poliovirus :,,accession,AJ699402,1,single_exact_match,iVDPV;vaccineOrigin,unknown,,,
84,AJ783774,Prevalence of vaccine-derived polioviruses in sewage and river:water in South Africa :,15996707,accession;pubmed,AJ635236;AJ635237;AJ783720;AJ783721;AJ783722;AJ783723;AJ783724;AJ783725;AJ783726;AJ783727;AJ783728;AJ783729;AJ783730;AJ783731;AJ783732;AJ783733;AJ783734;AJ783735;AJ783736;AJ783737;AJ783738;AJ783739;AJ783770;AJ783771;AJ783772;AJ783773;AJ783774;AJ783804;AJ783805;AJ783806;AJ783807;AJ783808;AJ783809;AJ783810;AJ783811;AJ783812;AJ783813;AJ783814;AJ783815;AJ783847;AJ783848;AJ783849;AJ783850;AJ783851;AJ783852;AJ783853;AJ783854;AJ783855;AJ783856;AJ783857;AJ783858;AJ783859,52,multiple_exact_matches,unknown,environmental,,,
85,AJ871589,Direct Submission:,,accession,AJ871589,1,single_exact_match,unknown,unknown,,,
86,AJ871590,Direct Submission:,,accession,AJ871590,1,single_exact_match,unknown,unknown,,,
87,AJ871591,Direct Submission:,,accession,AJ871591,1,single_exact_match,unknown,unknown,,,
88,AJ871592,Direct Submission:,,accession,AJ871592,1,single_exact_match,unknown,unknown,,,
89,AL590842 AJ414141-AJ414160,Genome sequence of Yersinia pestis_ the causative agent of plague:,11586360,pubmed,AL590842,1,single_exact_match,,,yes,not polio,
90,AM056050,Neurovirulent vaccine-derived polioviruses in sewage from highly:immune populations :,17183700,accession;pubmed,AJ288062;AM040035;AM040036;AM040037;AM040038;AM040039;AM056049;AM056050;AM158275;AM158276;AM292219;AM292220;AM292221,13,multiple_exact_matches,VDPV,environmental,,,
91,AM084225,Co-circulation and evolution of polioviruses and species C:enteroviruses in a district of Madagascar :,18085822,accession;pubmed,AM084223;AM084224;AM084225;AM774327;AM774328;AM774329;AM774330;AM774331;AM774332;AM774333;AM774334;AM774339;AM774340;AM774341;AM774342;AM774343;AM774344;AM774345;AM774346;AM774347;AM774348;AM774349;AM774350;AM774351;AM774352;AM774353;AM774354;AM774410;AM778616;AM778617;AM778618;AM778619;AM778620;AM778621;AM778622;AM778623;AM778624;AM778625;AM778626;AM778627;AM778628;AM778629;AM778630;AM778631;AM778632;AM778633;AM778634;AM778635;AM778636;AM778637;AM778638;AM778639;AM778640;AM778641;AM778642;AM778643;AM778644;AM778645;AM778646;AM778647;AM778648;AM778649;AM778650;AM778651;AM778652;AM778653;AM778654;AM778655;AM778656;AM778657;AM778658;AM778659;AM778660;AM778661;AM779111;AM779112;AM779113;AM779114;AM779115;AM779116;AM779117;AM779118;AM779119;AM779120;AM779121;AM779122;AM779123;AM779124;AM779125;AM779126;AM779127;AM779128;AM779129;AM779130;AM779131;AM779132;AM779133;AM779134;AM779135;AM779136;AM779137;AM779138;AM779139;AM779140;AM779141;AM779142;AM779143;AM779144;AM779145;AM779146;AM779147;AM779148;AM779149;AM779150;AM779151;AM779152;AM779153;AM779154;AM779155;AM779156;AM779157;AM779158;AM779159;AM779160;AM779271;AM779272;AM779273;AM779274;AM779275;AM779276;AM779277;AM779278;AM779279;AM779280;AM779281;AM779282;AM779283;AM779284;AM779285;AM779286;AM779287;AM779288;AM779289;AM779290;AM779291;AM779292;AM779293;AM779294;AM779295;AM779296;AM779297;AM779298;AM779299;AM779300;AM779301;AM779302;AM779303;AM779304;AM779305;AM779306;AM779307;AM779308;AM779309;AM779310;AM779311;AM779312;AM779313;AM779314;AM779315;AM779316;AM779426;AM779427;AM779428;AM779429;AM779430;AM779431;AM779432;AM779433;AM779434;AM779435;AM779436;AM779437;AM779438;AM779439;AM779440;AM779441;AM779442;AM779443;AM779444;AM779445;AM779446;AM779447;AM779448;AM779449;AM779450;AM779451;AM779452;AM779453;AM779454;AM779455;AM779456;AM779457;AM779458;AM779459;AM779460;AM779461;AM779462;AM779463;AM779464;AM779465;AM779466;AM779467;AM779468;AM779469;AM779470;AM779471;AM884184;AM884185,218,multiple_exact_matches,cVDPV;wild,AFP;healthy,,,
92,AM707037,Genetic features of polioviruses isolated in Tunisia_ 1991-2006:,,accession,AM707037,1,single_exact_match,wild,AFP,,,
93,AX348201,Method for controlling the microbiological quality of an aqueous:medium and kit therefor :,,accession,AX348201,1,single_exact_match,,,yes,patent;fragment,
94,AY015667,Rapid detection and specific identification of polioviruses by:multiplex pcr: surveillance of poliomyelitis in Spain :,,accession,AY015667,1,single_exact_match,unknown,unknown,,,
95,AY017264,Molecular evolution of a type 1 wild-vaccine poliovirus recombinant:during widespread circulation in China :,11070012,accession;pubmed,AF111950;AF111951;AF111952;AF111953;AF111954;AF111955;AF111956;AF111957;AF111958;AF111959;AF111960;AF111961;AF111962;AF111963;AF111964;AF111965;AF111966;AF111967;AF111968;AF111969;AF111970;AF111971;AF111972;AF111973;AF111974;AF111975;AF111976;AF111977;AF111978;AF111979;AF111980;AF111981;AF111982;AF111983;AF518076;AF518077;AF518078;AF518079;AF518080;AF518081;AF518082;AF518083;AF518084;AF518085;AF518086;AF518087;AF518088;AF518089;AF518090;AF518091;AF518092;AF518093;AF518094;AF518095;AF518096;AF518097;AY017229;AY017230;AY017231;AY017232;AY017233;AY017234;AY017235;AY017236;AY017237;AY017238;AY017239;AY017240;AY017241;AY017242;AY017243;AY017244;AY017245;AY017246;AY017247;AY017248;AY017249;AY017250;AY017251;AY017252;AY017253;AY017254;AY017255;AY017256;AY017257;AY017258;AY017259;AY017260;AY017261;AY017262;AY017263;AY017264,92,multiple_exact_matches,wild-vaccine,AFP,,,
96,AY056711,Investigation of the presence of recombinant polioviruses in the:hit population in Albania during the 1996 outbreak :,11773144,accession;pubmed,AY056620;AY056621;AY056622;AY056623;AY056624;AY056625;AY056626;AY056627;AY056628;AY056629;AY056630;AY056631;AY056632;AY056633;AY056634;AY056635;AY056636;AY056637;AY056638;AY056639;AY056640;AY056641;AY056642;AY056643;AY056644;AY056645;AY056646;AY056647;AY056648;AY056649;AY056650;AY056651;AY056652;AY056653;AY056654;AY056655;AY056656;AY056657;AY056658;AY056659;AY056660;AY056661;AY056662;AY056663;AY056664;AY056665;AY056666;AY056667;AY056668;AY056669;AY056670;AY056671;AY056672;AY056673;AY056674;AY056675;AY056676;AY056677;AY056678;AY056679;AY056680;AY056681;AY056682;AY056683;AY056684;AY056685;AY056686;AY056687;AY056688;AY056689;AY056690;AY056691;AY056692;AY056693;AY056697;AY056699;AY056700;AY056701;AY056702;AY056703;AY056707;AY056708;AY056709;AY056710;AY056711;AY056712;AY056713;AY056714;AY056715;AY056716;AY056717;AY056718;AY056719;AY056720;AY056721;AY056722;AY056723;AY056724;AY056725;AY056726;AY056727;AY056728;AY056729;AY056730;AY056731;AY056732;AY056733;AY056734;AY056735;AY056736;AY056737;AY056738;AY056739;AY056740;AY056741;AY056742;AY056743;AY056744;AY056745;AY056746;AY056747;AY056748;AY056749;AY056750;AY056751;AY056752;AY056753;AY056754;AY056755;AY056756;AY056757;AY056758;AY056759;AY056760;AY056761;AY056762;AY056763;AY056764;AY056765;AY056766;AY056767;AY056768;AY056769;AY056770;AY056771;AY056772;AY056773;AY056774;AY056775;AY056776;AY056777,151,multiple_exact_matches,wild,AFP,,,
97,AY082675,Russian reference poliovirus strains:,,accession,AY082675,1,single_exact_match,wild,unknown,,,
98,AY082677,Poliovirus type 2 reference sequences:,,accession,AY082677,1,single_exact_match,W-2;Lederle2:MEF1,W-2;Lederle2:MEF1,,,
99,AY082685,Poliovirus type 3 reference sequences:,,accession,AY082685,1,single_exact_match,FOX3;Lederle3;Leon37;Saukett,FOX3;Lederle3;Leon37;Saukett,,,
100,AY082686,Poliovirus type 1 reference sequences:,,accession,AY082686,1,single_exact_match,Lederle1;Mahoney;Brunhilde;CHAT,Lederle1;Mahoney;Brunhilde;CHAT,,,
101,AY177685,Nucleotide variation in Sabin type 2 poliovirus from an:immunodeficient patient with poliomyelitis :,12692287,accession;pubmed,AY177685,1,single_exact_match,iVDPV,AFP,,,
102,AY184219,Microevolution of Sabin 1 strain in vitro and genetic stability of:oral poliovirus vaccine :,8009849,accession;pubmed,AY184219,1,single_exact_match,Sabin1,Sabin 1,,,
103,AY184220,Mutations in Sabin 2 strain of poliovirus and stability of:attenuation phenotype :,10329577,accession;pubmed,AY184220,1,single_exact_match,Sabin2,Sabin 2,,,
104,AY184221,Microevolution of type 3 Sabin strain of poliovirus in cell :cultures and its implications for oral poliovirus vaccine quality:control :,7645242,accession;pubmed,AY184221,1,single_exact_match,Sabin3,Sabin 3,,,
105,AY189178,Reduced frequency of HLA DRB1*03-DQB1*02 in children with type 1:diabetes associated with enterovirus RNA :,12721936,accession;pubmed,AY189168;AY189172;AY189177;AY189178,4,multiple_exact_matches,,,yes,fragment,
106,AY189894,Environmental surveillance system to track wild poliovirus:transmission :,12732567,accession;pubmed,AY189834;AY189835;AY189836;AY189837;AY189838;AY189839;AY189840;AY189841;AY189842;AY189843;AY189844;AY189845;AY189846;AY189847;AY189848;AY189849;AY189850;AY189851;AY189852;AY189853;AY189854;AY189855;AY189856;AY189857;AY189858;AY189859;AY189860;AY189861;AY189862;AY189863;AY189864;AY189865;AY189866;AY189867;AY189868;AY189869;AY189870;AY189871;AY189872;AY189873;AY189874;AY189875;AY189876;AY189877;AY189878;AY189879;AY189880;AY189881;AY189882;AY189883;AY189884;AY189885;AY189886;AY189887;AY189888;AY189889;AY189890;AY189891;AY189892;AY189893;AY189894,61,multiple_exact_matches,wild,environmental;AFP;healthy,,,
107,AY211513,Evolution of wild type 1 poliovirus in two healthy siblings:excreting the virus over a period of six months :,,accession,AY211513,1,single_exact_match,wild,healthy,,,
108,AY221243,The Mechanism of Poliovirus Eradication:,,accession,AY221243,1,single_exact_match,wild,AFP,,,
109,AY238473,Evaluation of immunogenicity and protective properties of :inactivated poliovirus vaccines: a new surrogate method for:predicting vaccine efficacy :,15378432,accession;pubmed,AY238473,1,single_exact_match,MEF1,MEF1,,,
110,AY241265,Importation and circulation of poliovirus in Bulgaria_ 2001:,,accession,AY241265,1,single_exact_match,wild,AFP,,,
111,AY253227,Wild Poliovirus Transmission in India:,,accession,AY253227,1,single_exact_match,wild,AFP,,,
112,AY278553,Retrospective analysis of a local cessation of vaccination against:poliomyelitis: a possible scenario for the future :,14610170,accession;pubmed,AY278549;AY278550;AY278551;AY278552;AY278553,5,multiple_exact_matches,vaccineOrigin,AFP;healthy,,,
113,AY278864,Microarray analysis of evolution of RNA viruses: new evidence of:circulation of virulent highly divergent vaccine-derived :polioviruses :,,accession,AY278864,1,single_exact_match,vaccineOrigin,healthy,,,
114,AY297768,Recombinations in poliovirus vaccine strains:,,accession,AY297768,1,single_exact_match,vaccineOrigin,unknown,,,
115,AY297769,Site analysis of recombinant and mutant poliovirus isolates of:Sabin origin from patients and from vaccinees :,15051119,accession;pubmed,AY297758;AY297759;AY297760;AY297763;AY297764;AY297765;AY297766;AY297769,8,multiple_exact_matches,vaccineOrigin,unknown,,,paper and genbank do not provide sufficient info to link all samples to the case ID
116,AY308802,Polio Type 2 Reference Strain:,,accession,AY308802,1,single_exact_match,USA53,unknown,,,
117,AY323852,Evolution of wild-type 1 poliovirus in two healthy siblings:excreting the virus over a period of 6 months :,14769894,accession;pubmed,AY323842;AY323843;AY323844;AY323845;AY323846;AY323847;AY323848;AY323849;AY323850;AY323851;AY323852,11,multiple_exact_matches,wild,healthy,,,
118,AY359873,Human poliovirus 3 strain LH polyprotein gene:,,accession,AY359873,1,single_exact_match,,,yes,unknown provinence,
119,AY359874,Poliovirus 3 strain LH polyprotein_ partial VP3-VP1 region:,,accession,AY359874,1,single_exact_match,,,yes,unknown provinence,
120,AY359875,Human poliovirus 3 strain Fox polyprotein_ partial VP3-VP1 region:,,accession,AY359875,1,single_exact_match,,,yes,unknown provinence,
121,AY365245,Dynamic circulation of Polioviruses in India:,,accession,AY365245,1,single_exact_match,wild,AFP,,,
122,AY421739,Characterization of a highly evolved vaccine-derived poliovirus:type 3 isolated from sewage in Estonia :,15078968,accession;pubmed,AY421739,1,single_exact_match,VDPV,environmental,,,
123,AY531200,Environmental surveillance of wild poliovirus circulation in:Egypt--balancing between detection sensitivity and workload :,15847928,accession;pubmed,AY528653;AY528654;AY528655;AY528656;AY528657;AY528658;AY528659;AY528660;AY528661;AY528662;AY528663;AY531129;AY531130;AY531131;AY531132;AY531133;AY531134;AY531135;AY531136;AY531137;AY531138;AY531139;AY531140;AY531141;AY531142;AY531143;AY531144;AY531145;AY531146;AY531147;AY531148;AY531149;AY531150;AY531151;AY531152;AY531153;AY531154;AY531155;AY531156;AY531157;AY531158;AY531159;AY531160;AY531161;AY531162;AY531163;AY531164;AY531165;AY531166;AY531167;AY531168;AY531169;AY531170;AY531171;AY531172;AY531173;AY531174;AY531175;AY531176;AY531177;AY531178;AY531179;AY531180;AY531181;AY531182;AY531183;AY531184;AY531185;AY531186;AY531187;AY531188;AY531189;AY531190;AY531191;AY531192;AY531193;AY531194;AY531195;AY531196;AY531197;AY531198;AY531199;AY531200,83,multiple_exact_matches,unknown,environmental,,,wild vs vaccine not determinable from entry
124,AY560657,Direct Submission:,,accession,AY560657,1,single_exact_match,Brunhilde,Brunhilde,,,
125,AY563379,Membrane adsorption with direct cell culture combined with reverse:transcription-PCR as a fast method for identifying enteroviruses :from sewage :,15640172,accession;pubmed,AY563379,1,single_exact_match,,,yes,"/note=""nonfunctional VP1 protein due to mutation""",
126,AY618458,Molecular epidemiology of wild poliovirus type 1 circulation in :West and Central Africa_ from 1997 to 1999_ using genotyping with a:restriction fragment length polymorphism assay :,18060590,accession;pubmed,AY618419;AY618420;AY618421;AY618422;AY618423;AY618424;AY618425;AY618426;AY618427;AY618428;AY618429;AY618430;AY618431;AY618432;AY618433;AY618434;AY618435;AY618436;AY618437;AY618438;AY618439;AY618440;AY618441;AY618442;AY618443;AY618444;AY618445;AY618446;AY618447;AY618448;AY618449;AY618450;AY618451;AY618452;AY618453;AY618454;AY618455;AY618456;AY618457;AY618458,40,multiple_exact_matches,wild,AFP,,,
127,AY649330,Spread of vaccine-derived poliovirus from a paralytic case in an:immunodeficient child: an insight into the natural evolution of :oral polio vaccine :,15613335,accession;pubmed,AY649327;AY649328;AY649329;AY649330,4,multiple_exact_matches,iVDPV,AFP;environmental,,,
128,AY741367,Direct Submission:,,accession,AY741367,1,single_exact_match,wild,AFP,,,
129,AY741398,Genomic analysis of recombinant sabin clinical isolates:,16604453,accession;pubmed,AY736177;AY736178;AY736179;AY736180;AY736181;AY741398,6,multiple_exact_matches,vaccineOrigin,unknown,,,
130,AY820973,Recombinant Sabin environmental isolates in Greece and Cyprus:,18031522,accession;pubmed,AY820970;AY820971;AY820972;AY820973;DQ150696;DQ150697;DQ150698;DQ150699,8,multiple_exact_matches,vaccineOrigin,environmental,,,
131,AY820975,Vaccine derived bi- and multi-recombinant Sabin strains:,17680217,accession;pubmed,AY738635;AY738636;AY738637;AY820974;AY820975,5,multiple_exact_matches,vaccineOrigin,AFP,,,
132,AY830710,Evolution of a rare vaccine-derived multirecombinant poliovirus:,16227237,accession;pubmed,AY830709;AY830710,2,multiple_exact_matches,vaccineOrigin,AFP,,,
133,AY923837,Advanced environmental surveillance and molecular analyses indicate:separate importations rather than endemic circulation of wild type :1 poliovirus in Gaza district in 2002 :,17660306,accession;pubmed,AM056055;AM056056;AY923837,3,multiple_exact_matches,wild,environmental,,,
134,AY945798,Detection of unusual mutation within the VP1 region of different:re-isolates of poliovirus Sabin vaccine :,16972033,accession;pubmed,AY945784;AY945785;AY945786;AY945787;AY945788;AY945789;AY945790;AY945791;AY945792;AY945793;AY945794;AY945795;AY945796;AY945797;AY945798,15,multiple_exact_matches,vaccineOrigin,AFP,,,
135,AY948201,Characterization of a rare natural intertypic type 2/type 3 :penta-recombinant vaccine-derived poliovirus isolated from a child:with acute flaccid paralysis :,19846676,accession;pubmed,AY948201,1,single_exact_match,vaccineOrigin,AFP,,,
136,AY960850,Molecular Characterization of Wild-Type Polioviruses Isolated in:Greece during the 1996 Outbreak in Albania :,16517917,accession;pubmed,AY956405;AY956406;AY956407;AY956408;AY956409;AY956410;AY960848;AY960849;AY960850,9,multiple_exact_matches,wild,AFP,,,
137,AY962588,Characterization of wild type polioviruses isolated in Greece:during the 1996 outbreak in Albania :,,accession,AY962588,1,single_exact_match,wild,AFP,,,
138,CS406483,Modulation of replicative fitness by using less frequently used:synonymous codons :,,accession,CS406483,1,single_exact_match,engineered,engineered,,,
139,D00262,The effect of sequences in the 5' non-coding region on the:replication of polioviruses in the human gut :,2836553,accession;pubmed,D00254;D00255;D00256;D00257;D00258;D00259;D00260;D00261;D00262;D00263,10,multiple_exact_matches,vaccineOrigin,healthy,,,
140,D00625,Localization of genomic regions specific for the attenuated_:mouse-adapted poliovirus type 2 strain W-2 :,2154539,accession;pubmed,D00625,1,single_exact_match,,,yes,mouse-adapted,
141,DI499176,IDENTIFICATION OF POLIOVIRUS STRAINS:,,accession,DI499176,1,single_exact_match,,,yes,patent;fragment,
142,DQ167414,Detection of enteroviruses and mammalian reoviruses in Korean:environmental waters :,17053314,accession;pubmed,DQ167414,1,single_exact_match,unknown,environmental,,,
143,DQ205099,Modulation of Poliovirus Replicative Fitness in HeLa Cells by:Deoptimization of Synonymous Codon Usage in the Capsid Region:,16537593,accession;pubmed,DQ205099,1,single_exact_match,engineered,engineered,,,
144,DQ264317,Antigenic evolution of vaccine-derived polioviruses: changes in:individual epitopes and relative stability of the overall :immunological properties :,16501074,accession;pubmed,DQ264247;DQ264248;DQ264249;DQ264250;DQ264251;DQ264252;DQ264253;DQ264254;DQ264255;DQ264256;DQ264257;DQ264258;DQ264259;DQ264260;DQ264261;DQ264262;DQ264263;DQ264264;DQ264265;DQ264266;DQ264267;DQ264268;DQ264269;DQ264270;DQ264271;DQ264272;DQ264273;DQ264274;DQ264275;DQ264276;DQ264277;DQ264278;DQ264279;DQ264280;DQ264281;DQ264282;DQ264283;DQ264284;DQ264285;DQ264286;DQ264287;DQ264288;DQ264289;DQ264290;DQ264291;DQ264292;DQ264293;DQ264294;DQ264295;DQ264296;DQ264297;DQ264298;DQ264299;DQ264300;DQ264301;DQ264302;DQ264303;DQ264304;DQ264305;DQ264306;DQ264307;DQ264308;DQ264309;DQ264310;DQ264311;DQ264312;DQ264313;DQ264314;DQ264315;DQ264316;DQ264317;DQ264318;DQ264319;DQ264320;DQ264321;DQ264322;DQ264323;DQ264324;DQ264325;DQ264326;DQ264327;DQ264328;DQ264329;DQ264330;DQ264331;DQ264332;DQ264333;DQ264334;DQ264335;DQ264336;DQ264337;DQ264338;DQ264339;DQ264340;DQ264341;DQ264342;DQ264343;DQ264344;DQ264345;DQ264346;DQ264347;DQ264348;DQ264349;DQ264350;DQ264351;DQ264352;DQ264353;DQ264354;DQ264355;DQ264356;DQ264357;DQ264358;DQ264359;DQ264360;DQ264361;DQ264362;DQ264363;DQ264364;DQ264365;DQ264366;DQ264367;DQ264368;DQ264369;DQ264370;DQ264371;DQ264372;DQ264373;DQ264374;DQ264375;DQ264376;DQ264377;DQ264378;DQ264379;DQ264380;DQ264381;DQ264382;DQ264383;DQ264384;DQ264385;DQ264386;DQ264387;DQ264388;DQ264389;DQ522896,144,multiple_exact_matches,vaccineOrigin,healthy;environmental;AFP,,,
145,DQ411569,Genetic drift of poliovirus type 1 during 51 months of prolonged:intestinal replication in an immunodeficient patient :,,accession,DQ411569,1,single_exact_match,iVDPV,AFP,,,
146,DQ522896,Genomic analysis of vaccine-derived poliovirus strains in stool:specimens by combination of full-length PCR and oligonucleotide:microarray hybridization :,15956413,accession;pubmed,DQ522896,1,single_exact_match,vaccineOrigin,healthy,,,
147,DQ655667,Isolation of a vaccine derived poliovirus type 2 from a:immunodeficient child vacinated with OPV :,,accession,DQ655667,1,single_exact_match,iVDPV,AFP,,,
148,DQ787796,Use of mutational pattern in 5'-NCR and VP1 regions of polioviruses:for molecular diagnosis :,17336496,accession;pubmed,DQ787783;DQ787784;DQ787785;DQ787786;DQ787787;DQ787788;DQ787789;DQ787790;DQ787791;DQ787792;DQ787793;DQ787794;DQ787795;DQ787796;DQ792910;DQ792911;DQ792912;DQ792913;DQ792914;DQ792915;DQ792916;DQ792917;DQ792918;DQ792919;DQ792920;DQ792921;DQ792922;DQ792923,28,multiple_exact_matches,vaccineOrigin,AFP;healthy,,,
149,DQ890388,Isolation of recombinant type 2 vaccine-derived poliovirus (VDPV):from a Nigerian child :,17449127,accession;pubmed,DQ890385;DQ890386;DQ890387;DQ890388,4,multiple_exact_matches,vaccineOrigin,AFP,,,
150,EF374030,Calibration of multiple poliovirus molecular clocks covering an:extended evolutionary range :,18287242,accession;pubmed,EF374000;EF374001;EF374002;EF374003;EF374004;EF374005;EF374006;EF374007;EF374008;EF374009;EF374010;EF374011;EF374012;EF374013;EF374014;EF374015;EF374016;EF374017;EF374018;EF374019;EF374020;EF374021;EF374022;EF374023;EF374024;EF374025;EF374026;EF374027;EF374028;EF374029;EF374030,31,multiple_exact_matches,wild,AFP,,,
151,EF420871,Identification and characterization of type 2 and type 3 vaccine :derived polioviruses isolated during an outbreak of poliomyelitis:in Madagascar in 2005 :,,accession,EF420871,1,single_exact_match,vaccineOrigin,AFP,,,
152,EF456706,Retrospective characterization of a vaccine-derived poliovirus type:1 isolate from sewage in Greece :,17827314,accession;pubmed,EF456706,1,single_exact_match,vaccineOrigin,environmental,,,
153,EF456707,Complete genomic characterization of an intertypic Sabin 3/Sabin 2:capsid recombinant :,18328076,accession;pubmed,EF456707,1,single_exact_match,vaccineOrigin,healthy,,,
154,EF490681,Isolation of sabin-like polioviruses from wastewater in a country:using inactivated polio vaccine :,18641161,accession;pubmed,DQ841124;DQ841125;DQ841126;DQ841127;DQ841128;DQ841129;DQ841130;DQ841131;DQ841132;DQ841133;DQ841134;DQ841135;DQ841136;DQ841137;DQ841138;DQ841139;DQ841140;EF490669;EF490670;EF490671;EF490672;EF490673;EF490674;EF490675;EF490676;EF490677;EF490678;EF490679;EF490680;EF490681,30,multiple_exact_matches,SabinLike,environmental,,,
155,EF628464,Reemergence of recombinant vaccine-derived poliovirus outbreak in:Madagascar :,18419577,accession;pubmed,EF628385;EF628386;EF628387;EF628408;EF628409;EF628410;EF628411;EF628420;EF628429;EF628430;EF628431;EF628432;EF628442;EF628443;EF628444;EF628445;EF628446;EF628447;EF628448;EF628449;EF628450;EF628451;EF628452;EF628453;EF628454;EF628455;EF628456;EF628457;EF628458;EF628459;EF628460;EF628464;EF634009;EF634010;EF634011;EF634012;HQ738286;HQ738287;HQ738289;HQ738290;HQ738291;HQ738292;HQ738293;HQ738294;HQ738295;HQ738296;HQ738297;HQ738298;HQ738299;HQ738300;HQ738301;HQ738302;HQ738303,53,multiple_exact_matches,cVDPV,AFP;healthy,,,
156,EF682359,Transmission of Imported Vaccine-derived Poliovirus in an Amish:Community --- Minnesota_ USA_ 2005 :,,accession,EF682359,1,single_exact_match,cVDPV,healthy,,,Pubmed 19090774
157,EU004574,Molecular analysis and implications of neurovirulent circulating :vaccine-derived poliovirus in Jamaica. A case report and review of:literature :,19090774,accession,EU004574,1,single_exact_match,cVDPV,healthy,,,Pubmed 19090774
158,EU046227,Identification and characterization of poliovirus type 1 (India:genotype) during the outbreak of poliomyelitis in Africa :,,accession,EU046227,1,single_exact_match,wild,AFP,,,
159,EU049856,Interrupting wild poliovirus transmission using oral poliovirus:vaccine: environmental surveillance in high-risks area of India:,18551602,accession;pubmed,EU049849;EU049850;EU049851;EU049852;EU049853;EU049854;EU049855;EU049856,8,multiple_exact_matches,wild,AFP;environmental,,,
160,EU566950,Paralysis Associated and Contact Spreading of an Imported:Recombinant Vaccine Derived Poliovirus in Spain :,,accession,EU566950,1,single_exact_match,iVDPV,AFP,,,"despite title, all reported isolates are listed are from immunocompromised patient"
161,EU598487,A new RT-PCR assay for the identification of the predominant :recombination types in 2C and 3D genomic regions of vaccine-derived:poliovirus strains :,19948215,accession;pubmed,EU598486;EU598487;EU598488,3,multiple_exact_matches,vaccineOrigin,environmental,,,
162,EU598488,Growth kinetic analysis of bi-recombinant poliovirus vaccine:strains :,20091423,accession;pubmed,EU598469;EU598470;EU598472;EU598476;EU598477;EU598481;EU598482;EU598488;FJ609747;FJ609748;FJ609749;FJ609761;FJ609762;FJ609763;FJ609767;FJ609769;FJ609778;GU256636;GU256637,19,multiple_exact_matches,vaccineOrigin,AFP,,,
163,EU684057,Isolation of a type 3 vaccine-derived poliovirus (VDPV) from an:Iranian child with X-linked agammaglobulinemia :,18674576,accession;pubmed,EU684056;EU684057,2,multiple_exact_matches,iVDPV,AFP,,,
164,EU715814,Determination of the role of mutations and recombination in growth:rates of Poliovirus vaccine strains :,,accession,EU715814,1,single_exact_match,vaccineOrigin,unknown,,,
165,EU794964,Changes in population dynamics during long-term evolution of sabin:type 1 poliovirus in an immunodeficient patient :,18596089,accession;pubmed,EU794953;EU794954;EU794955;EU794956;EU794957;EU794958;EU794959;EU794960;EU794961;EU794962;EU794963;EU794964,12,multiple_exact_matches,iVDPV,healthy,,,
166,EU918390,Molecular characterization of poliovirus isolates from children who:contracted vaccine-associated paralytic poliomyelitis (VAPP) :following administration of monovalent type 3 oral poliovirus :vaccine in the 1960s in Hungary :,19863665,accession;pubmed,EU918372;EU918373;EU918374;EU918375;EU918376;EU918377;EU918378;EU918379;EU918380;EU918381;EU918382;EU918384;EU918385;EU918386;EU918387;EU918388;EU918389;EU918390,18,multiple_exact_matches,vaccineOrigin,AFP,,,
167,FB743423,Attenuated polio viruses:,,accession,FB743423,1,single_exact_match,,,yes,Sabin 3 fragment,
168,FJ437006,Environmental Poliovirus Surveillance in Switzerland 2006-2008:,,accession,FJ437006,1,single_exact_match,unknown,environmental,,,
169,FJ456966,Chronic excretion of vaccine-derived poliovirus type 1 in an:immunodeficient patient from Germany :,,accession,FJ456966,1,single_exact_match,iVDPV,unknown,,,
170,FJ460227,Comparison of poliovirus recombinants: accumulation of point:mutations provides further advantages :,19403755,accession;pubmed,FJ460223;FJ460224;FJ460225;FJ460226;FJ460227,5,multiple_exact_matches,vaccineOrigin,healthy,,,
171,FJ492827,Detection and Quantification of Enteroviruses in Coastal Seawater:of Bohai Bay_ Tianjin_ China :,,accession,FJ492827,1,single_exact_match,unknown,environmental,,,
172,FJ517649,Evolution of the Sabin vaccine into pathogenic derivatives without:appreciable changes in antigenic properties: need for improvement :of current poliovirus surveillance :,19129444,accession;pubmed,FJ517648;FJ517649,2,multiple_exact_matches,vaccineOrigin,AFP,,,
173,FJ598093,An outbreak of hand-foot-mouth disease due to EV71/CoxA16 in:Guangdong_ China_ in 2008 :,,accession,FJ598093,1,single_exact_match,unknown,AFP,,,
174,FJ609772,Study of antigenic evolution of vaccine poliovirus strains and :determination of their immunological properties in Greek population:,,accession,FJ609772,1,single_exact_match,vaccineOrigin,unknown,,,"likely from healthy subjects (based on the number of isolates available), but no metadata is available to confirm"
175,FJ769385,An Insight into Recombination with Enterovirus Species C and :Nucleotide G-480 Reversion from the Viewpoint of Neurovirulence of:Vaccine-Derived Polioviruses :,26603565,accession;pubmed,FJ769378;FJ769379;FJ769380;FJ769381;FJ769382;FJ769383;FJ769384;FJ769385,8,multiple_exact_matches,vaccineOrigin,AFP,,,
176,FJ839689,Outbreak of poliomyelitis in Finland in 1984-85 - Re-analysis of:viral sequences using the current standard approach :,19883702,accession;pubmed,FJ839686;FJ839687;FJ839688;FJ839689;FJ842158;FJ842159;FJ842160;FJ842161;FJ842162;FJ842163;FJ842164;FJ842165;FJ842166;FJ842167;FJ842168;FJ842169;FJ842170;FJ842171;FJ842172;FJ842173;FJ842174;FJ842175;FJ842176;FJ842177;FJ842178;FJ842179;FJ842180;FJ842181;FJ842182;FJ842183;FJ842184;FJ842185;FJ842186;FJ842187;FJ842188;FJ842189;FJ842190;FJ842191;FJ842192;FJ842193;FJ842194;FJ842195;FJ842196;FJ842197;FJ842198;FJ842199;FJ842200;FJ842201;FJ842202;FJ842203;FJ842204;FJ842205;FJ842206;FJ842207;FJ842208;FJ842209;FJ842210;FJ842211;FJ842212;FJ842213;FJ842214;FJ842215;FJ842216;FJ842217;FJ842218;FJ842219;FJ842220;FJ842221;FJ842222;FJ842223;FJ842224;FJ842225;FJ842226;FJ842227;FJ842228;FJ842229;FJ842230;FJ842231;FJ842232;FJ842233;FJ842234;FJ842235;FJ842236;FJ842237;FJ842238;FJ842239;FJ842240;FJ842241;FJ842242;FJ842243;FJ842244;FJ842245;FJ842246;FJ842247;FJ842248;FJ842249;FJ842250;FJ842251;FJ842252;FJ842253;FJ842254;FJ842255;FJ842256;FJ842257;FJ842258;FJ842259;FJ842260;FJ914252,108,multiple_exact_matches,wild;vaccineOrigin,AFP,,,
177,FJ859064,Emergence and localized circulation of a vaccine-derived poliovirus:in an isolated mountain community in guangxi_ china :,20631095,accession;pubmed,FJ859058;FJ859059;FJ859060;FJ859061;FJ859062;FJ859063;FJ859064,7,multiple_exact_matches,cVDPV,AFP,,,
178,FJ859192,Natural type 3/type 2 intertypic vaccine-related poliovirus :recombinants with the first crossover sites within the VP1 capsid:coding region :,21203565,accession;pubmed,FJ859183;FJ859184;FJ859185;FJ859186;FJ859187;FJ859188;FJ859189;FJ859190;FJ859191;FJ859192,10,multiple_exact_matches,vaccineOrigin,AFP;healthy,,,
179,FJ868312,Identification of 20 common human enterovirus serotypes by use of a:reverse transcription-PCR-based reverse line blot hybridization :assay :,19571022,accession;pubmed,FJ868310;FJ868311;FJ868312,3,multiple_exact_matches,unknown,AFP,,,
180,FJ868336,Direct Submission:,,accession,FJ868336,1,single_exact_match,unknown,AFP,,,
181,FJ898290,A Sabin 2-related poliovirus recombinant contains a homologous :sequence of human enterovirus species C in the viral polymerase:coding region :,19946714,accession;pubmed,FJ898290,1,single_exact_match,vaccineOrigin,AFP,,,
182,FR715560,The frequency and biodiversity of poliovirus and non-polio :enterovirus strains isolated from healthy children living in a:limited area in Romania :,,accession,FR715560,1,single_exact_match,unknown,healthy,,,
183,FV537077,Modified Microbial Nucleic Acid:,,accession,FV537077,1,single_exact_match,,,yes,patent,
184,GM709485,Oligonucleotide microarray for identification of pathogens:,,accession,GM709485,1,single_exact_match,,,yes,patent;fragment,
185,GN353743,Viral nucleic acid microarray and method of use:,,accession,GN353743,1,single_exact_match,,,yes,patent;fragment,
186,GQ331952,Enteric viruses in raw vegetables and groundwater used for:irrigation in South Korea :,19854919,accession;pubmed,GQ331952,1,single_exact_match,unknown,environmental,,,
187,GQ506664,Molecular characterization of circulating Human enteroviruses in:India :,,accession,GQ506664,1,single_exact_match,unknown,AFP-CSF,,,
188,GQ984141,OPV-like Poliovirus Type 1 Detection in Patients with Severe Acute:Respiratory Syndrome: a Retrospective Study :,,accession,GQ984141,1,single_exact_match,vaccineOrigin,healthy,,,
189,GU180608,Retrospective molecular and phenotypic analysis of poliovirus:vaccine strains isolated in Greece :,21375661,accession;pubmed,GU180608,1,single_exact_match,vaccineOrigin,AFP,,,
190,GU236309,Direct Submission:,,accession,GU236309,1,single_exact_match,unknown,AFP,,,
191,GU236310,Direct Submission:,,accession,GU236310,1,single_exact_match,unknown,AFP,,,
192,GU236311,Direct Submission:,,accession,GU236311,1,single_exact_match,unknown,AFP,,,
193,GU236312,Direct Submission:,,accession,GU236312,1,single_exact_match,unknown,AFP,,,
194,GU236313,Direct Submission:,,accession,GU236313,1,single_exact_match,unknown,AFP,,,
195,GU236314,Direct Submission:,,accession,GU236314,1,single_exact_match,unknown,AFP,,,
196,GU256222,Isolation of a recombinant type 3/type 2 poliovirus with a chimeric:capsid VP1 from sewage in Shandong_ China :,20206214,accession;pubmed,GU256222,1,single_exact_match,vaccineOrigin,environmental,,,
197,GU380286,Recurrent isolation of poliovirus 3 strains with chimeric capsid:protein Vp1 suggests a recombination hot-spot site in Vp1 :,20493912,accession;pubmed,GU380272;GU380273;GU380274;GU380275;GU380276;GU380277;GU380278;GU380279;GU380280;GU380281;GU380282;GU380283;GU380284;GU380285;GU380286,15,multiple_exact_matches,vaccineOrigin,AFP,,,
198,GU390706,Brief Report: Neuroinvasive Immunodeficiency-Associated :Vaccine-Derived Poliomyelitis Thirteen Years after Infection -:Minnesota_ 2008 :,,accession,GU390706,1,single_exact_match,iVPDV;cVDPV,AFP,,,
199,GU903889,Detection and molecular identification of human adenoviruses and:enteroviruses in wastewater from Morocco :,22324352,accession;pubmed,GU903889,1,single_exact_match,unknown,environmental,,,
200,GU906272,Isolation and molecular characterization of Poliovirus-3 from the:respiratory tract in Nairobi_ Kenya :,,accession,GU906272,1,single_exact_match,unknown,AFP-throat,,,
201,GU951803,Identification and molecular characterisation of an Indian genotype:of poliovirus type 1 isolated during outbreaks of poliomyelitis in :the Democratic Republic of Congo (DRC) from 2006 - 2008 :,,accession,GU951803,1,single_exact_match,wild,AFP,,,
202,HF913428,Reemergence of Recombinant Vaccine-derived Polioviruses in Healthy:Children_ Madagascar :,23735779,accession;pubmed,HF913426;HF913427;HF913428,3,multiple_exact_matches,VDPV,healthy,,,
203,HM107835,Type 2 vaccine-derived poliovirus from patients with acute flaccid:paralysis in china: current immunization strategy effectively :prevented its sustained transmission :,21050127,accession;pubmed,HM107832;HM107833;HM107834;HM107835,4,multiple_exact_matches,vaccineOrigin,AFP,,,
204,HM134120,Vaccine Derived Polioviruses (VDPV) threatening eradication of:polio in the Democratic Republic of Congo (DRC) :,,accession,HM134120,1,single_exact_match,cVDPV,AFP,,,
205,HM537011,Determination of antigenic properties of vaccine derived poliovirus:strains :,20974307,accession;pubmed,HM537000;HM537001;HM537002;HM537003;HM537004;HM537005;HM537006;HM537007;HM537008;HM537009;HM537010;HM537011,12,multiple_exact_matches,vaccineOrigin,environmental;AFP;healthy,,,
206,HQ286321,The Picornaviruses Chapter 26: The poliovirus eradication:initiative :,,accession,HQ286321,1,single_exact_match,wild,AFP,,,
207,HQ317702,Identification and characterization of poliovirus type 1 (India :genotype) during the outbreak of poliomyelitis in Tajikistan 2010:,,accession,HQ317702,1,single_exact_match,wild,AFP,,,
208,HQ694496,Virological surveillance of enteroviruses from healthy children in:the border areas with Myanma_ Yunnan Province_ China_ 2009 :,,accession,HQ694496,1,single_exact_match,vaccineOrigin,healthy,,,
209,HQ703555,Antiviral Activity of 3(2H)- and 6-Chloro-3(2H)-Isoflavenes against:Highly Diverged_ Neurovirulent Vaccine-Derived_ Type2 Poliovirus :Sewage Isolates :,21904594,accession;pubmed,HQ703551;HQ703552;HQ703553;HQ703554;HQ703555,5,multiple_exact_matches,vaccineOrigin,environmental,,,
210,HV202313,Replication-competent recombinant sabin type 1 strain of poliovirus:,,accession,HV202313,1,single_exact_match,,,yes,patent; unknown design,
211,HZ037987,ATTENUATED VIRUSES USEFUL FOR VACCINES:,,accession,HZ037987,1,single_exact_match,,,yes,patent; Mahoney copy,
212,J02283,Poliovirus type 3: molecular cloning of the genome and nucleotide:sequence of the region encoding the protease and polymerase :proteins :,6298739,accession;pubmed,J02283,1,single_exact_match,,,yes,Sabin 3 fragment,
213,JF313104,Poliovirus reference strains:,,accession,JF313104,1,single_exact_match,wild;VDPV,AFP,,,
214,JF343828,Occurrence of human enteric viruses at freshwater beaches during:swimming season and its link to water inflow :,24333998,accession;pubmed,JF343824;JF343825;JF343826;JF343827;JF343828,5,multiple_exact_matches,,,yes,fragments; likely false homology with Sabin in OPV-free era,
215,JF838278,Robustness against serum neutralization of a poliovirus type 1 from:a lethal epidemic of poliomyelitis in the Republic of Congo in 2010:,25136105,accession;pubmed,JF838278;JF838279;JF838280;JF838281;JF838282;JF838283;JF838284;JF838285;JF838286;JF838287;JF838288;JF838289;JF838290,13,multiple_exact_matches,wild,AFP,,,
216,JF896213,Environmental surveillance of enterovirus in Northern India using:an integrated shell vial culture with a semi-nested RT PCR and :partial sequencing of the VP1 gene :,23341372,accession;pubmed,JF896197;JF896198;JF896200;JF896207;JF896210;JF896213;JF896216,7,multiple_exact_matches,unknown,environmental,,,
217,JN092123,Direct Submission:,,accession,JN092123,1,single_exact_match,,,yes,fragment; unclear clinical presentation,
218,JN092124,Direct Submission:,,accession,JN092124,1,single_exact_match,,,yes,fragment; unclear clinical presentation,
219,JN105295,Characterization of poliovirus variants selected for resistance to:the antiviral compound v-073 :,22890765,accession;pubmed,JN105289;JN105290;JN105291;JN105292;JN105293;JN105294;JN105295,7,multiple_exact_matches,v073-antiviral,engineered,,,
220,JN393077,Interruption of poliovirus transmission in Ghana: molecular :epidemiology of wild-type 1 poliovirus isolated from 1995 to 2008:,22829642,accession;pubmed,JN393014;JN393015;JN393016;JN393017;JN393018;JN393019;JN393020;JN393021;JN393022;JN393023;JN393024;JN393025;JN393026;JN393027;JN393028;JN393029;JN393030;JN393031;JN393032;JN393033;JN393034;JN393035;JN393036;JN393037;JN393038;JN393039;JN393040;JN393041;JN393042;JN393043;JN393044;JN393045;JN393046;JN393047;JN393048;JN393049;JN393050;JN393051;JN393052;JN393053;JN393054;JN393055;JN393056;JN393057;JN393058;JN393059;JN393060;JN393061;JN393062;JN393063;JN393064;JN393065;JN393066;JN393067;JN393068;JN393069;JN393070;JN393071;JN393072;JN393073;JN393074;JN393075;JN393076;JN393077;JN393078;JN393079;JN393080;JN393081;JN393082;JN393083;JN393084;JN393085;JN393086;JN393087;JN393088;JN393089;JN393090;JN393091;JN393092;JN393093;JN393094;JN393095;JN393096;JN393097;JN393098;JN393099;JN393100;JN393101;JN393102;JN393103;JN393104;JN393105;JN393106;JN393107;JN393108;JN393109;JN393110;JN393111;JN393112;JN393113;JN393114;JN393115;JN393116;JN393117;JN393118;JN393119;JN393120;JN393121;JN393122;JN393123;JN393124;JN393125;JN393126;JN393127;JN393128;JN393129;JN393130;JN393131;JN393132;JN393133;JN393134;JN393135;JN393136;JN393137;JN393138;JN393139;JN393140;JN393141;JN393142;JN393143;JN393144;JN393145;JN393146;JN393147;JN393148;JN393149;JN393150;JN393151;JN393152;JN393153;JN393154;JN393155;JN393156;JN393157;JN393158;JN393159;JN393160;JN393161;JN393162;JN393163;JN393164;JN393165;JN393166;JN393167;JN393168;JN393169;JN393170;JN393171;JN393172;JN393173;JN393174;JN393175;JN393176;JN393177;JN393178;JN393179;JN393180;JN393181;JN393182;JN393183;JN393184;JN393185;JN393186;JN393187;JN393188;JN393189;JN393190;JN393191;JN393192;JN393193;JN393194;JN393195;JN393196;JN393197;JN393198;JN393199;JN393200;JN393201;JN393202;JN393203;JN393204;JN393205,192,multiple_exact_matches,wild,AFP,,,
221,JN688978,A RT-PCR method for selective amplification and phenotypic:characterization of all three serotypes of Sabin-related :polioviruses from viral mixtures :,22850966,accession;pubmed,JN688967;JN688968;JN688969;JN688970;JN688971;JN688972;JN688973;JN688974;JN688975;JN688976;JN688977;JN688978,12,multiple_exact_matches,vaccineOrigin,AFP,,,
222,JN812668,Phylogenetic study of wild poliovirus that circulated in:pre-eradication era in Brazil :,,accession,JN812668,1,single_exact_match,wild,AFP,,,
223,JN990978,Molecular epidemiological study of human enterovirus circulating in:India :,,accession,JN990978,1,single_exact_match,wild,AFP,,,
224,JQ228564,Bioterrorism and surveillance for infectious diseases - lessons:from poliovirus and enteric virus surveillance :,,accession,JQ228564,1,single_exact_match,unknown,environmental,,,
225,JQ411771,Molecular epidemiology and evolution of human enterovirus serotype:68 in Thailand_ 2006-2011 :,22586446,accession;pubmed,JQ411761;JQ411762;JQ411764;JQ411766;JQ411769;JQ411770;JQ411771;JQ411800,8,multiple_exact_matches,vaccineOrigin,healthy,,,
226,JQ613997,Detection of imported wild polioviruses and of vaccine-derived:polioviruses by environmental surveillance in egypt :,22582070,accession;pubmed,JQ613982;JQ613983;JQ613984;JQ613985;JQ613986;JQ613987;JQ613988;JQ613989;JQ613990;JQ613991;JQ613992;JQ613993;JQ613994;JQ613995;JQ613996;JQ613997,16,multiple_exact_matches,wild;cVDPV,environmental,,,
227,JQ906536,Genetic relationships and epidemiological links between wild type 1:poliovirus isolates in Pakistan and Afghanistan :,22353446,accession;pubmed,JQ906425;JQ906426;JQ906427;JQ906428;JQ906429;JQ906430;JQ906431;JQ906432;JQ906433;JQ906434;JQ906435;JQ906436;JQ906437;JQ906438;JQ906439;JQ906440;JQ906441;JQ906442;JQ906443;JQ906444;JQ906445;JQ906446;JQ906447;JQ906448;JQ906449;JQ906450;JQ906451;JQ906452;JQ906453;JQ906454;JQ906455;JQ906456;JQ906457;JQ906458;JQ906459;JQ906460;JQ906461;JQ906462;JQ906463;JQ906464;JQ906465;JQ906466;JQ906467;JQ906468;JQ906469;JQ906470;JQ906471;JQ906472;JQ906473;JQ906474;JQ906475;JQ906476;JQ906477;JQ906478;JQ906479;JQ906480;JQ906481;JQ906482;JQ906483;JQ906484;JQ906485;JQ906486;JQ906487;JQ906488;JQ906489;JQ906490;JQ906491;JQ906492;JQ906493;JQ906494;JQ906495;JQ906496;JQ906497;JQ906498;JQ906499;JQ906500;JQ906501;JQ906502;JQ906503;JQ906504;JQ906505;JQ906506;JQ906507;JQ906508;JQ906509;JQ906510;JQ906511;JQ906512;JQ906513;JQ906514;JQ906515;JQ906516;JQ906517;JQ906518;JQ906519;JQ906520;JQ906521;JQ906522;JQ906523;JQ906524;JQ906525;JQ906526;JQ906527;JQ906528;JQ906529;JQ906530;JQ906531;JQ906532;JQ906533;JQ906534;JQ906535;JQ906536,112,multiple_exact_matches,wild,AFP,,,
228,JX179294,Nearly constant shedding of diverse enteric viruses by two healthy:infants :,22875894,accession;pubmed,JX179283;JX179290;JX179291;JX179292;JX179293;JX179294,6,multiple_exact_matches,SabinLike,healthy,,,
229,JX181927,Molecular identification and analysis of human enteroviruses :isolated from healthy children in shenzhen_ china from 2010 to 2011:,23762262,accession;pubmed,JX181910;JX181911;JX181912;JX181922;JX181927;JX181930;JX181931,7,multiple_exact_matches,unknown,healthy,,,
230,JX219557,Diversity of picornaviruses in rural Bolivia:,23804569,accession;pubmed,JX219484;JX219485;JX219486;JX219487;JX219488;JX219489;JX219490;JX219491;JX219492;JX219493;JX219494;JX219495;JX219496;JX219497;JX219498;JX219499;JX219500;JX219501;JX219502;JX219503;JX219504;JX219505;JX219506;JX219507;JX219508;JX219509;JX219510;JX219511;JX219512;JX219513;JX219514;JX219515;JX219516;JX219517;JX219518;JX219519;JX219520;JX219521;JX219522;JX219523;JX219524;JX219525;JX219526;JX219527;JX219528;JX219529;JX219530;JX219531;JX219532;JX219533;JX219534;JX219535;JX219536;JX219537;JX219538;JX219539;JX219540;JX219541;JX219542;JX219543;JX219544;JX219545;JX219546;JX219547;JX219548;JX219549;JX219550;JX219551;JX219552;JX219553;JX219554;JX219555;JX219556;JX219557;JX219558;JX219559;JX219560;JX219561;JX219562;JX219563;JX219564;JX219565;JX219566;JX219567;JX219568;JX219569;JX219570;JX219571;JX219572;JX219573;JX219574;JX219575;JX219576;JX219577;JX219578;JX219579;JX219580;JX219581;JX219582;JX219583;JX219584;JX219585;JX219586;JX219587;JX219588;JX219589;JX219590,107,multiple_exact_matches,unknown,AFP,,,
231,JX275382,Multiple Independent Emergences of Type 2 Vaccine-Derived:Polioviruses during a Large Outbreak in Northern Nigeria :,23408630,accession;pubmed,JX274680;JX274681;JX274682;JX274683;JX274684;JX274685;JX274686;JX274687;JX274688;JX274689;JX274690;JX274691;JX274692;JX274693;JX274694;JX274695;JX274696;JX274697;JX274698;JX274699;JX274700;JX274701;JX274702;JX274703;JX274704;JX274705;JX274706;JX274707;JX274708;JX274709;JX274710;JX274711;JX274712;JX274713;JX274714;JX274715;JX274716;JX274717;JX274718;JX274719;JX274720;JX274721;JX274722;JX274723;JX274724;JX274725;JX274726;JX274727;JX274728;JX274729;JX274730;JX274731;JX274732;JX274733;JX274734;JX274735;JX274736;JX274737;JX274738;JX274739;JX274740;JX274741;JX274742;JX274743;JX274744;JX274745;JX274746;JX274747;JX274748;JX274749;JX274750;JX274751;JX274752;JX274753;JX274754;JX274755;JX274756;JX274757;JX274758;JX274759;JX274760;JX274761;JX274762;JX274763;JX274764;JX274765;JX274766;JX274767;JX274768;JX274769;JX274770;JX274771;JX274772;JX274773;JX274774;JX274775;JX274776;JX274777;JX274778;JX274779;JX274780;JX274781;JX274782;JX274783;JX274784;JX274785;JX274786;JX274787;JX274788;JX274789;JX274790;JX274791;JX274792;JX274793;JX274794;JX274795;JX274796;JX274797;JX274798;JX274799;JX274800;JX274801;JX274802;JX274803;JX274804;JX274805;JX274806;JX274807;JX274808;JX274809;JX274810;JX274811;JX274812;JX274813;JX274814;JX274815;JX274816;JX274817;JX274818;JX274819;JX274820;JX274821;JX274822;JX274823;JX274824;JX274825;JX274826;JX274827;JX274828;JX274829;JX274830;JX274831;JX274832;JX274833;JX274834;JX274835;JX274836;JX274837;JX274838;JX274839;JX274840;JX274841;JX274842;JX274843;JX274844;JX274845;JX274846;JX274847;JX274848;JX274849;JX274850;JX274851;JX274852;JX274853;JX274854;JX274855;JX274856;JX274857;JX274858;JX274859;JX274860;JX274861;JX274862;JX274863;JX274864;JX274865;JX274866;JX274867;JX274868;JX274869;JX274870;JX274871;JX274872;JX274873;JX274874;JX274875;JX274876;JX274877;JX274878;JX274879;JX274880;JX274881;JX274882;JX274883;JX274884;JX274885;JX274886;JX274887;JX274888;JX274889;JX274890;JX274891;JX274892;JX274893;JX274894;JX274895;JX274896;JX274897;JX274898;JX274899;JX274900;JX274901;JX274902;JX274903;JX274904;JX274905;JX274906;JX274907;JX274908;JX274909;JX274910;JX274911;JX274912;JX274913;JX274914;JX274915;JX274916;JX274917;JX274918;JX274919;JX274920;JX274921;JX274922;JX274923;JX274924;JX274925;JX274926;JX274927;JX274928;JX274929;JX274930;JX274931;JX274932;JX274933;JX274934;JX274935;JX274936;JX274937;JX274938;JX274939;JX274940;JX274941;JX274942;JX274943;JX274944;JX274945;JX274946;JX274947;JX274948;JX274949;JX274950;JX274951;JX274952;JX274953;JX274954;JX274955;JX274956;JX274957;JX274958;JX274959;JX274960;JX274961;JX274962;JX274963;JX274964;JX274965;JX274966;JX274967;JX274968;JX274969;JX274970;JX274971;JX274972;JX274973;JX274974;JX274975;JX274976;JX274977;JX274978;JX274979;JX274980;JX274981;JX274982;JX274983;JX274984;JX274985;JX274986;JX274987;JX274988;JX274989;JX274990;JX274991;JX274992;JX274993;JX274994;JX274995;JX274996;JX274997;JX274998;JX274999;JX275000;JX275001;JX275002;JX275003;JX275004;JX275005;JX275006;JX275007;JX275008;JX275009;JX275010;JX275011;JX275012;JX275013;JX275014;JX275015;JX275016;JX275017;JX275018;JX275019;JX275020;JX275021;JX275022;JX275023;JX275024;JX275025;JX275026;JX275027;JX275028;JX275029;JX275030;JX275031;JX275032;JX275033;JX275034;JX275035;JX275036;JX275037;JX275038;JX275039;JX275040;JX275041;JX275042;JX275043;JX275044;JX275045;JX275046;JX275047;JX275048;JX275049;JX275050;JX275051;JX275052;JX275053;JX275054;JX275055;JX275056;JX275057;JX275058;JX275059;JX275060;JX275061;JX275062;JX275063;JX275064;JX275065;JX275066;JX275067;JX275068;JX275069;JX275070;JX275071;JX275072;JX275073;JX275074;JX275075;JX275076;JX275077;JX275078;JX275079;JX275080;JX275081;JX275082;JX275083;JX275084;JX275085;JX275086;JX275087;JX275088;JX275089;JX275090;JX275091;JX275092;JX275093;JX275094;JX275095;JX275096;JX275097;JX275098;JX275099;JX275100;JX275101;JX275102;JX275103;JX275104;JX275105;JX275106;JX275107;JX275108;JX275109;JX275110;JX275111;JX275112;JX275113;JX275114;JX275115;JX275116;JX275117;JX275118;JX275119;JX275120;JX275121;JX275122;JX275123;JX275124;JX275125;JX275126;JX275127;JX275128;JX275129;JX275130;JX275131;JX275132;JX275133;JX275134;JX275135;JX275136;JX275137;JX275138;JX275139;JX275140;JX275141;JX275142;JX275143;JX275144;JX275145;JX275146;JX275147;JX275148;JX275149;JX275150;JX275151;JX275152;JX275153;JX275154;JX275155;JX275156;JX275157;JX275158;JX275159;JX275160;JX275161;JX275162;JX275163;JX275164;JX275165;JX275166;JX275167;JX275168;JX275169;JX275170;JX275171;JX275172;JX275173;JX275174;JX275175;JX275176;JX275177;JX275178;JX275179;JX275180;JX275181;JX275182;JX275183;JX275184;JX275185;JX275186;JX275187;JX275188;JX275189;JX275190;JX275191;JX275192;JX275193;JX275194;JX275195;JX275196;JX275197;JX275198;JX275199;JX275200;JX275201;JX275202;JX275203;JX275204;JX275205;JX275206;JX275207;JX275208;JX275209;JX275210;JX275211;JX275212;JX275213;JX275214;JX275215;JX275216;JX275217;JX275218;JX275219;JX275220;JX275221;JX275222;JX275223;JX275224;JX275225;JX275226;JX275227;JX275228;JX275229;JX275230;JX275231;JX275232;JX275233;JX275234;JX275235;JX275236;JX275237;JX275238;JX275239;JX275240;JX275241;JX275242;JX275243;JX275244;JX275245;JX275246;JX275247;JX275248;JX275249;JX275250;JX275251;JX275252;JX275253;JX275254;JX275255;JX275256;JX275257;JX275258;JX275259;JX275260;JX275261;JX275262;JX275263;JX275264;JX275265;JX275266;JX275267;JX275268;JX275269;JX275270;JX275271;JX275272;JX275273;JX275274;JX275275;JX275276;JX275277;JX275278;JX275279;JX275280;JX275281;JX275282;JX275283;JX275284;JX275285;JX275286;JX275287;JX275288;JX275289;JX275290;JX275291;JX275292;JX275293;JX275294;JX275295;JX275296;JX275297;JX275298;JX275299;JX275300;JX275301;JX275302;JX275303;JX275304;JX275305;JX275306;JX275307;JX275308;JX275309;JX275310;JX275311;JX275312;JX275313;JX275314;JX275315;JX275316;JX275317;JX275318;JX275319;JX275320;JX275321;JX275322;JX275323;JX275324;JX275325;JX275326;JX275327;JX275328;JX275329;JX275330;JX275331;JX275332;JX275333;JX275334;JX275335;JX275336;JX275337;JX275338;JX275339;JX275340;JX275341;JX275342;JX275343;JX275344;JX275345;JX275346;JX275347;JX275348;JX275349;JX275350;JX275351;JX275352;JX275353;JX275354;JX275355;JX275356;JX275357;JX275358;JX275359;JX275360;JX275361;JX275362;JX275363;JX275364;JX275365;JX275366;JX275367;JX275368;JX275369;JX275370;JX275371;JX275372;JX275373;JX275374;JX275375;JX275376;JX275377;JX275378;JX275379;JX275380;JX275381;JX275382,703,multiple_exact_matches,cVDPV,AFP,,,
232,JX424836,Emergence of Vaccine-derived Polioviruses_ Democratic Republic of:Congo_ 2004-2011 :,24047933,accession;pubmed,JQ691357;JQ691358;JQ691359;JQ691360;JQ691361;JQ691362;JQ691363;JQ691364;JQ691365;JQ691366;JQ691367;JQ691368;JQ691369;JQ691370;JQ691371;JQ691372;JQ691373;JQ691374;JQ691375;JQ691376;JQ691377;JQ691378;JQ691379;JQ691380;JQ691381;JQ691382;JQ691383;JQ691384;JQ691385;JQ691386;JQ691387;JQ691388;JQ691389;JQ691390;JQ691391;JQ691392;JQ691393;JQ691394;JQ691395;JQ691396;JQ691397;JQ691398;JQ691399;JQ691400;JQ691401;JQ691402;JQ691403;JQ691404;JQ691405;JQ691406;JQ691407;JQ691408;JQ691409;JQ691410;JQ691411;JQ691412;JQ691413;JX424824;JX424825;JX424826;JX424827;JX424828;JX424829;JX424830;JX424831;JX424832;JX424833;JX424834;JX424835;JX424836,70,multiple_exact_matches,cVDPV,AFP,,,
233,JX513605,Non-polio enteroviruses and their association with acute diarrhea:in children in India :,23602838,accession;pubmed,JX513427;JX513428;JX513429;JX513430;JX513431;JX513432;JX513433;JX513434;JX513435;JX513436;JX513437;JX513438;JX513439;JX513440;JX513441;JX513442;JX513443;JX513444;JX513445;JX513446;JX513447;JX513448;JX513449;JX513450;JX513451;JX513452;JX513453;JX513454;JX513455;JX513456;JX513457;JX513458;JX513459;JX513460;JX513461;JX513462;JX513463;JX513464;JX513465;JX513466;JX513467;JX513468;JX513469;JX513470;JX513471;JX513472;JX513473;JX513474;JX513475;JX513476;JX513477;JX513478;JX513479;JX513480;JX513481;JX513482;JX513483;JX513484;JX513485;JX513486;JX513487;JX513488;JX513489;JX513490;JX513491;JX513492;JX513493;JX513494;JX513495;JX513496;JX513497;JX513498;JX513499;JX513500;JX513501;JX513502;JX513503;JX513504;JX513505;JX513506;JX513507;JX513508;JX513509;JX513510;JX513511;JX513512;JX513513;JX513514;JX513515;JX513516;JX513517;JX513518;JX513519;JX513520;JX513521;JX513522;JX513523;JX513524;JX513525;JX513526;JX513527;JX513528;JX513529;JX513530;JX513531;JX513532;JX513533;JX513534;JX513535;JX513536;JX513537;JX513538;JX513539;JX513540;JX513541;JX513542;JX513543;JX513544;JX513545;JX513546;JX513547;JX513548;JX513549;JX513550;JX513551;JX513552;JX513553;JX513554;JX513555;JX513556;JX513557;JX513558;JX513559;JX513560;JX513561;JX513562;JX513563;JX513564;JX513565;JX513566;JX513567;JX513568;JX513569;JX513570;JX513571;JX513572;JX513573;JX513574;JX513575;JX513576;JX513577;JX513578;JX513579;JX513580;JX513581;JX513582;JX513583;JX513584;JX513585;JX513586;JX513587;JX513588;JX513589;JX513590;JX513591;JX513592;JX513593;JX513594;JX513595;JX513596;JX513597;JX513598;JX513599;JX513600;JX513601;JX513602;JX513603;JX513604;JX513605,179,multiple_exact_matches,,,yes,sabin references,
234,JX538031,Naturally Acquired Picornavirus Infections in Primates at the Dhaka:Zoo :,23097447,accession;pubmed,JX537975;JX537976;JX537977;JX537978;JX537979;JX537980;JX537981;JX537982;JX537983;JX537984;JX537985;JX537986;JX537987;JX537988;JX537989;JX537990;JX537991;JX537992;JX537993;JX537994;JX537995;JX537996;JX537997;JX537998;JX537999;JX538000;JX538001;JX538002;JX538003;JX538004;JX538005;JX538006;JX538007;JX538008;JX538009;JX538010;JX538011;JX538012;JX538013;JX538014;JX538015;JX538016;JX538017;JX538018;JX538019;JX538020;JX538021;JX538022;JX538023;JX538024;JX538025;JX538026;JX538027;JX538028;JX538029;JX538030;JX538031;JX538032,58,multiple_exact_matches,,,yes,non-human primate infection (Sabin 3 in an olive baboon!),
235,JX913690,Characteristics of an Environmentally Monitored Prolonged Type 2:Vaccine Derived Poliovirus Shedding Episode that Stopped without:Intervention :,23935826,accession;pubmed,JX913541;JX913542;JX913543;JX913544;JX913545;JX913546;JX913547;JX913548;JX913549;JX913550;JX913551;JX913552;JX913553;JX913554;JX913555;JX913556;JX913557;JX913558;JX913559;JX913560;JX913561;JX913562;JX913563;JX913564;JX913565;JX913566;JX913567;JX913568;JX913569;JX913570;JX913571;JX913572;JX913573;JX913574;JX913575;JX913576;JX913577;JX913578;JX913579;JX913580;JX913581;JX913582;JX913583;JX913584;JX913585;JX913586;JX913587;JX913588;JX913589;JX913590;JX913591;JX913592;JX913593;JX913594;JX913595;JX913596;JX913597;JX913598;JX913599;JX913600;JX913601;JX913602;JX913603;JX913604;JX913605;JX913606;JX913607;JX913608;JX913609;JX913610;JX913611;JX913612;JX913613;JX913614;JX913615;JX913616;JX913617;JX913618;JX913619;JX913620;JX913621;JX913622;JX913623;JX913624;JX913625;JX913626;JX913627;JX913628;JX913629;JX913630;JX913631;JX913632;JX913633;JX913634;JX913635;JX913636;JX913637;JX913638;JX913639;JX913640;JX913641;JX913642;JX913643;JX913644;JX913645;JX913646;JX913647;JX913648;JX913649;JX913650;JX913651;JX913652;JX913653;JX913654;JX913655;JX913656;JX913657;JX913658;JX913659;JX913660;JX913661;JX913662;JX913663;JX913664;JX913665;JX913666;JX913667;JX913668;JX913669;JX913670;JX913671;JX913672;JX913673;JX913674;JX913675;JX913676;JX913677;JX913678;JX913679;JX913680;JX913681;JX913682;JX913683;JX913684;JX913685;JX913686;JX913687;JX913688;JX913689;JX913690,150,multiple_exact_matches,VDPV,environmental,,,
236,K01392,Comparison of the complete nucleotide sequences of the genomes of:the neurovirulent poliovirus P3/Leon/37 and its attenuated Sabin :vaccine derivative P3/Leon 12a1b :,6324200,accession;pubmed,K01392,1,single_exact_match,Leon37,AFP-CNS,,,
237,KC136312,Two Cases of Fatal Respiratory Failure Causing By Poliovirus:Vaccine Strain :,,accession,KC136312,1,single_exact_match,vaccineOrigin,AFP,,,
238,KC784373,Highly Divergent Types 2 and 3 Vaccine-Derived Polioviruses:Isolated from Sewage in Tallinn_ Estonia :,24049178,accession;pubmed,KC784367;KC784368;KC784369;KC784370;KC784371;KC784372;KC784373,7,multiple_exact_matches,VDPV,environmental;AFP,,,
239,KC800683,VP1 sequence analysis of poliovirus type 1 isolated in India:,,accession,KC800683,1,single_exact_match,unknown,AFP,,,
240,KC812257,Sequence analysis of 3D region of wild poliovirus type 1 isolated:in India :,,accession,KC812257,1,single_exact_match,unknown,AFP,,,
241,KC832671,Evolution of type 2 vaccine derived poliovirus lineages. Evidence:for codon-specific positive selection at three distinct locations:on capsid wall :,23840537,accession;pubmed,KC832519;KC832520;KC832521;KC832522;KC832523;KC832524;KC832525;KC832526;KC832527;KC832528;KC832529;KC832530;KC832531;KC832532;KC832533;KC832534;KC832535;KC832536;KC832537;KC832538;KC832539;KC832540;KC832541;KC832542;KC832543;KC832544;KC832545;KC832546;KC832547;KC832548;KC832549;KC832550;KC832551;KC832552;KC832553;KC832554;KC832555;KC832556;KC832557;KC832558;KC832559;KC832560;KC832561;KC832562;KC832563;KC832564;KC832565;KC832566;KC832567;KC832568;KC832569;KC832570;KC832571;KC832572;KC832573;KC832574;KC832575;KC832576;KC832577;KC832578;KC832579;KC832580;KC832581;KC832582;KC832583;KC832584;KC832585;KC832586;KC832587;KC832588;KC832589;KC832590;KC832591;KC832592;KC832593;KC832594;KC832595;KC832596;KC832597;KC832598;KC832599;KC832600;KC832601;KC832602;KC832603;KC832604;KC832605;KC832606;KC832607;KC832608;KC832609;KC832610;KC832611;KC832612;KC832613;KC832614;KC832615;KC832616;KC832617;KC832618;KC832619;KC832620;KC832621;KC832622;KC832623;KC832624;KC832625;KC832626;KC832627;KC832628;KC832629;KC832630;KC832631;KC832632;KC832633;KC832634;KC832635;KC832636;KC832637;KC832638;KC832639;KC832640;KC832641;KC832642;KC832643;KC832644;KC832645;KC832646;KC832647;KC832648;KC832649;KC832650;KC832651;KC832652;KC832653;KC832654;KC832655;KC832656;KC832657;KC832658;KC832659;KC832660;KC832661;KC832662;KC832663;KC832664;KC832665;KC832666;KC832667;KC832668;KC832669;KC832670;KC832671,153,multiple_exact_matches,wild,AFP,,,Strange is that these are Egypt sequences that aren't mentioned in the linked paper. I wonder if this genbank entry is wrong.
242,KC848180,Altered Antibody Profiles against Common Infectious Agents in:Chronic Disease :,24312567,accession;pubmed,KC848180,1,single_exact_match,,,yes,lab neutralization assay strain,
243,KC880521,The 2010 Outbreak of Poliomyelitis in Tajikistan: the Nature and:Some Lessons :,,accession,KC880521,1,single_exact_match,wild,AFP,,,
244,KF177120,Non-polio enterovirus association with persistent diarrhea in:children as revealed by a follow-up study of an Indian cohort:during the first two years of life :,24954472,accession;pubmed,KF176998;KF176999;KF177000;KF177001;KF177002;KF177003;KF177004;KF177005;KF177006;KF177007;KF177008;KF177009;KF177010;KF177011;KF177012;KF177013;KF177014;KF177015;KF177016;KF177017;KF177018;KF177019;KF177020;KF177021;KF177022;KF177023;KF177024;KF177025;KF177026;KF177027;KF177028;KF177029;KF177030;KF177031;KF177032;KF177033;KF177034;KF177035;KF177036;KF177037;KF177038;KF177039;KF177040;KF177041;KF177042;KF177043;KF177044;KF177045;KF177046;KF177047;KF177048;KF177049;KF177050;KF177051;KF177052;KF177053;KF177054;KF177055;KF177056;KF177057;KF177058;KF177059;KF177060;KF177061;KF177062;KF177063;KF177064;KF177065;KF177066;KF177067;KF177068;KF177069;KF177070;KF177071;KF177072;KF177073;KF177074;KF177075;KF177076;KF177077;KF177078;KF177079;KF177080;KF177081;KF177082;KF177083;KF177084;KF177085;KF177086;KF177087;KF177088;KF177089;KF177090;KF177091;KF177092;KF177093;KF177094;KF177095;KF177096;KF177097;KF177098;KF177099;KF177100;KF177101;KF177102;KF177103;KF177104;KF177105;KF177106;KF177107;KF177108;KF177109;KF177110;KF177111;KF177112;KF177113;KF177114;KF177115;KF177116;KF177117;KF177118;KF177119;KF177120,123,multiple_exact_matches,unknown,healthy,,,
245,KF193870,Characterization of Polio virus from live vaccine and polio:patients from Pakistan :,,accession,KF193870,1,single_exact_match,unknown,AFP,,,
246,KF322158,Evolution and Circulation of Type-2 Vaccine-Derived Polioviruses in:Nad Ali District of Southern Afghanistan during June 2009-February :2011 :,24558390,accession;pubmed,KF322152;KF322153;KF322154;KF322155;KF322156;KF322157;KF322158,7,multiple_exact_matches,cVDPV,AFP,,,
247,KF537633,Complete genome sequence of the last representative genotype of:wild indigenous poliovirus type 1_ which circulated in Brazil :,24179117,accession;pubmed,KF537633,1,single_exact_match,wild,AFP,,,
248,KF584242,Outbreak of Type 1 Wild Poliovirus in Adults_ Namibia_ 2006:,,accession,KF584242,1,single_exact_match,wild,AFP,,,
249,KF666633,Isolation and Characterization of a Type 2 Vaccine-Derived:Poliovirus from Environmental Surveillance in China_ 2012 :,24386319,accession;pubmed,KF656732;KF666568;KF666569;KF666570;KF666571;KF666572;KF666573;KF666574;KF666575;KF666576;KF666577;KF666578;KF666579;KF666580;KF666581;KF666582;KF666583;KF666584;KF666585;KF666586;KF666587;KF666588;KF666589;KF666590;KF666591;KF666592;KF666593;KF666594;KF666595;KF666596;KF666597;KF666598;KF666599;KF666600;KF666601;KF666602;KF666603;KF666604;KF666605;KF666606;KF666607;KF666608;KF666609;KF666610;KF666611;KF666612;KF666613;KF666614;KF666615;KF666616;KF666617;KF666618;KF666619;KF666620;KF666621;KF666622;KF666623;KF666624;KF666625;KF666626;KF666627;KF666628;KF666629;KF666630;KF666631;KF666632;KF666633,67,multiple_exact_matches,VDPV,environmental,,,
250,KF698779,Impact of cell lines included in enterovirus isolation protocol on:perception of nonpolio enterovirus species C diversity :,25064357,accession;pubmed,KF698761;KF698762;KF698763;KF698764;KF698765;KF698766;KF698767;KF698768;KF698769;KF698770;KF698771;KF698772;KF698773;KF698774;KF698775;KF698776;KF698777;KF698778;KF698779;KF698780,20,multiple_exact_matches,unknown,environmental,,,
251,KF701306,Detection of vaccine-derived polioviruses in Mexico using:environmental surveillance :,25316850,accession;pubmed,KF701215;KF701216;KF701217;KF701218;KF701219;KF701220;KF701221;KF701222;KF701223;KF701224;KF701225;KF701226;KF701227;KF701228;KF701229;KF701230;KF701231;KF701232;KF701233;KF701234;KF701235;KF701236;KF701237;KF701238;KF701239;KF701240;KF701241;KF701242;KF701243;KF701244;KF701245;KF701246;KF701247;KF701248;KF701249;KF701250;KF701251;KF701252;KF701253;KF701254;KF701255;KF701256;KF701257;KF701258;KF701259;KF701260;KF701261;KF701262;KF701263;KF701264;KF701265;KF701266;KF701267;KF701268;KF701269;KF701270;KF701271;KF701272;KF701273;KF701274;KF701275;KF701276;KF701277;KF701278;KF701279;KF701280;KF701281;KF701282;KF701283;KF701284;KF701285;KF701286;KF701287;KF701288;KF701289;KF701290;KF701291;KF701292;KF701293;KF701294;KF701295;KF701296;KF701297;KF701298;KF701299;KF701300;KF701301;KF701302;KF701303;KF701304;KF701305;KF701306,92,multiple_exact_matches,vaccineOrigin,environmental,,,
252,KF990615,Direct Submission:,,accession,KF990615,1,single_exact_match,wild,AFP,,,
253,KF990616,Direct Submission:,,accession,KF990616,1,single_exact_match,wild,AFP,,,
254,KF990617,Direct Submission:,,accession,KF990617,1,single_exact_match,wild,AFP,,,
255,KF990618,Direct Submission:,,accession,KF990618,1,single_exact_match,wild,AFP,,,
256,KF990619,Direct Submission:,,accession,KF990619,1,single_exact_match,wild,AFP,,,
257,KF990620,Direct Submission:,,accession,KF990620,1,single_exact_match,wild,AFP,,,
258,KF992623,Phylogeny of imported and reestablished wild polioviruses in:theDemocratic Republic of the Congo from 2006 to 2011 :,25316856,accession;pubmed,KF992599;KF992600;KF992601;KF992602;KF992603;KF992604;KF992605;KF992606;KF992607;KF992608;KF992609;KF992610;KF992611;KF992612;KF992613;KF992614;KF992615;KF992616;KF992617;KF992618;KF992619;KF992620;KF992621;KF992622;KF992623;KJ502317;KJ502318;KJ502319;KJ502320;KJ502321;KJ502322;KJ502323;KJ502324;KJ502325;KJ502326;KJ502327;KJ502328;KJ502329;KJ502330;KJ502331;KJ502332;KJ502333;KJ502334;KJ502335;KJ502336;KJ502337;KJ502338;KJ502339;KJ502340;KJ502341;KJ502342;KJ502343;KJ502344;KJ502345;KJ502346;KJ502347;KJ502348;KJ502349;KJ502350;KJ502351;KJ502352;KJ502353;KJ502354;KJ502355;KJ502356;KJ502357;KJ502358;KJ502359;KJ502360;KJ502361;KJ502362;KJ502363;KJ502364;KJ502365;KJ502366;KJ502367;KJ502368;KJ502369;KJ502370;KJ502371;KJ502372;KJ502373;KJ502374;KJ502375;KJ502376;KJ502377;KJ502378;KJ502379;KJ502380;KJ502381;KJ502382;KJ502383;KJ502384;KJ502385;KJ502386;KJ502387;KJ502388;KJ502389;KJ502390;KJ502391;KJ502392;KJ502393;KJ502394;KJ502395;KJ502396;KJ502397;KJ502398;KJ502399;KJ502400;KJ502401;KJ502402;KJ502403;KJ502404;KJ502405;KJ502406;KJ502407;KJ502408;KJ502409;KJ502410;KJ502411;KJ502412;KJ502413;KJ502414;KJ502415;KJ502416;KJ502417;KJ502418;KJ502419;KJ502420;KJ502421;KJ502422;KJ502423;KJ502424;KJ502425;KJ502426;KJ502427;KJ502428;KJ502429;KJ502430;KJ502431;KJ502432;KJ502433;KJ502434;KJ502435;KJ502436;KJ502437;KJ502438;KJ502439;KJ502440;KJ502441;KJ502442;KJ502443;KJ502444;KJ502445;KJ502446;KJ502447;KJ502448;KJ502449;KJ502450;KJ502451;KJ502452;KJ502453;KJ502454;KJ502455;KJ502456;KJ502457;KJ502458;KJ502459;KJ502460;KJ502461;KJ502462;KJ502463;KJ502464;KJ502465;KJ502466;KJ502467;KJ502468;KJ502469;KJ502470;KJ502471;KJ502472;KJ502473;KJ502474;KJ502475;KJ502476;KJ502477;KJ502478;KJ502479;KJ502480;KJ502481;KJ502482;KJ502483;KJ502484;KJ502485;KJ502486;KJ502487;KJ502488;KJ502489;KJ502490;KJ502491;KJ502492;KJ502493;KJ502494;KJ502495;KJ502496;KJ502497;KJ502498;KJ502499;KJ502500;KJ502501;KJ502502;KJ502503;KJ502504;KJ502505;KJ502506;KJ502507;KJ502508;KJ502509;KJ502510;KJ502511;KJ502512;KJ502513;KJ502514;KJ502515;KJ502516;KJ502517;KJ502518;KJ502519;KJ502520;KJ502521;KJ502522;KJ502523;KJ502524;KJ502525;KJ502526;KJ502527;KJ502528;KJ502529;KJ502530;KJ502531;KJ502532;KJ502533;KJ502534;KJ502535;KJ502536;KJ502537;KJ502538;KJ502539;KJ502540;KJ502541;KJ502542;KJ502543;KJ502544;KJ502545;KJ502546;KJ502547;KJ502548;KJ502549;KJ502550;KJ502551;KJ502552;KJ502553;KJ502554;KJ502555;KJ502556;KJ502557;KJ502558;KJ502559;KJ502560,269,multiple_exact_matches,wild,AFP,,,
259,KJ013498,Molecular Epidemiology of Silent Introduction and Sustained:Transmission of Wild Poliovirus Type 1_ Israel_ 2013 :,,accession,KJ013498,1,single_exact_match,wild,environmental;healthy,,,
260,KJ170677,Sabin Vaccine Reversion in the Field: a Comprehensive Analysis of:Sabin-Like Poliovirus Isolates in Nigeria :,26468545,accession;pubmed,KJ170425;KJ170426;KJ170427;KJ170428;KJ170429;KJ170430;KJ170431;KJ170432;KJ170433;KJ170434;KJ170435;KJ170436;KJ170437;KJ170438;KJ170439;KJ170440;KJ170441;KJ170442;KJ170443;KJ170444;KJ170445;KJ170446;KJ170447;KJ170448;KJ170449;KJ170450;KJ170451;KJ170452;KJ170453;KJ170454;KJ170455;KJ170456;KJ170457;KJ170458;KJ170459;KJ170460;KJ170461;KJ170462;KJ170463;KJ170464;KJ170465;KJ170466;KJ170467;KJ170468;KJ170469;KJ170470;KJ170471;KJ170472;KJ170473;KJ170474;KJ170475;KJ170476;KJ170477;KJ170478;KJ170479;KJ170480;KJ170481;KJ170482;KJ170483;KJ170484;KJ170485;KJ170486;KJ170487;KJ170488;KJ170489;KJ170490;KJ170491;KJ170492;KJ170493;KJ170494;KJ170495;KJ170496;KJ170497;KJ170498;KJ170499;KJ170500;KJ170501;KJ170502;KJ170503;KJ170504;KJ170505;KJ170506;KJ170507;KJ170508;KJ170509;KJ170510;KJ170511;KJ170512;KJ170513;KJ170514;KJ170515;KJ170516;KJ170517;KJ170518;KJ170519;KJ170520;KJ170521;KJ170522;KJ170523;KJ170524;KJ170525;KJ170526;KJ170527;KJ170528;KJ170529;KJ170530;KJ170531;KJ170532;KJ170533;KJ170534;KJ170535;KJ170536;KJ170537;KJ170538;KJ170539;KJ170540;KJ170541;KJ170542;KJ170543;KJ170544;KJ170545;KJ170546;KJ170547;KJ170548;KJ170549;KJ170550;KJ170551;KJ170552;KJ170553;KJ170554;KJ170555;KJ170556;KJ170557;KJ170558;KJ170559;KJ170560;KJ170561;KJ170562;KJ170563;KJ170564;KJ170565;KJ170566;KJ170567;KJ170568;KJ170569;KJ170570;KJ170571;KJ170572;KJ170573;KJ170574;KJ170575;KJ170576;KJ170577;KJ170578;KJ170579;KJ170580;KJ170581;KJ170582;KJ170583;KJ170584;KJ170585;KJ170586;KJ170587;KJ170588;KJ170589;KJ170590;KJ170591;KJ170592;KJ170593;KJ170594;KJ170595;KJ170596;KJ170597;KJ170598;KJ170599;KJ170600;KJ170601;KJ170602;KJ170603;KJ170604;KJ170605;KJ170606;KJ170607;KJ170608;KJ170609;KJ170610;KJ170611;KJ170612;KJ170613;KJ170614;KJ170615;KJ170616;KJ170617;KJ170618;KJ170619;KJ170620;KJ170621;KJ170622;KJ170623;KJ170624;KJ170625;KJ170626;KJ170627;KJ170628;KJ170629;KJ170630;KJ170631;KJ170632;KJ170633;KJ170634;KJ170635;KJ170636;KJ170637;KJ170638;KJ170639;KJ170640;KJ170641;KJ170642;KJ170643;KJ170644;KJ170645;KJ170646;KJ170647;KJ170648;KJ170649;KJ170650;KJ170651;KJ170652;KJ170653;KJ170654;KJ170655;KJ170656;KJ170657;KJ170658;KJ170659;KJ170660;KJ170661;KJ170662;KJ170663;KJ170664;KJ170665;KJ170666;KJ170667;KJ170668;KJ170669;KJ170670;KJ170671;KJ170672;KJ170673;KJ170674;KJ170675;KJ170676;KJ170677,253,multiple_exact_matches,SabinLike,AFP,,,
261,KJ419277,Limited and localized outbreak of newly emergent type 2:vaccine-derived poliovirus in sichuan_ china :,24850620,accession;pubmed,KJ419273;KJ419274;KJ419275;KJ419276;KJ419277,5,multiple_exact_matches,cVDPV,AFP;healthy,,,
262,KJ460332,Molecular Characterization and Phylogenetic Relationship of Wild:Type 1 Poliovirus Strains Circulating across Pakistan and :Afghanistan Bordering Areas during 2010-2012 :,25229826,accession;pubmed,KJ460261;KJ460262;KJ460263;KJ460264;KJ460265;KJ460266;KJ460267;KJ460268;KJ460269;KJ460270;KJ460271;KJ460272;KJ460273;KJ460274;KJ460275;KJ460276;KJ460277;KJ460278;KJ460279;KJ460280;KJ460281;KJ460282;KJ460283;KJ460284;KJ460285;KJ460286;KJ460287;KJ460288;KJ460289;KJ460290;KJ460291;KJ460292;KJ460293;KJ460294;KJ460295;KJ460296;KJ460297;KJ460298;KJ460299;KJ460300;KJ460301;KJ460302;KJ460303;KJ460304;KJ460305;KJ460306;KJ460307;KJ460308;KJ460309;KJ460310;KJ460311;KJ460312;KJ460313;KJ460314;KJ460315;KJ460316;KJ460317;KJ460318;KJ460319;KJ460320;KJ460321;KJ460322;KJ460323;KJ460324;KJ460325;KJ460326;KJ460327;KJ460328;KJ460329;KJ460330;KJ460331;KJ460332,72,multiple_exact_matches,wild,AFP,,,
263,KJ852648,Sporadic Isolation of Sabin-Like Polioviruses and High-Level :Detection of Non-Polio Enteroviruses during Sewage Surveillance in :Seven Italian Cities_ after Several Years of Inactivated Poliovirus:Vaccination :,24814793,accession;pubmed,KJ852629;KJ852630;KJ852631;KJ852632;KJ852633;KJ852634;KJ852635;KJ852636;KJ852637;KJ852638;KJ852639;KJ852640;KJ852641;KJ852642;KJ852643;KJ852644;KJ852645;KJ852646;KJ852647;KJ852648;KJ867446;KJ867447;KJ867448;KJ867449;KJ867450;KJ867451;KJ867452;KJ867453;KJ867454;KJ867455;KJ867456;KJ867457;KJ867458;KJ867459,34,multiple_exact_matches,vaccineOrigin,environmental,,,
264,KM233675,Enterovirus species circulating in Nigeria and their contribution:to the emergence of recombinant circulating vaccine derived :polioviruses :,,accession,KM233675,1,single_exact_match,unknown,environmental,,,
265,KM235193,Enterovirus Species Cs Circulating in Nigeria and Their :Contribution To The Emergence of Recombinant Circulating Vaccine:Derived Polioviruses :,,accession,KM235193,1,single_exact_match,unknown,environmental,,,
266,KM433732,Complete genome sequence analysis of a poliovirus type 2 strain:isolated in Yunnan_ China_ in 2013 :,,accession,KM433732,1,single_exact_match,vaccineOrigin,AFP-CSF,,,
267,KP004244,Genetic analysis and characterization of wild poliovirus type 1:during sustained transmission in a population with >95% vaccine:coverage_ Israel 2013 :,25550350,accession;pubmed,KJ019831;KJ019832;KJ019833;KP004224;KP004225;KP004226;KP004227;KP004228;KP004229;KP004230;KP004231;KP004232;KP004233;KP004234;KP004235;KP004236;KP004237;KP004238;KP004239;KP004240;KP004241;KP004242;KP004243;KP004244,24,multiple_exact_matches,wild,environmental,,,
268,KP143072,Circulating vaccine-derived polioviruses in the Extreme North:region of Cameroon :,25542478,accession;pubmed,KP143045;KP143046;KP143047;KP143048;KP143049;KP143050;KP143051;KP143052;KP143053;KP143054;KP143055;KP143056;KP143057;KP143058;KP143059;KP143060;KP143061;KP143062;KP143063;KP143064;KP143065;KP143066;KP143067;KP143068;KP143069;KP143070;KP143071;KP143072,28,multiple_exact_matches,cVDPV,AFP,,,
269,KP196613,The Genetic Character Analysis of Type 2 Vaccine-derived Poliovirus:in Shanxi Province in 2014 :,,accession,KP196613,1,single_exact_match,VDPV,AFP,,,
270,KR259355,Vaccine derived polioviruses that escaped detection by the :real-time RT-PCR VDPV screening assay used in polio surveillance:,,accession,KR259355,1,single_exact_match,unknown,environmental,,,
271,KR259358,Vaccine-Derived Polioviruses Not Detected by Global Surveillance:Screening Assay :,26402584,accession;pubmed,KR259356;KR259357;KR259358,3,multiple_exact_matches,VDPV,AFP,,,
272,KR709242,Two Cases of Vaccine-Derived Poliovirus Infection in an Oncology:Ward :,27028932,accession;pubmed,KR709241;KR709242,2,multiple_exact_matches,iVDPV,healthy,,,
273,KR817066,Twenty-eight years of poliovirus replication in an immunodeficient:individual: impact on the global polio eradication initiative :,,accession,KR817066,1,single_exact_match,iVDPV;wild,healthy;AFP,,,
274,KT022351,Enterovirus Species B Bias of RD Cell Line and Its Influence on:Enterovirus Diversity Landscape :,26403309,accession;pubmed,KT022351,1,single_exact_match,unknown,environmental,,,
275,KT353719,Direct Submission:,,accession,KT353719,1,single_exact_match,unknown,unknown,,,
276,KU161399,Environmental surveillance of viruses by tangential flow filtration:and metagenomic reconstruction :,27105043,accession;pubmed,KU161395;KU161396;KU161397;KU161398;KU161399,5,multiple_exact_matches,wild,environmental,,,
277,KU198435,Molecular and Phenotypic Characterization of a Highly Evolved Type:2 Vaccine-Derived Poliovirus Isolated from Sewage in Brazil_ 2014 :,,accession,KU198435,1,single_exact_match,VDPV,environmental,,,
278,KU372652,Molecular and Phenotypic Characterization of a Highly Evolved Type :2 Vaccine-Derived Poliovirus Isolated from Seawater in Brazil_ 2014:,27019095,accession;pubmed,KU372652,1,single_exact_match,VDPV,environmental,,,
279,KU598891,A cluster of paralytic poliomyelitis cases due to transmission of:slightly diverged Sabin-2 vaccine virus :,27099315,accession;pubmed,KU598883;KU598884;KU598885;KU598886;KU598887;KU598888;KU598889;KU598890;KU598891,9,multiple_exact_matches,VDPV,AFP;healthy,,,
280,KU708514,Nucleotide variation in Sabin type 3 poliovirus from an Albanian :infant with agammaglobulinemia and vaccine associated poliomyelitis:,27287521,accession;pubmed,KU708511;KU708512;KU708513;KU708514,4,multiple_exact_matches,vaccineOrigin,AFP,,,
281,KU738889,Detection of poliovirus infection in children with acute:gastroenteritis in Thailand :,,accession,KU738889,1,single_exact_match,,,yes,fragment,
282,KU763188,Rare natural type 3/type 2 intertypic capsid recombinant :vaccine-related Poliovirus isolated from a case of acute flaccid:paralysis in Brazil_ 2015 :,,accession,KU763188,1,single_exact_match,vaccineOrigin,AFP,,,
283,KU866422,Direct Submission:,,accession,KU866422,1,single_exact_match,Mahoney,Mahoney,,,
284,KU878958,Neutralization capacity of highly divergent type 2 vaccine-derived:polioviruses from immunodficient patients :,,accession,KU878958,1,single_exact_match,iVDPV,AFP,,,
285,KU925284,Importation and outbreak of wild polioviruses from 2000 to 2014 and:interruption of transmission in Cameroon :,27045455,accession;pubmed,KU925247;KU925248;KU925249;KU925250;KU925251;KU925252;KU925253;KU925254;KU925255;KU925256;KU925257;KU925258;KU925259;KU925260;KU925261;KU925262;KU925263;KU925264;KU925265;KU925266;KU925267;KU925268;KU925269;KU925270;KU925271;KU925272;KU925273;KU925274;KU925275;KU925276;KU925277;KU925278;KU925279;KU925280;KU925281;KU925282;KU925283;KU925284;KU925285;KU925286;KU925287;KU925288;KU925289;KU925290;KU925291;KU925292;KU925293;KU925294,48,multiple_exact_matches,wild,AFP,,,
286,KX011400,Detection of Enterovirus Infection among Patients With Aseptic:Meningitis in South of Iran :,,accession,KX011400,1,single_exact_match,unknown,AFP-CSF,,,
287,KX162717,High-Throughput Next Generation Sequencing of Polioviruses:,27927929,accession;pubmed,KX162678;KX162679;KX162680;KX162681;KX162682;KX162683;KX162684;KX162685;KX162686;KX162687;KX162688;KX162689;KX162690;KX162691;KX162692;KX162693;KX162695;KX162696;KX162697;KX162698;KX162699;KX162700;KX162701;KX162702;KX162703;KX162704;KX162705;KX162706;KX162707;KX162708;KX162709;KX162710;KX162711;KX162712;KX162713;KX162714;KX162715;KX162716;KX162717,39,multiple_exact_matches,SabinLike;cVDPV;wild,AFP,,,
288,KX197454,Molecular epidemiology of human enterovirus 71 at the origin of an:epidemic of fatal hand_ foot and mouth disease cases in Cambodia :,27651091,accession;pubmed,KX197425;KX197450;KX197453;KX197454,4,multiple_exact_matches,vaccineOrigin,healthy,,,
289,KX432024,Detection of poliovirus infection in children with acute:gastroenteritis in Chiang Mai_ Thailand :,27664943,accession;pubmed,KX432017;KX432018;KX432019;KX432020;KX432021;KX432022;KX432023;KX432024,8,multiple_exact_matches,vaccineOrigin,healthy,,,
290,KX828560,Wild and vaccine-derived Poliovirus detection through environmental:surveillance: Sao Paulo_ Brazil_ 2014 :,,accession,KX828560,1,single_exact_match,unknown,environmental,,,
291,KY026068,Human poliovirus 1 strain Mahoney-like:,,accession,KY026068,1,single_exact_match,,,yes,fragment,
292,KY774682,Human enteroviruses associated with and without diarrhea in:Thailand between 2010 and 2016 :,28750058,accession;pubmed,KY079146;KY079147;KY079148;KY079155;KY079156;KY079157;KY079159;KY079167;KY079172;KY079173;KY079179;KY079180;KY079196;KY079200;KY079201;KY079204;KY079206;KY079207;KY079208;KY079209;KY079210;KY079211;KY079212;KY079213;KY079215;KY079220;KY079222;KY079223;KY079224;KY079225;KY079226;KY079227;KY079232;KY079241;KY079243;KY079257;KY079258;KY079261;KY774681;KY774682,40,multiple_exact_matches,vaccineOrigin,healthy,,,
293,KY884693,Polio and measles down the drain: Environmental Enterovirus:Surveillance in the Netherlands_ 2005-2015 :,28432101,accession;pubmed,KY865753;KY865754;KY865755;KY865756;KY865757;KY865758;KY865759;KY865760;KY865761;KY865762;KY865763;KY865764;KY865765;KY865766;KY865767;KY865768;KY865769;KY865770;KY865771;KY865772;KY865773;KY865774;KY865775;KY865776;KY865777;KY865778;KY865779;KY865780;KY865781;KY865782;KY865783;KY865784;KY865785;KY865786;KY865787;KY865788;KY865789;KY865790;KY865791;KY865792;KY865793;KY865794;KY865795;KY865796;KY865797;KY865798;KY865799;KY865800;KY865801;KY865802;KY865803;KY865804;KY865805;KY865806;KY865807;KY865808;KY865809;KY865810;KY865811;KY865812;KY865813;KY865814;KY865815;KY865816;KY865817;KY865818;KY865819;KY865820;KY865821;KY865822;KY865823;KY865824;KY865825;KY865826;KY865827;KY865828;KY865829;KY865830;KY865831;KY865832;KY865833;KY865834;KY865835;KY865836;KY865837;KY865838;KY865839;KY865840;KY865841;KY865842;KY865843;KY865844;KY865845;KY865846;KY865847;KY865848;KY865849;KY865850;KY865851;KY865852;KY865853;KY865854;KY865855;KY865856;KY865857;KY865858;KY865859;KY865860;KY865861;KY865862;KY865863;KY865864;KY865865;KY865866;KY865867;KY865868;KY865869;KY865870;KY865871;KY865872;KY865873;KY865874;KY865875;KY865876;KY865877;KY865878;KY865879;KY865880;KY865881;KY865882;KY865883;KY865884;KY865885;KY865886;KY865887;KY865888;KY865889;KY865890;KY865891;KY865892;KY865893;KY865894;KY865895;KY865896;KY865897;KY865898;KY865899;KY865900;KY865901;KY865902;KY865903;KY865904;KY865905;KY865906;KY865907;KY865908;KY865909;KY865910;KY865911;KY865912;KY865913;KY865914;KY865915;KY865916;KY865917;KY865918;KY865919;KY865920;KY865921;KY865922;KY865923;KY865924;KY865925;KY865926;KY865927;KY865928;KY865929;KY865930;KY865931;KY865932;KY865933;KY865934;KY865935;KY865936;KY865937;KY865938;KY865939;KY865940;KY865941;KY865942;KY865943;KY865944;KY865945;KY865946;KY865947;KY865948;KY865949;KY865950;KY865951;KY865952;KY865953;KY865954;KY865955;KY865956;KY865957;KY865958;KY865959;KY865960;KY865961;KY865962;KY865963;KY865964;KY865965;KY865966;KY865967;KY865968;KY865969;KY865970;KY865971;KY865972;KY865973;KY865974;KY865975;KY865976;KY865977;KY865978;KY865979;KY865980;KY865981;KY865982;KY865983;KY865984;KY865985;KY865986;KY865987;KY865988;KY865989;KY865990;KY865991;KY865992;KY865993;KY865994;KY865995;KY865996;KY865997;KY865998;KY865999;KY866000;KY866001;KY866002;KY866003;KY866004;KY866005;KY866006;KY866007;KY866008;KY866009;KY866010;KY866011;KY866012;KY866013;KY866014;KY866015;KY866016;KY866017;KY866018;KY866019;KY866020;KY866021;KY866022;KY866023;KY866024;KY866025;KY866026;KY866027;KY866028;KY866029;KY866030;KY866031;KY866032;KY866033;KY866034;KY866035;KY866036;KY866037;KY866038;KY866039;KY866040;KY866041;KY866042;KY866043;KY866044;KY866045;KY866046;KY866047;KY866048;KY866049;KY866050;KY866051;KY866052;KY866053;KY866054;KY866055;KY866056;KY866057;KY866058;KY866059;KY866060;KY866061;KY866062;KY866063;KY866064;KY866065;KY866066;KY866067;KY866068;KY866069;KY866070;KY866071;KY866072;KY866073;KY866074;KY866075;KY866076;KY866077;KY866078;KY866079;KY866080;KY866081;KY866082;KY866083;KY866084;KY866085;KY866086;KY866087;KY866088;KY866089;KY866090;KY866091;KY866092;KY866093;KY866094;KY866095;KY866096;KY866097;KY866098;KY866099;KY866100;KY866101;KY866102;KY866103;KY866104;KY866105;KY866106;KY866107;KY866108;KY866109;KY866110;KY866111;KY866112;KY866113;KY866114;KY866115;KY866116;KY866117;KY866118;KY866119;KY866120;KY866121;KY866122;KY866123;KY866124;KY866125;KY866126;KY866127;KY866128;KY866129;KY866130;KY866131;KY866132;KY866133;KY866134;KY866135;KY866136;KY866137;KY866138;KY866139;KY866140;KY866141;KY866142;KY866143;KY866144;KY866145;KY866146;KY866147;KY866148;KY866149;KY866150;KY866151;KY866152;KY866153;KY866154;KY866155;KY866156;KY866157;KY866158;KY866159;KY866160;KY866161;KY866162;KY866163;KY866164;KY866165;KY866166;KY866167;KY866168;KY866169;KY866170;KY866171;KY866172;KY866173;KY866174;KY866175;KY866176;KY866177;KY866178;KY866179;KY866180;KY866181;KY866182;KY866183;KY866184;KY866185;KY866186;KY866187;KY866188;KY866189;KY866190;KY866191;KY866192;KY866193;KY866194;KY866195;KY866196;KY866197;KY866198;KY866199;KY866200;KY866201;KY866202;KY866203;KY866204;KY866205;KY866206;KY866207;KY866208;KY866209;KY866210;KY866211;KY866212;KY866213;KY866214;KY866215;KY866216;KY866217;KY866218;KY866219;KY866220;KY866221;KY866222;KY866223;KY866224;KY866225;KY866226;KY866227;KY866228;KY866229;KY866230;KY866231;KY866232;KY866233;KY866234;KY866235;KY866236;KY866237;KY866238;KY866239;KY866240;KY866241;KY866242;KY866243;KY866244;KY866245;KY866246;KY866247;KY866248;KY866249;KY866250;KY866251;KY866252;KY866253;KY866254;KY866255;KY866256;KY866257;KY866258;KY866259;KY866260;KY866261;KY866262;KY866263;KY866264;KY866265;KY866266;KY866267;KY866268;KY866269;KY866270;KY866271;KY866272;KY866273;KY866274;KY866275;KY866276;KY866277;KY866278;KY866279;KY866280;KY866281;KY866282;KY866283;KY866284;KY866285;KY866286;KY866287;KY866288;KY866289;KY866290;KY866291;KY866292;KY866293;KY866294;KY866295;KY866296;KY866297;KY866298;KY866299;KY866300;KY866301;KY866302;KY866303;KY866304;KY866305;KY866306;KY866307;KY866308;KY866309;KY866310;KY866311;KY866312;KY866313;KY866314;KY866315;KY866316;KY866317;KY866318;KY866319;KY866320;KY866321;KY866322;KY866323;KY866324;KY866325;KY866326;KY866327;KY866328;KY866329;KY866330;KY866331;KY866332;KY866333;KY866334;KY866335;KY866336;KY866337;KY866338;KY866339;KY866340;KY866341;KY866342;KY866343;KY866344;KY866345;KY866346;KY866347;KY866348;KY866349;KY866350;KY866351;KY866352;KY866353;KY866354;KY866355;KY866356;KY866357;KY866358;KY866359;KY866360;KY866361;KY866362;KY866363;KY866364;KY866365;KY866366;KY866367;KY866368;KY866369;KY866370;KY866371;KY866372;KY866373;KY866374;KY866375;KY866376;KY866377;KY866378;KY866379;KY866380;KY866381;KY866382;KY866383;KY866384;KY866385;KY866386;KY866387;KY866388;KY866389;KY866390;KY866391;KY866392;KY866393;KY866394;KY866395;KY866396;KY866397;KY866398;KY866399;KY866400;KY866401;KY866402;KY866403;KY866404;KY866405;KY866406;KY866407;KY866408;KY866409;KY866410;KY866411;KY866412;KY866413;KY866414;KY866415;KY866416;KY866417;KY866418;KY866419;KY866420;KY866421;KY866422;KY866423;KY866424;KY866425;KY866426;KY866427;KY866428;KY866429;KY866430;KY866431;KY866432;KY866433;KY866434;KY866435;KY866436;KY866437;KY866438;KY866439;KY866440;KY866441;KY866442;KY866443;KY866444;KY866445;KY866446;KY866447;KY866448;KY866449;KY866450;KY866451;KY866452;KY866453;KY866454;KY866455;KY866456;KY866457;KY866458;KY866459;KY866460;KY866461;KY866462;KY866463;KY866464;KY866465;KY866466;KY866467;KY866468;KY866469;KY866470;KY866471;KY866472;KY866473;KY866474;KY866475;KY866476;KY866477;KY866478;KY866479;KY866480;KY866481;KY866482;KY866483;KY866484;KY866485;KY866486;KY866487;KY866488;KY866489;KY866490;KY866491;KY866492;KY866493;KY866494;KY866495;KY866496;KY866497;KY866498;KY866499;KY866500;KY866501;KY866502;KY866503;KY866504;KY866505;KY866506;KY866507;KY866508;KY866509;KY866510;KY866511;KY866512;KY866513;KY866514;KY866515;KY866516;KY866517;KY866518;KY866519;KY866520;KY866521;KY866522;KY866523;KY866524;KY866525;KY866526;KY866527;KY866528;KY866529;KY866530;KY866531;KY866532;KY866533;KY866534;KY866535;KY866536;KY866537;KY866538;KY866539;KY866540;KY866541;KY866542;KY866543;KY866544;KY866545;KY866546;KY866547;KY866548;KY866549;KY866550;KY866551;KY866552;KY866553;KY866554;KY866555;KY866556;KY866557;KY866558;KY866559;KY866560;KY866561;KY866562;KY866563;KY866564;KY866565;KY866566;KY866567;KY866568;KY866569;KY866570;KY866571;KY866572;KY866573;KY866574;KY866575;KY866576;KY866577;KY866578;KY866579;KY866580;KY866581;KY866582;KY866583;KY866584;KY866585;KY866586;KY866587;KY866588;KY866589;KY866590;KY866591;KY866592;KY866593;KY866594;KY866595;KY866596;KY866597;KY866598;KY866599;KY866600;KY866601;KY866602;KY866603;KY866604;KY866605;KY866606;KY866607;KY866608;KY866609;KY866610;KY866611;KY866612;KY866613;KY866614;KY866615;KY866616;KY866617;KY866618;KY866619;KY866620;KY866621;KY866622;KY866623;KY866624;KY866625;KY866626;KY866627;KY866628;KY866629;KY866630;KY866631;KY866632;KY866633;KY866634;KY866635;KY866636;KY866637;KY866638;KY866639;KY866640;KY866641;KY866642;KY866643;KY866644;KY866645;KY866646;KY866647;KY866648;KY866649;KY866650;KY866651;KY866652;KY866653;KY866654;KY866655;KY866656;KY866657;KY866658;KY866659;KY866660;KY866661;KY866662;KY866663;KY866664;KY884680;KY884681;KY884682;KY884683;KY884684;KY884685;KY884686;KY884687;KY884688;KY884689;KY884690;KY884691;KY884692;KY884693,926,multiple_exact_matches,unknown,environmental,,,
294,L23848,Poliovirus type 3/Saukett: antigenic and structural correlates of:sequence variation in the capsid proteins :,8116248,accession;pubmed,L23844;L23845;L23846;L23847;L23848,5,multiple_exact_matches,Saukett,Saukett,,,
295,L76412,Genetic diversity and rapid evolution of poliovirus in human hosts:,1318186,accession;pubmed,L76393;L76402;L76403;L76404;L76409;L76412,6,multiple_exact_matches,wild,AFP,,,
296,L76413,Genetic variation in vivo and proposed functional domains of the 5':noncoding region of poliovirus RNA :,1323698,accession;pubmed,L76394;L76405;L76406;L76407;L76408;L76410;L76411;L76413,8,multiple_exact_matches,wild,AFP,,,
297,LC120952,Detection of enteroviruses from healthy children_ Yunnan province_:China_ 2014-2015 :,,accession,LC120952,1,single_exact_match,unknown,healthy,,,
298,LC143376,Surveillance of human enteric viruses isolated from raw sewage and:clinical cases in Toyama Prefecture_ Japan_ from 2006 to 2013 :,,accession,LC143376,1,single_exact_match,vaccineOrigin,healthy;environmental,,,
299,LC201513,Detection of enteroviruses from healthy children_ Yunnan Provine_:2016 (Part 2) :,,accession,LC201513,1,single_exact_match,unknown,healthy,,,
300,M12197,Mapping of sequences required for mouse neurovirulence of:poliovirus type 2 Lansing :,3003384,accession;pubmed,M12197,1,single_exact_match,Lansing,Lansing,,,
301,M14761,The mechanism of RNA recombination in poliovirus:,3021340,accession;pubmed,M14761,1,single_exact_match,,,yes,Lansing fragment,
302,M17494,Poliovirus replication proteins: RNA sequence encoding P3-1b and:the sites of proteolytic processing :,6267593,accession;pubmed,M17494,1,single_exact_match,,,yes,Mahoney clone,
303,M19629,Geographic distribution of wild poliovirus type 1 genotypes:,2821678,accession;pubmed,M19572;M19573;M19574;M19575;M19576;M19577;M19578;M19579;M19580;M19581;M19582;M19583;M19584;M19585;M19586;M19587;M19588;M19589;M19590;M19591;M19592;M19593;M19594;M19595;M19596;M19597;M19598;M19599;M19600;M19601;M19602;M19603;M19604;M19605;M19606;M19607;M19608;M19609;M19610;M19611;M19612;M19613;M19614;M19615;M19616;M19617;M19618;M19619;M19620;M19621;M19622;M19623;M19624;M19625;M19626;M19627;M19628;M19629;M19630;M19631;M19632;M19633,62,multiple_exact_matches,wild,AFP,,,
304,M29183,Mapping and sequencing of RNAs without recourse to molecular :cloning: application to RNAs of the Sabin 1 strain of poliovirus:and its defective interfering particles :,3007445,accession;pubmed,M29182;M29183,2,multiple_exact_matches,,,yes,lab fragment,
305,M37321 M36161 M36162,Nucleotide sequence from neurovirulent and attenuated strains of:type 3 poliovirus :,6330844,pubmed,M37321,1,single_exact_match,,,yes,Sabin 3 clone,
306,NC_002058 NC_001428 NC_014336,Polypyrimidine tract-binding protein stimulates the poliovirus IRES:by modulating eIF4G binding :,20859255,pubmed,NC_002058,1,single_exact_match,,,yes,Mahoney 5' NCR,
307,S65450,Functional and genetic plasticities of the poliovirus genome: :quasi-infectious RNAs modified in the 5'-untranslated region yield:a variety of pseudorevertants :,8396686,accession;pubmed,S65446;S65447;S65449;S65450,4,multiple_exact_matches,,,yes,engineered fragments,
308,V01132 J02284,Location and primary structure of a major antigenic site for:poliovirus neutralization :,6186919,pubmed,V01132,1,single_exact_match,,,yes,Leon segment,
309,V01148,Sequence of 1060 3'-terminal nucleotides of poliovirus RNA as:determined by a modification of the dideoxynucleotide method :,6158042,accession;pubmed,NC_002058;V01148;V01149,3,multiple_exact_matches,,,yes,redundant with more modern entries,
310,V01150 J02282 J02285 J02286 V01133,Carboxy-terminal analysis of poliovirus proteins: termination of:poliovirus RNA translation and location of unique poliovirus :polyprotein cleavage sites :,6283138,pubmed,NC_002058;V01148;V01149;V01150,4,multiple_exact_matches,,,yes,redundant with more modern entries,
311,V01540,Nucleic acid sequence of the region of the genome encoding capsid:protein VP1 of neurovirulent and attenuated type 3 polioviruses :,6311539,accession;pubmed,V01540,1,single_exact_match,,,yes,redundant with more modern entries,
312,X00596,Complete nucleotide sequences of all three poliovirus serotype :genomes. Implication for genetic relationship_ gene function and:antigenic determinants :,6202874,accession;pubmed,X00595;X00596,2,multiple_exact_matches,,,yes,redundant with more modern entries,
313,X00925 K00043,The nucleotide sequence of poliovirus type 3 leon 12 a1b::comparison with poliovirus type 1 :,6310508,pubmed,X00925,1,single_exact_match,,,yes,redundant with more modern entries,
314,X04468,The nucleotide sequence of a type 3 poliovirus isolated during a:recent outbreak of poliomyelitis in Finland :,3020156,accession;pubmed,X04468,1,single_exact_match,wild,AFP,,,
315,X70507,[Probable compact structure of a cis-active translation element in:the 5'-untranslated region of the enterovirus and rhinovirus :genome] :,1328850,accession;pubmed,X70506;X70507,2,multiple_exact_matches,,,yes,fragments,
